signal_id,ehtimollik
SG_000001,0.1696580592276572
SG_000007,0.19277755805985358
SG_000009,0.1418576673371159
SG_000010,0.1269943770238407
SG_000011,0.19340024312685772
SG_000018,0.1719191077965359
SG_000024,0.19242199846634264
SG_000026,0.1534523708736188
SG_000032,0.192160361256186
SG_000033,0.15482227467955514
SG_000034,0.13171112714456212
SG_000036,0.15706935339517775
SG_000039,0.1639624145984579
SG_000048,0.15997414156409312
SG_000049,0.16237491770738016
SG_000050,0.2190921210196664
SG_000053,0.14080618461961145
SG_000054,0.21772590649401763
SG_000055,0.1583680994160085
SG_000058,0.16383477674563876
SG_000059,0.17355675068180507
SG_000061,0.18515922962159853
SG_000062,0.1777210277849675
SG_000072,0.18867338484800183
SG_000073,0.1584291374225677
SG_000075,0.1755736991622291
SG_000080,0.20742609648795235
SG_000081,0.18990658628069562
SG_000083,0.17141719638364522
SG_000086,0.1869883833586562
SG_000087,0.17375293240649597
SG_000092,0.20137158331530677
SG_000099,0.1902835753359479
SG_000100,0.14311569489045498
SG_000105,0.14528895193611266
SG_000106,0.19076601968015633
SG_000107,0.1279568253622293
SG_000118,0.17230483663976023
SG_000120,0.1537306521350251
SG_000125,0.1550976103660204
SG_000129,0.15322338341716935
SG_000137,0.1686318865108882
SG_000146,0.17701172383776376
SG_000147,0.18711463418045152
SG_000149,0.18646865857795825
SG_000153,0.19266960318590307
SG_000161,0.20048750913636812
SG_000163,0.16553780906596013
SG_000165,0.19187093460439159
SG_000173,0.1560376793066636
SG_000178,0.17105258457551858
SG_000179,0.1578590212272064
SG_000187,0.21727739191310733
SG_000192,0.13798352231673963
SG_000193,0.16528538767800674
SG_000195,0.16303268213526015
SG_000196,0.15738415466834826
SG_000201,0.1801243371274934
SG_000203,0.1526325437029542
SG_000205,0.20791415156134416
SG_000207,0.17393522327190938
SG_000211,0.16327844384916054
SG_000214,0.17070998363492787
SG_000217,0.15761828712387896
SG_000218,0.20826588544600794
SG_000219,0.17355639083906685
SG_000227,0.14988061678624878
SG_000229,0.18224159839677848
SG_000232,0.15509192793781373
SG_000240,0.13965151488422997
SG_000242,0.1960904996685771
SG_000244,0.1593497784424401
SG_000246,0.15081568071828996
SG_000250,0.1791250403875345
SG_000253,0.17933027547582106
SG_000262,0.1771052204378564
SG_000269,0.2174362150785374
SG_000270,0.15005693016944155
SG_000271,0.21809580317055147
SG_000284,0.19679936228326372
SG_000286,0.17385823586463975
SG_000287,0.13763931762717235
SG_000290,0.20773097119112838
SG_000291,0.1573331238720212
SG_000301,0.1763198922434537
SG_000302,0.19515874419412835
SG_000304,0.13830150813567085
SG_000306,0.15901684187941187
SG_000309,0.19023438334524237
SG_000314,0.20383534094726424
SG_000319,0.23183548345407284
SG_000320,0.15748027540654227
SG_000321,0.1603752561641801
SG_000325,0.19246884203422224
SG_000328,0.16622765198181375
SG_000329,0.1510900599008382
SG_000333,0.17622436978426367
SG_000334,0.2029409750741719
SG_000335,0.1605737321116118
SG_000339,0.15328793766741092
SG_000341,0.17205542079010122
SG_000345,0.19275517930400135
SG_000347,0.15932849849355504
SG_000349,0.18917102663113583
SG_000350,0.2161011957016603
SG_000351,0.1276135351236541
SG_000357,0.1682432749887205
SG_000360,0.20355862036330902
SG_000366,0.18509172265267665
SG_000368,0.18171804662296437
SG_000370,0.17309258281421364
SG_000378,0.15696623725469022
SG_000386,0.17480339502029124
SG_000394,0.14974956954889906
SG_000395,0.12183538483013587
SG_000397,0.19535739908275065
SG_000398,0.18031839729532226
SG_000401,0.19290387769091347
SG_000402,0.17611073326204085
SG_000414,0.2086095481850423
SG_000415,0.13474578793371425
SG_000419,0.1787643081761531
SG_000420,0.18225729518135564
SG_000422,0.23192588484821383
SG_000425,0.1467005613806633
SG_000430,0.12365501045006735
SG_000431,0.13470780413559405
SG_000435,0.15179987215801988
SG_000436,0.20033631466387902
SG_000440,0.15886905345996555
SG_000444,0.13491565175564202
SG_000450,0.17731032185107676
SG_000452,0.16998481391389827
SG_000454,0.14861622918232173
SG_000460,0.17900344000224327
SG_000462,0.14792767914294253
SG_000471,0.14138967894538396
SG_000474,0.17244864920751699
SG_000475,0.18797281482503791
SG_000476,0.14839396080048778
SG_000480,0.16456480019887548
SG_000482,0.20382052863742883
SG_000484,0.19619157632703424
SG_000487,0.20034553775576436
SG_000488,0.19718128671678495
SG_000494,0.17157113355217232
SG_000496,0.16491947976033852
SG_000497,0.12857342369366526
SG_000498,0.16287168980592917
SG_000501,0.1700690700721343
SG_000506,0.14449588196646193
SG_000511,0.17112554357611395
SG_000513,0.14694823545522379
SG_000524,0.15108496068060992
SG_000526,0.2010926200435963
SG_000527,0.14831010234541567
SG_000530,0.17085690926225006
SG_000535,0.16534778332118688
SG_000536,0.1655482674581415
SG_000551,0.1439897424310706
SG_000561,0.21547918582600004
SG_000563,0.2516306450845217
SG_000567,0.20627135117832823
SG_000572,0.18366669118935613
SG_000580,0.1466944656524624
SG_000583,0.1831490186248511
SG_000585,0.208904130198254
SG_000588,0.17799022218387825
SG_000591,0.1836455335926918
SG_000593,0.1670710337351012
SG_000594,0.16288414057589654
SG_000598,0.13396576139260702
SG_000603,0.1522128742376116
SG_000610,0.14951406393687802
SG_000614,0.16985327272611714
SG_000615,0.17473610921493893
SG_000616,0.13222691257775254
SG_000617,0.15065915451264417
SG_000619,0.1907596055463761
SG_000621,0.20888570279373822
SG_000629,0.19623621219158097
SG_000633,0.16212408638856857
SG_000634,0.18301005868308423
SG_000638,0.17216609283156672
SG_000640,0.14423456535053808
SG_000643,0.188783657754646
SG_000646,0.21412783578860464
SG_000648,0.18608656988983885
SG_000657,0.13991444568376996
SG_000662,0.1636030839535285
SG_000665,0.1494991508443553
SG_000666,0.17887086917602552
SG_000672,0.19432939839897906
SG_000674,0.1753351568077189
SG_000677,0.139883761048384
SG_000678,0.1866852797283461
SG_000679,0.12536118347944591
SG_000691,0.1503927529781211
SG_000692,0.18019267884962356
SG_000693,0.1753669084000419
SG_000695,0.194605813490183
SG_000696,0.16540073612809103
SG_000698,0.14914121518046428
SG_000706,0.15508799015866084
SG_000709,0.15372111403103944
SG_000713,0.1753960527472337
SG_000716,0.19628251791395818
SG_000717,0.1568123268471071
SG_000719,0.18570600273466292
SG_000722,0.1858145991507814
SG_000727,0.16328222706756687
SG_000734,0.204936787416853
SG_000737,0.13960380046297116
SG_000739,0.1628852215461766
SG_000742,0.1861403379137513
SG_000743,0.16658178787737865
SG_000750,0.16073536937844268
SG_000751,0.19924558114122565
SG_000759,0.1948777338194656
SG_000762,0.16829535421523595
SG_000764,0.18283594591050115
SG_000768,0.15211584489041435
SG_000769,0.1843761263867655
SG_000770,0.1678354603052082
SG_000788,0.18985698483360852
SG_000790,0.1577846274571925
SG_000797,0.1519112593087731
SG_000798,0.1555202814126897
SG_000799,0.19012629263424555
SG_000802,0.2145962885508915
SG_000803,0.23522883469930855
SG_000809,0.1379641250975448
SG_000811,0.12488340328833188
SG_000812,0.1834784508291003
SG_000816,0.18009424383248565
SG_000817,0.16074012211888905
SG_000820,0.13507774702188538
SG_000821,0.15583510640161474
SG_000826,0.19604444505877297
SG_000840,0.1833420270643571
SG_000849,0.18247006444126845
SG_000851,0.16706951505777873
SG_000856,0.13740594268953474
SG_000857,0.15383132044213793
SG_000864,0.11787020096751663
SG_000865,0.16077287009466432
SG_000875,0.18079474590050326
SG_000883,0.1633765194394939
SG_000888,0.20405438031846024
SG_000889,0.18048530433769996
SG_000890,0.18898501636236614
SG_000891,0.1770027278346927
SG_000903,0.19090565005082888
SG_000907,0.15418687305047046
SG_000909,0.14373222783026635
SG_000910,0.20078795347118344
SG_000911,0.1709681392278482
SG_000912,0.17109406445724487
SG_000913,0.15868564855830145
SG_000917,0.17093979496384779
SG_000920,0.17145701830139734
SG_000928,0.13326733971525584
SG_000934,0.12762362785637033
SG_000935,0.19012856573461573
SG_000938,0.17555453837163942
SG_000940,0.15589503884394112
SG_000943,0.18018786869935283
SG_000945,0.1634232499179411
SG_000946,0.18128507984546047
SG_000948,0.19817329009071816
SG_000950,0.1362214418509042
SG_000954,0.15350396965877144
SG_000959,0.1959289711246678
SG_000963,0.1660753247444258
SG_000965,0.1657705636750059
SG_000968,0.19637434102955215
SG_000970,0.17080314209984754
SG_000973,0.15137534706870892
SG_000975,0.15222235048469762
SG_000977,0.1446440892385504
SG_000980,0.17708026153651168
SG_000981,0.17156170943579735
SG_000985,0.16568548629039287
SG_000987,0.19332688014792418
SG_000988,0.17160043628477312
SG_000990,0.16697675073715956
SG_000991,0.1877458618213877
SG_001002,0.1760503171396302
SG_001004,0.20693329499938756
SG_001009,0.17962626921562436
SG_001010,0.16853215468577126
SG_001014,0.18310705992635523
SG_001023,0.1924393432190788
SG_001027,0.1331538359269123
SG_001028,0.17760136794247017
SG_001030,0.16787239775729118
SG_001031,0.20967482646528518
SG_001032,0.1943437990363371
SG_001042,0.17021874951511026
SG_001048,0.20787636451091052
SG_001049,0.13968582913282454
SG_001052,0.1443057428421719
SG_001058,0.1708748435741975
SG_001060,0.1330070110784685
SG_001066,0.17901423971003955
SG_001067,0.16466271129582233
SG_001070,0.1663237337097028
SG_001071,0.15259189455608535
SG_001075,0.11241663552681506
SG_001076,0.1665614938942447
SG_001078,0.17437076322123474
SG_001081,0.18109057251086494
SG_001085,0.14358504286139925
SG_001086,0.17116901762429407
SG_001100,0.15646332259967557
SG_001101,0.14158626802509172
SG_001102,0.21826323029511868
SG_001106,0.15044777103813434
SG_001107,0.1173300064587183
SG_001108,0.17147728479630325
SG_001109,0.18766488920257984
SG_001111,0.20124847294282028
SG_001117,0.20967099952052531
SG_001121,0.145285683226134
SG_001123,0.19256312662479685
SG_001125,0.19094957579602398
SG_001126,0.21068545702114488
SG_001128,0.1578820858757891
SG_001133,0.1577660969638384
SG_001135,0.17897548197865326
SG_001143,0.2383332433919015
SG_001153,0.1310284570883221
SG_001155,0.16911309744891093
SG_001157,0.17628852607993312
SG_001159,0.16970675412649375
SG_001161,0.20458965700449722
SG_001163,0.23263027702738975
SG_001167,0.19814841004627626
SG_001180,0.14741838816829017
SG_001181,0.2041412933490117
SG_001182,0.1564699290894417
SG_001184,0.1847710187005748
SG_001188,0.14780470294470816
SG_001190,0.18199076076059878
SG_001192,0.18675439647382971
SG_001196,0.2078515994143232
SG_001201,0.17649644109906126
SG_001202,0.11988735463582709
SG_001203,0.17832859647055208
SG_001205,0.1695562210303338
SG_001208,0.18234683416167735
SG_001210,0.1728503859487045
SG_001211,0.16748079226365462
SG_001213,0.2061415940830043
SG_001215,0.16422160650963033
SG_001217,0.19345857613859646
SG_001225,0.20412893611640942
SG_001226,0.18892277120566378
SG_001229,0.17987120075384513
SG_001230,0.16253237081872796
SG_001236,0.1599005311001233
SG_001237,0.11530742333836912
SG_001243,0.19487851529756034
SG_001245,0.15122010383608409
SG_001248,0.10216485540625941
SG_001252,0.14574936385544324
SG_001255,0.22524251780805052
SG_001257,0.1823798430044907
SG_001262,0.16456375424776262
SG_001264,0.15819052406675688
SG_001267,0.14160816559325187
SG_001279,0.09933756779155634
SG_001285,0.17241750211593287
SG_001287,0.1476080808929478
SG_001293,0.18343861969857134
SG_001296,0.19282655136850352
SG_001298,0.17377234681471238
SG_001303,0.15317805989296016
SG_001305,0.1274685852248164
SG_001306,0.15306111487810317
SG_001309,0.16417775480036892
SG_001312,0.15978738530843611
SG_001313,0.1625577752360056
SG_001314,0.1457219384038403
SG_001316,0.16041677253528316
SG_001318,0.15157842990434675
SG_001319,0.17748238200619315
SG_001321,0.1971400439647087
SG_001322,0.2024692524626205
SG_001327,0.17190245231100568
SG_001331,0.15120780561400632
SG_001335,0.15924466238593624
SG_001336,0.15866704777029145
SG_001349,0.1894679318449882
SG_001350,0.17806711449415258
SG_001352,0.18759318939308628
SG_001354,0.15470566499712365
SG_001361,0.14792427456348925
SG_001362,0.20229238368236055
SG_001364,0.1625422143632176
SG_001374,0.1795885197266647
SG_001389,0.16083786023036092
SG_001390,0.11849805155920161
SG_001395,0.2007625459579796
SG_001397,0.16591952570615523
SG_001401,0.16795221558084814
SG_001402,0.17638832175755548
SG_001405,0.15640995825184859
SG_001412,0.20207708823791623
SG_001415,0.18498412773807896
SG_001419,0.1567942419477603
SG_001421,0.1791760803412966
SG_001423,0.17202533644901113
SG_001432,0.17169913247926064
SG_001433,0.13797564288699732
SG_001441,0.2048609951756974
SG_001446,0.1959977289801771
SG_001447,0.14499360979268752
SG_001448,0.1404757126993056
SG_001453,0.1070805003438281
SG_001458,0.17373252302318118
SG_001465,0.16323647418019432
SG_001469,0.20478718064527346
SG_001470,0.20060410730926664
SG_001472,0.17213769743887689
SG_001476,0.17950669645152104
SG_001478,0.20472112382497404
SG_001480,0.2081625390914846
SG_001484,0.1461636614079518
SG_001487,0.203827700244842
SG_001493,0.17437192073342872
SG_001494,0.17894322758584075
SG_001500,0.16804517033077548
SG_001505,0.18014528499146315
SG_001506,0.15143970652867858
SG_001510,0.14174039388308288
SG_001514,0.1848335899440507
SG_001520,0.15372826725747793
SG_001525,0.2217884711519104
SG_001527,0.1664459377842798
SG_001528,0.15314791060526772
SG_001529,0.1391066246586447
SG_001531,0.1884996615674857
SG_001541,0.1667485684188632
SG_001542,0.162281023752123
SG_001543,0.18001927322088523
SG_001545,0.16812144394117895
SG_001549,0.19443326579036924
SG_001557,0.0874533503306302
SG_001558,0.20664104804309896
SG_001561,0.18488844356897155
SG_001562,0.1473649675861261
SG_001563,0.19063038513097558
SG_001567,0.17458060736695408
SG_001568,0.17635957416973036
SG_001569,0.14499283911527963
SG_001570,0.16213175197207802
SG_001571,0.16158428434813443
SG_001572,0.19573894212806148
SG_001573,0.14759413067104069
SG_001576,0.2037960096609694
SG_001584,0.1769343925095585
SG_001590,0.15087489951281344
SG_001591,0.12027029375815576
SG_001592,0.16675566464853805
SG_001595,0.12972098445369395
SG_001601,0.18103139427054385
SG_001604,0.19479959178730138
SG_001609,0.1787817003162004
SG_001610,0.18050648073585118
SG_001612,0.14299200591578795
SG_001613,0.18695791196810904
SG_001615,0.15838105227586033
SG_001623,0.14489816862496468
SG_001624,0.15614507298182087
SG_001631,0.16725167417836415
SG_001634,0.17409176203248472
SG_001636,0.21874073545970166
SG_001638,0.1676163145036938
SG_001647,0.19380244649899156
SG_001650,0.1762473952365367
SG_001653,0.19181497540428755
SG_001654,0.22273330776974815
SG_001658,0.21272778855225144
SG_001663,0.18480418045711347
SG_001667,0.18839481203230873
SG_001668,0.15651220411817807
SG_001670,0.17505133310246968
SG_001683,0.15199830826319516
SG_001686,0.18868872854546218
SG_001688,0.1796220287112255
SG_001689,0.15102404225490565
SG_001698,0.18118610176057923
SG_001704,0.19166124093527787
SG_001711,0.18773810357758364
SG_001719,0.13245189592920958
SG_001720,0.13608933886089805
SG_001723,0.21345450142071032
SG_001726,0.18360714762573854
SG_001728,0.1790007919787649
SG_001731,0.16602233846336353
SG_001733,0.19863740426271784
SG_001734,0.14712702223966975
SG_001735,0.22052877814341323
SG_001737,0.2098809088123114
SG_001738,0.1791769088031206
SG_001739,0.18119873734379882
SG_001740,0.1805581078196976
SG_001744,0.17843941224338475
SG_001745,0.16673363508496797
SG_001750,0.1657818343179056
SG_001751,0.16503317756268984
SG_001761,0.18368369042484417
SG_001767,0.1412070905391989
SG_001768,0.19280762952560146
SG_001769,0.18232655789959817
SG_001776,0.21818371207016085
SG_001786,0.062263186432959486
SG_001788,0.1815926388553925
SG_001789,0.16946748697566397
SG_001790,0.14288014611362473
SG_001791,0.19931099006094735
SG_001792,0.23319455906437242
SG_001793,0.16912227866142052
SG_001796,0.16993025945187654
SG_001797,0.17508543494905737
SG_001803,0.14659775880427403
SG_001804,0.15215580774798818
SG_001806,0.1514165718958092
SG_001811,0.1584436328238159
SG_001815,0.18346699178388468
SG_001819,0.14205295067090873
SG_001824,0.15450045809902022
SG_001825,0.2074143201088876
SG_001827,0.13558147447800045
SG_001830,0.16444164386937848
SG_001831,0.11851771638794248
SG_001833,0.19767496220897932
SG_001836,0.15416573965286035
SG_001844,0.1849545976980315
SG_001846,0.18041066148731502
SG_001847,0.17579138250487955
SG_001848,0.23866784766497248
SG_001849,0.1933440697204797
SG_001851,0.13947027596604258
SG_001858,0.1659283876115414
SG_001860,0.14965447585225963
SG_001862,0.17724029428337615
SG_001864,0.16584583889404741
SG_001865,0.1579471389721783
SG_001867,0.1394826146224271
SG_001872,0.11377420430764537
SG_001876,0.17541753924123177
SG_001877,0.17820697520094614
SG_001883,0.17330839071740028
SG_001884,0.18725015110684057
SG_001885,0.18633626478382712
SG_001886,0.1938584267041559
SG_001888,0.1620785720092713
SG_001890,0.20491954652874161
SG_001892,0.18296994679483722
SG_001893,0.20583888927828226
SG_001894,0.19190288853601623
SG_001895,0.1794118236062086
SG_001897,0.18204501538692952
SG_001901,0.18338325618946677
SG_001903,0.2035922068209283
SG_001904,0.1605180703985633
SG_001906,0.15575808732057425
SG_001909,0.18061955220181308
SG_001912,0.168178906285688
SG_001914,0.15787816563863885
SG_001915,0.15172961646412145
SG_001919,0.20643235265438692
SG_001924,0.18453797945899258
SG_001925,0.1395546599397788
SG_001928,0.15675776721134976
SG_001930,0.16738781411183162
SG_001932,0.16478327146903954
SG_001933,0.16482502176303254
SG_001934,0.13453852982862127
SG_001936,0.17670440897449832
SG_001947,0.15056055623165748
SG_001953,0.190827664775602
SG_001954,0.1791867005932849
SG_001955,0.20923852649426436
SG_001963,0.18016137207256797
SG_001971,0.22104579256020446
SG_001975,0.1780008324126306
SG_001976,0.20569632572485777
SG_001977,0.19888285292101007
SG_001980,0.15197293884652252
SG_001981,0.1734642394380424
SG_001982,0.16531182724734875
SG_001990,0.17984243226720203
SG_001999,0.17601139806131078
SG_002000,0.17389091972880527
SG_002002,0.20330618772708603
SG_002004,0.15358780747723316
SG_002008,0.1767601653792415
SG_002009,0.1762757776933932
SG_002016,0.17813152631494458
SG_002021,0.19331003010569522
SG_002024,0.1858413474729697
SG_002027,0.18116636068085956
SG_002037,0.20531749172024036
SG_002038,0.1917251320673989
SG_002039,0.18352462595337818
SG_002044,0.18760162452750945
SG_002045,0.1424513547220728
SG_002048,0.1233913022582844
SG_002050,0.16112776148709185
SG_002052,0.1710165922121824
SG_002063,0.16810325168834409
SG_002067,0.19029393848675896
SG_002068,0.14950828844413358
SG_002069,0.15218616292835557
SG_002074,0.16513800880405477
SG_002075,0.1777013239196421
SG_002078,0.14511578547154969
SG_002081,0.16432243738557092
SG_002090,0.1683529768221525
SG_002097,0.17138275773792666
SG_002103,0.1798879390521287
SG_002105,0.18389155846851207
SG_002110,0.15171094283132924
SG_002122,0.14937357895831557
SG_002123,0.12459635521660699
SG_002125,0.20377815223590168
SG_002129,0.18690930428899394
SG_002131,0.18678772264749607
SG_002137,0.20480587376225823
SG_002142,0.2120514371614693
SG_002150,0.15006832930518935
SG_002151,0.1800693488730254
SG_002152,0.1961381338351824
SG_002166,0.15781912547635102
SG_002171,0.17400843980261502
SG_002172,0.16380032229292815
SG_002176,0.15039342228477615
SG_002177,0.16215198283355364
SG_002181,0.2331892108413458
SG_002184,0.17657186669553848
SG_002185,0.2068514705069373
SG_002186,0.1394254127623791
SG_002191,0.15045022041406725
SG_002192,0.16573689958971743
SG_002194,0.15514168412620394
SG_002200,0.19329797023431108
SG_002209,0.17535560426772356
SG_002213,0.1474752222847559
SG_002220,0.21017283860711905
SG_002223,0.1763790295749453
SG_002227,0.14043833228709984
SG_002228,0.15984014479467742
SG_002233,0.15798606173240345
SG_002241,0.17983609463136455
SG_002248,0.19503102351403118
SG_002251,0.17316526953450817
SG_002252,0.1862777930351691
SG_002254,0.18094952019214872
SG_002255,0.187181423965659
SG_002260,0.18441622046759448
SG_002262,0.15415222822615898
SG_002263,0.12422692345548789
SG_002266,0.1611102316889139
SG_002270,0.11108039152217475
SG_002277,0.17010945800779992
SG_002278,0.11882731972775443
SG_002280,0.16012812905034077
SG_002281,0.13908514066260386
SG_002283,0.18208860404822516
SG_002284,0.20308531397396262
SG_002286,0.14960659974456086
SG_002288,0.16090563652069917
SG_002291,0.172563802523033
SG_002292,0.162758117030875
SG_002294,0.18250935872327295
SG_002296,0.17088425618775904
SG_002298,0.16602154025111332
SG_002301,0.1642243192792815
SG_002304,0.18209370647627265
SG_002311,0.20295037310182334
SG_002319,0.18525984669879816
SG_002320,0.1564018060238769
SG_002322,0.18341008526529162
SG_002324,0.15400510069025
SG_002328,0.19867565863212772
SG_002332,0.1645912348800009
SG_002341,0.20888312913900292
SG_002346,0.20056698598694692
SG_002347,0.14812281586360948
SG_002352,0.194145478767162
SG_002357,0.2517341185013567
SG_002361,0.1499110935848508
SG_002370,0.13371270599698873
SG_002371,0.15866387063189005
SG_002372,0.15572048414904355
SG_002373,0.13144399445022598
SG_002374,0.13957606619866633
SG_002375,0.17002145971357496
SG_002381,0.17655309934101016
SG_002385,0.1074484576197188
SG_002387,0.1787414926389706
SG_002390,0.22058328251818934
SG_002391,0.16249336482543691
SG_002392,0.16014584909209395
SG_002394,0.19488862568991086
SG_002396,0.15119596209583003
SG_002401,0.20753849691169246
SG_002402,0.17119554458485436
SG_002404,0.20680874600400187
SG_002407,0.17376162745064608
SG_002410,0.22401845926043626
SG_002419,0.20248803034193452
SG_002421,0.17523106616958092
SG_002422,0.1723505061458273
SG_002423,0.21790762064835073
SG_002429,0.1557112452802149
SG_002430,0.17032696017297005
SG_002434,0.1747834889170073
SG_002437,0.1936406734440603
SG_002442,0.19934853385834198
SG_002444,0.12401476126909436
SG_002447,0.17144530765507143
SG_002448,0.13832085484613066
SG_002450,0.2168413993392762
SG_002453,0.14103301406961954
SG_002454,0.2168688507397855
SG_002455,0.18245434901612143
SG_002456,0.15242104402934048
SG_002458,0.16561912613110583
SG_002459,0.14407131518624924
SG_002460,0.155222912430343
SG_002462,0.1290238153058089
SG_002464,0.16703839649721486
SG_002466,0.21721850928343028
SG_002475,0.19268532239826347
SG_002477,0.1869854704357443
SG_002479,0.1608909964984015
SG_002482,0.16712038025476283
SG_002483,0.1920112222694475
SG_002486,0.1709837430058579
SG_002490,0.18942168857532327
SG_002493,0.14920483283087055
SG_002495,0.16928068644710942
SG_002498,0.1387829651092169
SG_002500,0.15908239503123353
SG_002502,0.17463281171459838
SG_002507,0.14898074612231244
SG_002509,0.17184289162116154
SG_002517,0.16173578722929755
SG_002520,0.15305405374364234
SG_002522,0.15632261099962147
SG_002526,0.18324058264790058
SG_002529,0.14269036565064508
SG_002532,0.13981903018187705
SG_002539,0.1652780608691305
SG_002541,0.1506302285653455
SG_002544,0.1642465912219291
SG_002545,0.18361967336695859
SG_002546,0.16003982216412777
SG_002548,0.1682663088440736
SG_002555,0.20398003887695887
SG_002559,0.16511535712147118
SG_002568,0.12066819767210066
SG_002572,0.1920900478227246
SG_002573,0.13422853818613287
SG_002577,0.17335918256711338
SG_002580,0.16582786384721918
SG_002583,0.18462486141489662
SG_002586,0.1402152582811779
SG_002587,0.2274342306138407
SG_002588,0.1689869069362147
SG_002594,0.13502951834958402
SG_002596,0.14950454175407613
SG_002597,0.15173390173885754
SG_002599,0.1765584572805204
SG_002600,0.1612546213624889
SG_002601,0.16211263819199692
SG_002605,0.1749134304051386
SG_002613,0.18084747382011818
SG_002615,0.15854564653268063
SG_002618,0.22018433020643516
SG_002622,0.1421618034728135
SG_002627,0.18151761047392542
SG_002628,0.15142400492242944
SG_002630,0.15661772596663778
SG_002633,0.16300603460614774
SG_002638,0.14948938606848278
SG_002649,0.1898125299706839
SG_002650,0.16964566136081322
SG_002652,0.18944744076235404
SG_002653,0.17308063457508543
SG_002654,0.16890882559794837
SG_002657,0.1933832490824593
SG_002664,0.1635703316544903
SG_002665,0.1691601211135228
SG_002666,0.15819525295508657
SG_002667,0.1869279638282458
SG_002672,0.15992935014617277
SG_002673,0.20649644222420016
SG_002674,0.1769567279898079
SG_002675,0.15373640933438812
SG_002680,0.2151224736379259
SG_002684,0.18952416783970802
SG_002688,0.20787275981373465
SG_002689,0.1717834756107479
SG_002691,0.13492094795212167
SG_002693,0.18680236615276916
SG_002699,0.16146361434257805
SG_002701,0.19284441782585438
SG_002705,0.19201596349546854
SG_002720,0.14645401064939706
SG_002731,0.16631621432022525
SG_002733,0.1585654020132798
SG_002735,0.1504854296552453
SG_002736,0.22399773721222047
SG_002738,0.15428265377786038
SG_002742,0.1677509153578753
SG_002746,0.12358738997641368
SG_002748,0.15003288517084154
SG_002752,0.16748198146292353
SG_002755,0.145413552638983
SG_002757,0.16997723167780626
SG_002759,0.18565324460424099
SG_002767,0.16666144152465154
SG_002770,0.18135451163872357
SG_002773,0.17246591983170453
SG_002777,0.20367890959429946
SG_002782,0.13653432859848946
SG_002783,0.18691145293486638
SG_002785,0.17262421504105124
SG_002788,0.21215663018688186
SG_002789,0.18220252022091454
SG_002793,0.17234188461777247
SG_002796,0.17458009064322955
SG_002798,0.151915589828772
SG_002809,0.16276094880950148
SG_002814,0.171744203314571
SG_002820,0.1832886291082308
SG_002825,0.17602281881713575
SG_002827,0.21360626362462282
SG_002829,0.16199229054466305
SG_002832,0.180700391305994
SG_002834,0.1348552147956934
SG_002840,0.17371672010754544
SG_002842,0.1736725925791111
SG_002843,0.15258891620584145
SG_002849,0.1934760682930216
SG_002850,0.13970196069925941
SG_002853,0.1587121398161354
SG_002875,0.18374050710752368
SG_002882,0.17073647010466045
SG_002887,0.192501582750988
SG_002891,0.19243126894431317
SG_002896,0.1448620034387595
SG_002904,0.17660937323389594
SG_002906,0.18760607099380716
SG_002907,0.17229812348139437
SG_002910,0.17341204869494545
SG_002918,0.14799012563056393
SG_002926,0.14547817752925532
SG_002930,0.1629725961741336
SG_002932,0.1362242812680328
SG_002937,0.18809076557085777
SG_002939,0.1693314361595119
SG_002943,0.16859801203095337
SG_002944,0.15974898910128715
SG_002947,0.17366809226346053
SG_002949,0.15171749368690435
SG_002950,0.14213897201314038
SG_002952,0.16691130601115592
SG_002954,0.21127628557307343
SG_002955,0.18447783191638453
SG_002958,0.18304936354310633
SG_002960,0.18263785686718198
SG_002964,0.20105569102725385
SG_002967,0.18187939790226443
SG_002972,0.23872352321504747
SG_002982,0.2303456512458834
SG_002985,0.2148079831491323
SG_002989,0.20090587023777945
SG_002999,0.14772571687190408
SG_003002,0.17404313613004713
SG_003008,0.17529788784906386
SG_003023,0.13929112719586578
SG_003024,0.15261721587025864
SG_003026,0.1804299102017833
SG_003028,0.18769838337999697
SG_003030,0.1522440908368813
SG_003031,0.17722239073687568
SG_003037,0.13308438293975186
SG_003042,0.12627187536781248
SG_003043,0.13179862058515884
SG_003044,0.19883181090274804
SG_003045,0.13835600376185925
SG_003048,0.16096181368027696
SG_003049,0.15708250501426937
SG_003051,0.15996223743975108
SG_003052,0.15160040852939347
SG_003059,0.19630189292051195
SG_003062,0.1490277812311242
SG_003065,0.16441934047409298
SG_003067,0.13693408915806576
SG_003071,0.1581898203206317
SG_003072,0.18308047649917208
SG_003073,0.15787497194334557
SG_003075,0.17385816267067583
SG_003080,0.18874999972559423
SG_003082,0.17028487922599372
SG_003084,0.17397730069312206
SG_003085,0.15765793833305525
SG_003088,0.20378234686666552
SG_003089,0.165696005213091
SG_003096,0.1597503416665645
SG_003097,0.19019394390567318
SG_003102,0.14490796148664845
SG_003105,0.19458017087682544
SG_003107,0.12114928494956168
SG_003111,0.1589507449284237
SG_003116,0.17103831176813686
SG_003118,0.19326595325326096
SG_003125,0.14087481803685684
SG_003127,0.18818943797979173
SG_003133,0.19112464646356794
SG_003135,0.2605563911402131
SG_003137,0.16719942954254746
SG_003138,0.15598112913949816
SG_003139,0.20108656907897582
SG_003141,0.1866593580666976
SG_003144,0.19780542588675998
SG_003151,0.18551871695599537
SG_003154,0.18366061095309766
SG_003158,0.16715943823793938
SG_003160,0.16936225548683176
SG_003164,0.19427744383798862
SG_003168,0.15233136516453094
SG_003169,0.17702131819488381
SG_003174,0.13064960192670888
SG_003179,0.17470858670542397
SG_003184,0.17975910361430494
SG_003186,0.15532354945293209
SG_003193,0.1416704278973893
SG_003196,0.14727444445810395
SG_003198,0.18823187448054704
SG_003201,0.1792551334397311
SG_003204,0.16969143057184852
SG_003205,0.1820503709163635
SG_003206,0.1538694682216438
SG_003211,0.18740071847621204
SG_003214,0.16456746197302538
SG_003215,0.1540343750033951
SG_003216,0.15815108243024126
SG_003217,0.1621357031600686
SG_003219,0.15777032720382927
SG_003226,0.19363415398579198
SG_003227,0.16121009721534096
SG_003230,0.1779768861441203
SG_003231,0.18326866713167772
SG_003232,0.20197047495971435
SG_003234,0.15452184989725176
SG_003239,0.18270002176209385
SG_003241,0.22238586901147253
SG_003243,0.17045974935005365
SG_003250,0.18477049395350698
SG_003253,0.1734538802234815
SG_003256,0.13349418846219033
SG_003259,0.167773896566457
SG_003266,0.19573722678676247
SG_003272,0.17823923072026912
SG_003273,0.1819134483271546
SG_003281,0.15360363113514156
SG_003284,0.16083512135146483
SG_003288,0.15560621057527116
SG_003293,0.16532648681563838
SG_003294,0.18918106240573596
SG_003295,0.1831867555558226
SG_003296,0.13756789674239872
SG_003301,0.1660335075488434
SG_003304,0.15691628433152385
SG_003305,0.2137836670469921
SG_003307,0.1774046072912186
SG_003310,0.19220073780917862
SG_003314,0.18643816245871353
SG_003321,0.1468476578836139
SG_003325,0.16065651044537405
SG_003328,0.16518633044343645
SG_003331,0.19930782361020427
SG_003332,0.19811517243628884
SG_003333,0.2345357918756787
SG_003340,0.17958299297118888
SG_003341,0.19633931562595935
SG_003342,0.16869950153107413
SG_003349,0.18947525926549763
SG_003355,0.20163926058936293
SG_003357,0.20538059825488136
SG_003361,0.13490684303574135
SG_003370,0.23931132690430887
SG_003371,0.17195748942836825
SG_003373,0.17523945603436947
SG_003374,0.1741447886460731
SG_003379,0.18654711177758168
SG_003388,0.1617933050121884
SG_003389,0.1832655140032847
SG_003390,0.1371635993152983
SG_003391,0.18887491788007016
SG_003392,0.16104513800485315
SG_003393,0.21448149254942
SG_003397,0.13717034219345314
SG_003398,0.14022920433348912
SG_003399,0.20461192881797086
SG_003402,0.14234851365666218
SG_003404,0.19293394199278882
SG_003407,0.18005730023975658
SG_003408,0.1591940580290223
SG_003422,0.13115590428135968
SG_003426,0.16917854358457887
SG_003430,0.14643860159566416
SG_003434,0.16838619298363894
SG_003437,0.1760617565715997
SG_003439,0.1636649303984274
SG_003440,0.1617724883278888
SG_003441,0.11447330047079034
SG_003444,0.18980139396224405
SG_003447,0.1881906067917866
SG_003452,0.16507721180368481
SG_003453,0.21687630669348507
SG_003464,0.1963254270123156
SG_003469,0.17220247650229348
SG_003475,0.16870182247619528
SG_003477,0.1832376683915068
SG_003479,0.19064693458848034
SG_003480,0.15829748360264656
SG_003482,0.1887139584234136
SG_003483,0.18806308652391487
SG_003485,0.15644351098796389
SG_003486,0.18952768990336605
SG_003489,0.11258465554878946
SG_003491,0.1632624368700119
SG_003492,0.18353795365485304
SG_003493,0.14586191457976
SG_003501,0.19199151494152963
SG_003505,0.18942049020943003
SG_003509,0.19126808964414158
SG_003517,0.15193127302520426
SG_003521,0.16755066551546477
SG_003526,0.13570361181323495
SG_003528,0.1468057833090229
SG_003532,0.14563305458817807
SG_003535,0.1434588527974307
SG_003538,0.13097680602789147
SG_003541,0.15291801166682167
SG_003545,0.223402219122474
SG_003548,0.15675616183586394
SG_003549,0.1842445947970427
SG_003554,0.15282740079723037
SG_003557,0.18721627514257821
SG_003566,0.19430575089063293
SG_003568,0.17013485146746826
SG_003572,0.15676751887579485
SG_003575,0.18446009811737105
SG_003578,0.16582359141104583
SG_003584,0.1931613630599441
SG_003585,0.1618352241303288
SG_003588,0.17420449733489968
SG_003589,0.14838116475996105
SG_003594,0.14683643187919393
SG_003597,0.17954871482386678
SG_003598,0.156044995812713
SG_003601,0.192768427496442
SG_003603,0.20378495889991033
SG_003610,0.17280520814021777
SG_003611,0.1497657383545444
SG_003613,0.19266888333327833
SG_003618,0.13548102790720107
SG_003619,0.17086696193079173
SG_003620,0.1482956808855936
SG_003625,0.16558040185180795
SG_003627,0.1714989298736871
SG_003628,0.18443787667941125
SG_003629,0.13837501233680446
SG_003637,0.214409741251974
SG_003648,0.1036077479713576
SG_003650,0.18252742562049143
SG_003666,0.17747006587308153
SG_003668,0.19002269216095222
SG_003670,0.15253750038162595
SG_003671,0.127163164549787
SG_003689,0.18417222062793462
SG_003691,0.14918310681730013
SG_003699,0.19954448230460525
SG_003702,0.14581966294232165
SG_003704,0.15986339174825875
SG_003705,0.2074497234073545
SG_003706,0.18413432025712853
SG_003708,0.15633860623555232
SG_003710,0.134831085153521
SG_003711,0.1404944581590874
SG_003714,0.16728768605061323
SG_003715,0.18170765748623316
SG_003722,0.19035766609271842
SG_003745,0.1860477332656009
SG_003746,0.14553034073116022
SG_003751,0.16752460191686175
SG_003754,0.18132389744655134
SG_003757,0.14973367564142115
SG_003758,0.17519684394522778
SG_003765,0.11922804030590939
SG_003767,0.14575315527180957
SG_003768,0.1345984286593922
SG_003769,0.13759140609780818
SG_003777,0.17933709321484298
SG_003783,0.13679639613329483
SG_003786,0.16605034237521377
SG_003787,0.1641619591241104
SG_003788,0.14610120444610367
SG_003792,0.17219288664599694
SG_003795,0.16016109002873752
SG_003806,0.18430709474542434
SG_003807,0.18825734411528666
SG_003809,0.17590404880540392
SG_003810,0.16594167910531668
SG_003812,0.182791933825208
SG_003820,0.18657806922108852
SG_003822,0.19575798893073376
SG_003829,0.18753605487120922
SG_003835,0.1358317668453275
SG_003843,0.2092539404550709
SG_003844,0.16782250688643957
SG_003851,0.11681661477827472
SG_003852,0.18852412149369618
SG_003856,0.1603008438446068
SG_003860,0.17931535412777647
SG_003863,0.14703572678488291
SG_003865,0.18114865495443197
SG_003868,0.1962846919331888
SG_003869,0.1416231668021816
SG_003874,0.15998086234980052
SG_003878,0.17215820425359019
SG_003880,0.23345084021976295
SG_003881,0.17193529199108043
SG_003886,0.15316466977335622
SG_003896,0.20742273885194132
SG_003904,0.17804488984672023
SG_003905,0.1997857100757306
SG_003906,0.1183501020071338
SG_003907,0.14564644984776468
SG_003908,0.1602087833186157
SG_003910,0.20640607201045635
SG_003917,0.14831702964337556
SG_003919,0.19151861209898008
SG_003920,0.17515580564994887
SG_003921,0.15783863025481146
SG_003922,0.1845234892057664
SG_003925,0.15730325360050165
SG_003926,0.16926350386519207
SG_003935,0.16232275072891283
SG_003937,0.13035404152919644
SG_003940,0.1492122989191735
SG_003941,0.15564762641257188
SG_003945,0.21301283163113874
SG_003951,0.20742424833966103
SG_003958,0.1649902970771256
SG_003959,0.14917821118174007
SG_003961,0.20168754312893564
SG_003966,0.16373712524828657
SG_003967,0.1818513702830315
SG_003969,0.16607339939639876
SG_003972,0.1649135106641163
SG_003977,0.1755126728536382
SG_003978,0.15040401223042857
SG_003979,0.1886261941524691
SG_003988,0.16119838317753815
SG_003992,0.1982335550546941
SG_003994,0.14824867014539694
SG_003995,0.15674724129972287
SG_004001,0.17550692896226552
SG_004002,0.1492199412775144
SG_004011,0.1386956596321
SG_004012,0.15148299201351415
SG_004016,0.19053832347039457
SG_004019,0.17685339205291062
SG_004034,0.16149086664923612
SG_004036,0.1666350026776449
SG_004041,0.20263049367783809
SG_004042,0.1820812188687201
SG_004045,0.15708495749014606
SG_004048,0.2116815591488111
SG_004049,0.135540935349821
SG_004050,0.20195557328412997
SG_004054,0.18047369506786687
SG_004060,0.18414466924954587
SG_004063,0.1607673288190822
SG_004064,0.16612706869676405
SG_004065,0.1649436337722513
SG_004066,0.2007532592856188
SG_004071,0.16884475503931262
SG_004074,0.18010470103077605
SG_004078,0.17011093068515953
SG_004079,0.12274564339221017
SG_004080,0.20782737332229453
SG_004081,0.22152763355607474
SG_004083,0.19439947095198482
SG_004087,0.1790105054259385
SG_004089,0.15593326324950535
SG_004091,0.15454280819673488
SG_004093,0.17881388803788464
SG_004094,0.20403373059811641
SG_004100,0.15179004416329522
SG_004107,0.1517488648857374
SG_004109,0.1358489446429044
SG_004110,0.17807039570190125
SG_004111,0.17231928719615114
SG_004123,0.1530370725920603
SG_004126,0.1586964134274922
SG_004127,0.12945909586520724
SG_004129,0.21337101953713455
SG_004130,0.15219114075623116
SG_004131,0.1804868888693974
SG_004136,0.14154127381195766
SG_004140,0.17569175337484325
SG_004149,0.13363017488929646
SG_004152,0.1997025179397288
SG_004155,0.16944267690302534
SG_004157,0.17753140643672588
SG_004163,0.15731756736170124
SG_004164,0.14609725730832063
SG_004168,0.17862811542060955
SG_004170,0.18539445222406234
SG_004171,0.1828483970307012
SG_004174,0.1826327466920509
SG_004175,0.1596231954921359
SG_004178,0.1591638458377784
SG_004181,0.18374443324815135
SG_004184,0.16871436113165697
SG_004186,0.169217137554938
SG_004187,0.19463314802598808
SG_004191,0.15253804312296684
SG_004192,0.19801106223162135
SG_004197,0.19170087082567688
SG_004201,0.16225099045882638
SG_004204,0.18376104945683755
SG_004207,0.18797809698597476
SG_004209,0.2112603087634617
SG_004214,0.16670271953721566
SG_004218,0.1711516500710824
SG_004220,0.15067093116183122
SG_004223,0.13803139493937674
SG_004224,0.1671336449226966
SG_004225,0.20700345717136504
SG_004228,0.19089797888090315
SG_004229,0.1261436240282185
SG_004230,0.18146770246025695
SG_004235,0.19941009061333376
SG_004238,0.17352161621293932
SG_004239,0.22512339031027234
SG_004244,0.18903011765571587
SG_004253,0.19236712672029774
SG_004256,0.15768920803358974
SG_004257,0.16382792585050035
SG_004258,0.15520065906130404
SG_004262,0.20585952419855738
SG_004263,0.19849683932420206
SG_004265,0.13173698971031178
SG_004268,0.16064364429379152
SG_004269,0.19257708889057307
SG_004271,0.12225427467951762
SG_004286,0.1705891810009343
SG_004289,0.13059634011783006
SG_004290,0.16808127688431124
SG_004291,0.18204153066238216
SG_004297,0.16574643113186682
SG_004300,0.18496017218704186
SG_004302,0.2179730304969431
SG_004305,0.16793907323036306
SG_004306,0.14101476101427354
SG_004312,0.19606543365372858
SG_004313,0.16221483859127273
SG_004315,0.19937563776804973
SG_004320,0.14428106066872806
SG_004321,0.20114901227278162
SG_004322,0.16199787774201063
SG_004325,0.1976378987014618
SG_004326,0.18203694115806657
SG_004339,0.1549760244447501
SG_004342,0.18022466582716534
SG_004347,0.1755140831399065
SG_004348,0.18950054714329076
SG_004349,0.18759485700469347
SG_004350,0.19059638855443026
SG_004357,0.1515865761458226
SG_004358,0.169484580783588
SG_004359,0.1412095978226427
SG_004362,0.17587388140840665
SG_004365,0.17283423743793241
SG_004368,0.19173982141574072
SG_004369,0.200728554435258
SG_004370,0.15945970345889385
SG_004378,0.17175695842287592
SG_004379,0.15894120015465021
SG_004388,0.18240914747504505
SG_004390,0.1886252697196462
SG_004391,0.13984160612276456
SG_004401,0.14878216337768124
SG_004404,0.17373616385107782
SG_004405,0.17520446567115872
SG_004406,0.1872765842806412
SG_004408,0.12480488496615441
SG_004415,0.19097774200407186
SG_004417,0.15087112394760463
SG_004419,0.18420759374497758
SG_004420,0.19986753022009243
SG_004422,0.13415617288997228
SG_004423,0.1485408342062471
SG_004426,0.18123334426107984
SG_004427,0.12789395827149166
SG_004429,0.1760946446497717
SG_004432,0.1886388574628249
SG_004439,0.2240581900251982
SG_004445,0.17225030712248937
SG_004447,0.18734797830119757
SG_004448,0.1450585538127441
SG_004451,0.20664205386698214
SG_004457,0.16813128391972568
SG_004458,0.07629824144010594
SG_004460,0.17629785322894717
SG_004461,0.18009950492113203
SG_004462,0.15154089299911783
SG_004464,0.17665285246014875
SG_004465,0.1664537058749609
SG_004469,0.16774506978354098
SG_004474,0.1693483611351604
SG_004475,0.14714630697815217
SG_004476,0.15879161859628935
SG_004477,0.15929996935819912
SG_004480,0.2123289990412634
SG_004482,0.1938355751110399
SG_004484,0.18590736364514543
SG_004486,0.16123078707105562
SG_004494,0.18881325886755224
SG_004504,0.16411523731140623
SG_004508,0.15466782822989722
SG_004509,0.16602809930732398
SG_004511,0.1749962649487033
SG_004514,0.2012638414090532
SG_004515,0.17199427587936483
SG_004518,0.19043124346477552
SG_004521,0.12219552287957777
SG_004526,0.18659420436308732
SG_004530,0.20056538065028123
SG_004534,0.17095060790540412
SG_004536,0.17135102303593983
SG_004538,0.15102674308821143
SG_004539,0.16271219621340297
SG_004541,0.17992260526926745
SG_004549,0.19438980922087026
SG_004552,0.1583691914835776
SG_004553,0.15508840766344684
SG_004556,0.16600794493476545
SG_004559,0.150845165031059
SG_004562,0.14882143983111168
SG_004565,0.25160635818206695
SG_004568,0.16908425205901806
SG_004576,0.15028911308099271
SG_004577,0.1508617067393747
SG_004593,0.20019417787192814
SG_004594,0.17150475188879172
SG_004600,0.19045970132238793
SG_004602,0.19216957206259022
SG_004608,0.1772686041672325
SG_004609,0.17850573633247474
SG_004612,0.1130016729963502
SG_004614,0.15336750626928122
SG_004617,0.15661106406219433
SG_004620,0.15915049821231322
SG_004623,0.19585998354790884
SG_004626,0.18813768609246287
SG_004631,0.19839865314102473
SG_004632,0.14702219023348023
SG_004633,0.19016435465822504
SG_004635,0.1458110979556008
SG_004637,0.17257619414119468
SG_004638,0.1945803934580274
SG_004641,0.190875763278081
SG_004645,0.16118255621488203
SG_004652,0.15877457907048456
SG_004653,0.13421613956488157
SG_004655,0.21677888945633414
SG_004656,0.17293498034606417
SG_004658,0.16258678429023868
SG_004659,0.16181781071563128
SG_004662,0.18859670315981164
SG_004664,0.18388134665240255
SG_004668,0.2023391260357416
SG_004669,0.15911335559316875
SG_004672,0.1928569764317239
SG_004676,0.16564874784124892
SG_004682,0.1448020675406327
SG_004685,0.18286720352375224
SG_004689,0.14587121005348394
SG_004695,0.1713110119524576
SG_004697,0.16227868398520556
SG_004700,0.19206317988510363
SG_004701,0.18836581972467006
SG_004709,0.17406020776735096
SG_004710,0.19280738279522827
SG_004712,0.13650733526338515
SG_004716,0.18097176025375533
SG_004720,0.1775686507908853
SG_004721,0.12311990370801021
SG_004723,0.136269502975022
SG_004731,0.17866154375865045
SG_004736,0.16408305790136318
SG_004737,0.15543121259887677
SG_004738,0.13568761249517597
SG_004739,0.1989690056561597
SG_004742,0.17730172636799835
SG_004751,0.21185474575989086
SG_004753,0.14060515279910385
SG_004755,0.18899318446055297
SG_004757,0.16079571107318133
SG_004760,0.14194562922537593
SG_004761,0.1809060159405474
SG_004762,0.20901700384062516
SG_004763,0.1925334161036334
SG_004764,0.18762870103379195
SG_004766,0.1849158975816217
SG_004769,0.19693294854806348
SG_004772,0.13257607985379352
SG_004773,0.18389512497156185
SG_004782,0.16644703666520502
SG_004784,0.19388445733658946
SG_004786,0.1906173895916658
SG_004787,0.12888283667516237
SG_004789,0.12970888547146675
SG_004797,0.17760129566136135
SG_004798,0.12351284412945725
SG_004799,0.2044768516145969
SG_004801,0.18993071802681785
SG_004804,0.16511085791266694
SG_004813,0.15811732527395977
SG_004816,0.19290406564402854
SG_004817,0.15894001424634444
SG_004818,0.17371362422150263
SG_004821,0.1429644720009698
SG_004827,0.17747206938312982
SG_004828,0.15965997321044326
SG_004829,0.16817945554825572
SG_004830,0.17545781220520443
SG_004831,0.17560197189172863
SG_004836,0.13822864677300545
SG_004840,0.13977583238112704
SG_004842,0.1859436287087201
SG_004844,0.1636320171387499
SG_004846,0.19300564407170012
SG_004853,0.1510496903122846
SG_004855,0.20619698637234563
SG_004856,0.165374206040982
SG_004866,0.13944645845702977
SG_004867,0.127229457095039
SG_004868,0.188161545558755
SG_004873,0.18902388544546136
SG_004877,0.18959832174549418
SG_004881,0.15733886483914591
SG_004882,0.17337750956352188
SG_004887,0.19356820033814776
SG_004898,0.2084769357451787
SG_004900,0.19112227570676524
SG_004906,0.21847314392028708
SG_004907,0.14866741933985947
SG_004912,0.20446297936431163
SG_004913,0.13728133471121665
SG_004919,0.1533099006820636
SG_004922,0.15800112841768724
SG_004923,0.18304313256247556
SG_004925,0.21951022615929178
SG_004927,0.17682493795469406
SG_004929,0.1934329101613264
SG_004930,0.14787044384339165
SG_004939,0.1622475899079499
SG_004942,0.16233808146409248
SG_004944,0.1869395247748382
SG_004945,0.16191972305641217
SG_004959,0.12345908471844562
SG_004960,0.17298071908552823
SG_004964,0.14399072622793027
SG_004968,0.20266086622147933
SG_004969,0.16743736461384812
SG_004973,0.20360447918793767
SG_004975,0.16531557729090648
SG_004981,0.1826320153696039
SG_004985,0.16642563305392796
SG_004988,0.20423879223441607
SG_004990,0.140311018017566
SG_004993,0.18880867784444416
SG_004997,0.1753904026693553
SG_005000,0.1264393489056597
SG_005002,0.16630446782502886
SG_005004,0.18667411726952252
SG_005011,0.2118671092870598
SG_005013,0.14252464684944824
SG_005018,0.12813793614002056
SG_005019,0.15207130113562142
SG_005020,0.16655330132761703
SG_005022,0.1628057512183612
SG_005027,0.16849891132778885
SG_005029,0.14741296822887456
SG_005030,0.14076651324329825
SG_005031,0.15871481706379026
SG_005033,0.0597738962927238
SG_005037,0.12575765760548258
SG_005041,0.15350448518332369
SG_005048,0.16008676853032133
SG_005049,0.16845872106722082
SG_005052,0.16413610514955504
SG_005057,0.141769888597995
SG_005058,0.1752396069478646
SG_005062,0.1677159946347066
SG_005080,0.18425953496541222
SG_005085,0.1959088747752225
SG_005086,0.18551562122547907
SG_005089,0.20266940002503203
SG_005090,0.1225640187234294
SG_005091,0.19026724876705656
SG_005094,0.18197863945959245
SG_005097,0.19926945473081797
SG_005098,0.14889104485059018
SG_005100,0.17409171110129656
SG_005101,0.1927003977997357
SG_005102,0.18664891018227645
SG_005108,0.21390499385317469
SG_005110,0.18297140822406593
SG_005114,0.1482417514941105
SG_005120,0.13302246299650372
SG_005122,0.19109494336548336
SG_005123,0.17182791286729562
SG_005126,0.2003187701743408
SG_005131,0.14147784549601955
SG_005132,0.1543064809719765
SG_005134,0.17523614346948013
SG_005137,0.17221523543917702
SG_005140,0.18134921940895235
SG_005141,0.18598777115987392
SG_005142,0.16817462363934704
SG_005143,0.18999593989576116
SG_005148,0.16428795327828585
SG_005161,0.1564113235871867
SG_005168,0.1913512642879296
SG_005170,0.14656234157553566
SG_005171,0.1663143247437856
SG_005174,0.17008139112283865
SG_005175,0.14585928364429285
SG_005178,0.19940714857479738
SG_005179,0.14900334856601485
SG_005188,0.20670055402037774
SG_005190,0.21587483078985117
SG_005191,0.20041380417947696
SG_005194,0.15609183519876374
SG_005196,0.17309543111928344
SG_005199,0.1693253163484278
SG_005200,0.13302555194059754
SG_005203,0.16614524335469638
SG_005205,0.19747090142084747
SG_005213,0.1504683249675845
SG_005214,0.1810074185736669
SG_005216,0.19991446245811997
SG_005220,0.14977706382131167
SG_005224,0.11660827255524175
SG_005228,0.1592461616457621
SG_005233,0.15613634425446282
SG_005235,0.17064562232531658
SG_005240,0.14319843607154423
SG_005241,0.19910798304343094
SG_005246,0.18737623232152717
SG_005247,0.13783399427269952
SG_005248,0.1579538193156444
SG_005250,0.17959941237887553
SG_005251,0.16521081815210265
SG_005253,0.1511666002118536
SG_005255,0.16071637157720925
SG_005264,0.15424462756229193
SG_005268,0.15089507667674945
SG_005270,0.17054071376713317
SG_005277,0.17993404201555172
SG_005282,0.1210076587396253
SG_005283,0.19914808091453015
SG_005284,0.1792645890652485
SG_005287,0.19194455410106984
SG_005289,0.15873767339432954
SG_005291,0.1770226590989011
SG_005292,0.19244707211029272
SG_005296,0.17220125765711858
SG_005302,0.19759908520251707
SG_005305,0.20741894595182564
SG_005311,0.17253531567444838
SG_005312,0.18153042902312647
SG_005313,0.1670995288172733
SG_005316,0.15237222098929876
SG_005320,0.16801530081634153
SG_005321,0.19935737188457314
SG_005322,0.207695991141238
SG_005323,0.17074140098643986
SG_005325,0.19439733807610934
SG_005328,0.19091565707363153
SG_005329,0.20287129314596938
SG_005332,0.1880468563526053
SG_005333,0.1807287855070646
SG_005335,0.1303265522145891
SG_005340,0.16414522936904902
SG_005341,0.1262021316320326
SG_005346,0.1571211615817074
SG_005350,0.20863255624632226
SG_005351,0.1501096774900153
SG_005353,0.16051180155127193
SG_005356,0.10053518714785636
SG_005360,0.1713364548780266
SG_005362,0.18135117439631243
SG_005363,0.17064796491049905
SG_005365,0.1804272190034483
SG_005371,0.15080749138854468
SG_005372,0.2059108124139694
SG_005376,0.19040020871940133
SG_005378,0.16825464959555392
SG_005379,0.17181756282007052
SG_005380,0.19838724705931046
SG_005384,0.19529543718427209
SG_005386,0.19946753285323582
SG_005387,0.19027281103221072
SG_005397,0.16501703806614026
SG_005401,0.16080193300559154
SG_005408,0.1731244523464756
SG_005412,0.12681831980889355
SG_005414,0.17970871472216282
SG_005421,0.17276296005227826
SG_005424,0.12927449224823592
SG_005428,0.16660628923378146
SG_005432,0.15069452709478542
SG_005439,0.2043297679278271
SG_005444,0.1936023609996079
SG_005445,0.20457343128536096
SG_005446,0.15426860140496554
SG_005447,0.20329708899563187
SG_005449,0.1295217483392598
SG_005450,0.16134185643290438
SG_005451,0.193246197796757
SG_005452,0.18868476571431464
SG_005456,0.17342298337327172
SG_005457,0.153448747233075
SG_005459,0.1379147814075033
SG_005460,0.17327001006832538
SG_005465,0.19184106266803452
SG_005466,0.20170126830041304
SG_005470,0.15624089963758087
SG_005473,0.18939776055344118
SG_005477,0.17457100292014416
SG_005486,0.16039176165914293
SG_005489,0.1659989621712818
SG_005491,0.1772467785238648
SG_005496,0.1785591389951242
SG_005497,0.19669840978524458
SG_005499,0.1270724850952068
SG_005503,0.16202657650355629
SG_005504,0.1486817674457552
SG_005506,0.1588006262498929
SG_005510,0.1448951204788617
SG_005511,0.1652172623079399
SG_005515,0.13454659655947193
SG_005518,0.18601709178963338
SG_005519,0.21632616707956673
SG_005524,0.18779042623141112
SG_005529,0.17806796806709418
SG_005530,0.16101572597225583
SG_005531,0.17146960473126072
SG_005532,0.11905899759386782
SG_005534,0.14051045743651283
SG_005535,0.34492266984195846
SG_005541,0.16912422458082538
SG_005542,0.16949671992301604
SG_005550,0.12531633239814277
SG_005555,0.1710043078638574
SG_005557,0.15812679418215894
SG_005565,0.1624781331900869
SG_005569,0.20468783840738966
SG_005572,0.1436502185783706
SG_005575,0.17818960817514012
SG_005579,0.2055875792309946
SG_005580,0.2006886030654691
SG_005583,0.15645243055306973
SG_005591,0.21336332509045436
SG_005592,0.16328969921282105
SG_005593,0.196381951023334
SG_005594,0.1792153277854575
SG_005599,0.17562553716350043
SG_005603,0.20209144257868966
SG_005606,0.16885202154417117
SG_005611,0.13712578520316443
SG_005615,0.2017461119226418
SG_005622,0.17849528638620482
SG_005625,0.21618757496942737
SG_005630,0.15042830904638516
SG_005634,0.203404069296545
SG_005635,0.16667196310839655
SG_005636,0.1813235770683037
SG_005638,0.1639776347414585
SG_005640,0.16740001462350046
SG_005643,0.14385099374155755
SG_005644,0.20429706767331277
SG_005645,0.16929504111679122
SG_005650,0.18268365008560872
SG_005654,0.18494724578473543
SG_005655,0.15181583340568924
SG_005656,0.16751411632398275
SG_005661,0.2234336590602469
SG_005664,0.1764192537272269
SG_005666,0.1659108502332059
SG_005671,0.1621039577204968
SG_005681,0.17161829408301896
SG_005683,0.18103287747573543
SG_005687,0.1664903435893254
SG_005688,0.19502295375020556
SG_005691,0.194553035622509
SG_005692,0.17693645593434765
SG_005693,0.1944535124382797
SG_005694,0.21095331975828416
SG_005696,0.2015610849014399
SG_005703,0.21391009193654745
SG_005704,0.19911063548973257
SG_005706,0.16691934024460883
SG_005707,0.20271013111269992
SG_005713,0.21461020773094588
SG_005715,0.1488986680579711
SG_005719,0.19135485012166228
SG_005722,0.13908142898570403
SG_005724,0.21490994622274648
SG_005725,0.16019308029136858
SG_005726,0.1738812364864213
SG_005730,0.1907082856244612
SG_005735,0.1440754654931795
SG_005736,0.21917898374412087
SG_005740,0.19225582892861698
SG_005748,0.1990314037813062
SG_005750,0.16048340455384175
SG_005753,0.22325641610213404
SG_005758,0.10921067268163416
SG_005759,0.1741857597454038
SG_005764,0.15475386501831284
SG_005765,0.13652211879334591
SG_005772,0.17125235448424192
SG_005773,0.1207935963333445
SG_005776,0.1586173174155979
SG_005778,0.16198265295758002
SG_005784,0.17241716692393066
SG_005786,0.1685063796265695
SG_005789,0.21240005191613326
SG_005794,0.162007156185024
SG_005796,0.1485038797051395
SG_005801,0.13780919347805878
SG_005807,0.15314835418854517
SG_005809,0.20952140681515757
SG_005811,0.16917166414135082
SG_005813,0.12315233291831787
SG_005814,0.20498478639453482
SG_005817,0.14960828229016798
SG_005818,0.15207837928179507
SG_005820,0.17491867199069328
SG_005821,0.18742275025667063
SG_005824,0.1757948551157578
SG_005825,0.156451266914388
SG_005827,0.14969950212899236
SG_005828,0.171458173648881
SG_005830,0.21291392204098242
SG_005838,0.18768107362087924
SG_005840,0.18764916959901318
SG_005842,0.1652348757326238
SG_005846,0.1587746322867722
SG_005847,0.14230092694794488
SG_005848,0.1784360934360398
SG_005857,0.18894142285269427
SG_005861,0.15791533970875152
SG_005862,0.191309665177974
SG_005871,0.17947278684994641
SG_005872,0.17753469210796682
SG_005873,0.1524222101150644
SG_005874,0.15560786427642442
SG_005875,0.18437803438304146
SG_005877,0.16208117114773854
SG_005880,0.18253334937796914
SG_005884,0.15769893867010953
SG_005892,0.1937529314358005
SG_005894,0.1630818406966677
SG_005898,0.19721641754238442
SG_005899,0.16787350614921046
SG_005905,0.18743072559976537
SG_005909,0.18368480248173302
SG_005910,0.17045431946146045
SG_005920,0.19704849687119047
SG_005921,0.1710650042942976
SG_005922,0.17636068292940688
SG_005925,0.18818220178208928
SG_005928,0.17782918776620657
SG_005932,0.14735586682277074
SG_005934,0.18347278437126097
SG_005935,0.1603088957551863
SG_005937,0.1593876797146438
SG_005939,0.17534138978609232
SG_005943,0.198098314498437
SG_005951,0.15597749651784726
SG_005955,0.2022217433532229
SG_005959,0.21302250037508572
SG_005966,0.17875255384585803
SG_005967,0.19440546034244893
SG_005969,0.17987356360687443
SG_005976,0.18517495107673337
SG_005977,0.18590449347117413
SG_005979,0.20022282247292647
SG_005980,0.16859165537145226
SG_005985,0.18736560448598444
SG_005986,0.1908835636402491
SG_005991,0.20795626199354023
SG_005999,0.13218325852519425
SG_006000,0.1599340622642742
SG_006004,0.16576787512753915
SG_006009,0.20236543006680985
SG_006012,0.14709436764986186
SG_006013,0.16231220343838676
SG_006022,0.2163796437085479
SG_006023,0.1543093390732116
SG_006026,0.17499846237858802
SG_006028,0.16675020541159405
SG_006029,0.18483175759523274
SG_006033,0.17437454127775465
SG_006035,0.18963283144721288
SG_006036,0.21672064372242322
SG_006038,0.1968282675342084
SG_006039,0.19036926023058354
SG_006041,0.20125879340236383
SG_006047,0.1476165140920366
SG_006049,0.137672259510039
SG_006050,0.1877340415697339
SG_006054,0.12174198740449746
SG_006063,0.1644641179792657
SG_006067,0.2041364088213371
SG_006069,0.16763342628021016
SG_006073,0.17366307611492093
SG_006074,0.17318778539027693
SG_006075,0.16865093891982347
SG_006076,0.17058927552509345
SG_006077,0.19547757010386463
SG_006079,0.1537591700550232
SG_006081,0.13094541049538364
SG_006086,0.21446067342257247
SG_006092,0.1294366758247878
SG_006095,0.19032774141977626
SG_006097,0.1849300390808745
SG_006099,0.18812669086571868
SG_006101,0.18224188841827382
SG_006112,0.17982267703865834
SG_006122,0.17741451898652957
SG_006127,0.20186882873847595
SG_006131,0.14225956107587695
SG_006133,0.17309206900310112
SG_006136,0.24765826842153965
SG_006137,0.18855038415394282
SG_006140,0.15857688446252377
SG_006143,0.16964250487238322
SG_006148,0.15134903643571168
SG_006150,0.170738236118927
SG_006151,0.18776237179355992
SG_006154,0.16976206813522215
SG_006161,0.14641352064886332
SG_006163,0.1704214426823599
SG_006169,0.16329289980420464
SG_006170,0.1658890649979769
SG_006179,0.1533962255150763
SG_006181,0.15815404753040105
SG_006184,0.12820592941280126
SG_006187,0.15396644768905482
SG_006189,0.2253843728630271
SG_006197,0.14167555163657858
SG_006202,0.13348178395267496
SG_006206,0.1786880211187555
SG_006212,0.1427048022920238
SG_006213,0.21743922090519047
SG_006218,0.1679483683017396
SG_006222,0.1680918710996356
SG_006224,0.18089167261611333
SG_006225,0.23509640555806383
SG_006226,0.2050294078382861
SG_006229,0.1814436561200634
SG_006237,0.2037599167183061
SG_006238,0.16258827902635625
SG_006240,0.13940388803867185
SG_006241,0.11911026461344712
SG_006242,0.17427138898456224
SG_006244,0.17864557879669013
SG_006245,0.14658547200651761
SG_006247,0.16608904189999596
SG_006250,0.13643303035708554
SG_006251,0.16263178465103192
SG_006252,0.17816863378960696
SG_006254,0.18361128490639628
SG_006256,0.1921854515349899
SG_006260,0.17792535990679068
SG_006262,0.1915181160600931
SG_006263,0.16677471789105686
SG_006264,0.13188245518116865
SG_006266,0.21260758420569498
SG_006269,0.1849588844446257
SG_006275,0.19312327566709736
SG_006277,0.1499741863681757
SG_006283,0.15795944594278613
SG_006284,0.1325517347083674
SG_006287,0.20781785576286738
SG_006288,0.16581573884193884
SG_006300,0.15276033496408248
SG_006301,0.15152170164398926
SG_006304,0.14890766750353265
SG_006306,0.17160589402614737
SG_006313,0.1254149067540302
SG_006315,0.17815661178133763
SG_006317,0.16880350370932648
SG_006320,0.1861365947716064
SG_006322,0.19292271746777573
SG_006326,0.14232804455741704
SG_006328,0.1921904585506938
SG_006331,0.1529756465349284
SG_006337,0.16671413119090575
SG_006340,0.16592423541987467
SG_006345,0.1829375474440364
SG_006348,0.12546079943561667
SG_006349,0.15548029153493945
SG_006356,0.18353327771363126
SG_006357,0.17396568188544198
SG_006358,0.1565180886770679
SG_006360,0.19949588507749139
SG_006371,0.1678193341900631
SG_006373,0.18912729185685165
SG_006380,0.1788082835247981
SG_006382,0.1764904144386498
SG_006388,0.16595022952113683
SG_006393,0.15533439071589225
SG_006394,0.16506016589463263
SG_006396,0.1562213612048689
SG_006398,0.15437110430182371
SG_006400,0.17702167820670608
SG_006403,0.13095255108188966
SG_006404,0.14803422137715386
SG_006411,0.1696296666794505
SG_006417,0.19775285311755678
SG_006418,0.19764451255992038
SG_006420,0.18534657042867192
SG_006421,0.17445600213382528
SG_006423,0.18788827101472932
SG_006424,0.1587731986268585
SG_006429,0.18100884720224242
SG_006435,0.1365219097306843
SG_006438,0.15674798948513544
SG_006439,0.17018626770902195
SG_006441,0.1721161000746381
SG_006445,0.12911493103327265
SG_006446,0.15372279079440643
SG_006448,0.17860071380958356
SG_006451,0.15764299243965507
SG_006452,0.2166050332940431
SG_006455,0.18585885409822311
SG_006463,0.1882469003679718
SG_006467,0.1454218800176192
SG_006469,0.18115058391698896
SG_006470,0.17060032215495685
SG_006477,0.13161273685126584
SG_006480,0.16549488024653272
SG_006486,0.21939313638977137
SG_006487,0.13151321115694886
SG_006488,0.21194559007744482
SG_006490,0.19093588644253928
SG_006491,0.1444861161113377
SG_006493,0.11171714250617312
SG_006494,0.15713194880702014
SG_006496,0.13887927218169088
SG_006497,0.2091255178050814
SG_006498,0.19377501659435212
SG_006500,0.18192490476104273
SG_006502,0.10816481702638565
SG_006503,0.18566650415316252
SG_006505,0.192793897723054
SG_006506,0.16231519867925498
SG_006507,0.1550221816523838
SG_006512,0.1441712012515584
SG_006516,0.12966214778908344
SG_006520,0.13373393035656425
SG_006522,0.14649335149592232
SG_006528,0.1841654797767939
SG_006534,0.15592977631324512
SG_006535,0.1791424108930528
SG_006536,0.14995129551537495
SG_006537,0.2516517739372156
SG_006539,0.17303978156033728
SG_006541,0.14208565001737022
SG_006543,0.21229186718891552
SG_006545,0.20814875369158808
SG_006548,0.1636349853123576
SG_006550,0.12873221007707722
SG_006551,0.11301901230166192
SG_006557,0.17956401090249474
SG_006560,0.1718994533669373
SG_006564,0.1953884412408025
SG_006566,0.16703104574041708
SG_006567,0.16953778339753983
SG_006577,0.1573923811834788
SG_006579,0.14715867754562054
SG_006581,0.15161664631062083
SG_006588,0.22355333171241223
SG_006592,0.19296968569615602
SG_006597,0.15849805648713214
SG_006601,0.14578997927140916
SG_006607,0.1467991476026123
SG_006608,0.16379990870070463
SG_006610,0.1426896497643834
SG_006615,0.16206055099960387
SG_006616,0.1707986769575544
SG_006620,0.16777000630559685
SG_006622,0.15194400794468757
SG_006623,0.18792821903061294
SG_006624,0.15785729275356997
SG_006626,0.19100714900898857
SG_006627,0.1807991400559992
SG_006633,0.1798029042662997
SG_006637,0.16381901692927361
SG_006638,0.15867896236075396
SG_006639,0.21019417772540233
SG_006644,0.17064447910844588
SG_006645,0.1973790932350301
SG_006651,0.17427241727210083
SG_006659,0.15347737608043027
SG_006664,0.17220606436591426
SG_006668,0.1388706832202516
SG_006673,0.16023809792484509
SG_006687,0.17206094168575217
SG_006688,0.1914299278696751
SG_006690,0.17676946517232567
SG_006693,0.20098165205871532
SG_006698,0.10858319377599195
SG_006700,0.14489716683851317
SG_006706,0.1311315147520181
SG_006710,0.15404127713919977
SG_006713,0.16019372644424626
SG_006716,0.19607616996615462
SG_006728,0.16287387003462497
SG_006734,0.1912702225204601
SG_006736,0.18105627689462195
SG_006744,0.151135384799082
SG_006745,0.15608513604990343
SG_006749,0.159307730060745
SG_006758,0.15995539865097008
SG_006760,0.1719888272326782
SG_006765,0.16595076819423887
SG_006766,0.1776605192312207
SG_006769,0.19131709122619842
SG_006778,0.16519018196641166
SG_006780,0.1892838031475067
SG_006781,0.15978392584792417
SG_006786,0.19140789452158014
SG_006789,0.17467455403261395
SG_006792,0.14292509840890438
SG_006793,0.12652768406320497
SG_006800,0.1769114153029901
SG_006802,0.1877455874200469
SG_006808,0.19685889365234965
SG_006820,0.1702794843130933
SG_006833,0.1447509953699355
SG_006835,0.16120380492582131
SG_006837,0.17646689087865364
SG_006841,0.1648344353196361
SG_006847,0.17085909390603607
SG_006848,0.1441228117006146
SG_006851,0.15662082203707137
SG_006852,0.1752129934568047
SG_006860,0.14591788884362528
SG_006861,0.2283088206649019
SG_006863,0.13554843928488575
SG_006866,0.1864554231889697
SG_006868,0.171573577377686
SG_006874,0.14023709829428116
SG_006877,0.1539544544828888
SG_006879,0.16038477747402072
SG_006880,0.18774633952065453
SG_006881,0.16614909510371434
SG_006889,0.12589075007838835
SG_006890,0.15380339820525246
SG_006897,0.21245871697957747
SG_006901,0.16978237900251292
SG_006908,0.16736201423677594
SG_006910,0.1497139830924889
SG_006914,0.2018033702125654
SG_006918,0.1628824412452124
SG_006924,0.13793077639166826
SG_006925,0.1658048370366291
SG_006927,0.1420752642890435
SG_006929,0.15577542056871685
SG_006937,0.16691846217072884
SG_006938,0.15702584863445646
SG_006940,0.1759440323598234
SG_006942,0.15443775584932037
SG_006945,0.14182724348409548
SG_006949,0.1757464684805698
SG_006950,0.20631063225633758
SG_006951,0.15784732443123659
SG_006953,0.1487743221584266
SG_006954,0.1524029490056091
SG_006956,0.20987884503191556
SG_006957,0.1529804158194704
SG_006962,0.1586853957252699
SG_006963,0.1741776925549206
SG_006964,0.1061082631986148
SG_006966,0.14161817162738033
SG_006970,0.1731857792078768
SG_006971,0.18572944307138747
SG_006972,0.15958270203449426
SG_006974,0.20968971541902764
SG_006977,0.17103473721652157
SG_006978,0.19801486902182244
SG_006981,0.20275205501786467
SG_006982,0.2074041551031876
SG_006983,0.12048276375073577
SG_006984,0.17228204996510535
SG_006987,0.16402124864299372
SG_006994,0.14828981947507966
SG_006997,0.1405924043160441
SG_007002,0.16880744872312756
SG_007005,0.19748042973127067
SG_007009,0.1803184772771357
SG_007011,0.17597359298402981
SG_007017,0.16610819016927925
SG_007018,0.13762429282808072
SG_007019,0.13741085433845546
SG_007029,0.19713697566714564
SG_007030,0.18544756810388904
SG_007033,0.18630761915589283
SG_007040,0.1724590825587824
SG_007047,0.22202063712279968
SG_007054,0.1224817558395902
SG_007055,0.22644985744732216
SG_007056,0.1714365172627691
SG_007061,0.13921135338607227
SG_007062,0.1560606993936437
SG_007067,0.17205271607806072
SG_007068,0.1891117451995286
SG_007069,0.21582579682678257
SG_007073,0.10467292830926181
SG_007075,0.19647268343894844
SG_007076,0.18501878532934712
SG_007078,0.2135215248763584
SG_007080,0.15043450828230123
SG_007091,0.1986162007675293
SG_007095,0.17202625925519435
SG_007100,0.19358696009118223
SG_007104,0.19675135893900536
SG_007112,0.1539221557287864
SG_007114,0.17510762979552147
SG_007127,0.17638081857157284
SG_007130,0.15345625496234017
SG_007133,0.17064808993493014
SG_007136,0.1629962801327833
SG_007138,0.1959238761340416
SG_007139,0.16076999647114698
SG_007143,0.16268665373690022
SG_007146,0.16949752497195086
SG_007150,0.163385137894391
SG_007155,0.17736631341695067
SG_007157,0.1640740754198954
SG_007160,0.17331781252800163
SG_007162,0.14820814782138078
SG_007163,0.16680748046795105
SG_007166,0.15381733861830452
SG_007168,0.17426719551519673
SG_007170,0.37571118473231035
SG_007179,0.19771283407207935
SG_007181,0.1608038529500619
SG_007183,0.17914038654679673
SG_007186,0.14668693757893184
SG_007202,0.1822978824226701
SG_007203,0.16646202581206876
SG_007204,0.1378562313539792
SG_007205,0.1897069784196967
SG_007210,0.23729887496265922
SG_007212,0.18057280981562457
SG_007215,0.10914328249119257
SG_007218,0.17001081633296183
SG_007226,0.14697620554019905
SG_007229,0.16738849245707788
SG_007231,0.16691140809861407
SG_007234,0.17515921906019521
SG_007237,0.1904637718802812
SG_007239,0.1565224649721263
SG_007240,0.18493149485120136
SG_007249,0.17097834802283354
SG_007252,0.1327726399956398
SG_007255,0.16533242439487983
SG_007256,0.16411134720218495
SG_007257,0.2076967641975544
SG_007263,0.17201173215497537
SG_007264,0.20042510331332072
SG_007265,0.20320961338666618
SG_007268,0.17283437437290725
SG_007271,0.17279586022338975
SG_007275,0.18597446052301986
SG_007280,0.17014698974746306
SG_007281,0.19116688592700876
SG_007282,0.1954618525058411
SG_007283,0.1521002668743207
SG_007287,0.1721518443912346
SG_007288,0.22968994700687628
SG_007301,0.17920394644733437
SG_007307,0.15501470508738305
SG_007310,0.16464448087181466
SG_007312,0.1850056716111721
SG_007314,0.1668003150707564
SG_007319,0.14069996535301005
SG_007326,0.1394970167535992
SG_007331,0.16039174410895676
SG_007333,0.1901955721150142
SG_007334,0.17383820594427826
SG_007338,0.17269811848373012
SG_007340,0.19974670871654993
SG_007345,0.16328897100957954
SG_007349,0.17556679437923745
SG_007356,0.1482832345264191
SG_007358,0.12510797435377333
SG_007368,0.11919186646542182
SG_007370,0.18738884440450349
SG_007371,0.1902250004816913
SG_007372,0.19118106849847344
SG_007375,0.1399274657110598
SG_007378,0.13508615560553436
SG_007379,0.1297767244530577
SG_007380,0.1866950973936466
SG_007383,0.1829026647222023
SG_007384,0.18599553932603782
SG_007389,0.17474265342765943
SG_007390,0.15227167786862195
SG_007401,0.2184387060320216
SG_007403,0.13982766064861085
SG_007406,0.16011503529581067
SG_007409,0.21006734932795199
SG_007410,0.18301848826218112
SG_007413,0.1671669792474485
SG_007416,0.2038283061956892
SG_007419,0.1795819984826027
SG_007420,0.189434549886315
SG_007423,0.16707121675941652
SG_007424,0.23199865254716223
SG_007428,0.18864616350647667
SG_007433,0.14234262172616652
SG_007434,0.11506156041534536
SG_007437,0.1871340288351939
SG_007441,0.1700264607439854
SG_007443,0.15993648545077327
SG_007450,0.15360166274112436
SG_007452,0.15169122881847952
SG_007455,0.2010803764184445
SG_007462,0.14907497310914736
SG_007464,0.18096770693076591
SG_007466,0.13786828108712076
SG_007469,0.1394376560483142
SG_007470,0.19375056759052622
SG_007472,0.12499988634212347
SG_007476,0.19912970978429934
SG_007486,0.22057863231885885
SG_007489,0.20588192649864245
SG_007490,0.1579749003545242
SG_007495,0.20791979958091367
SG_007499,0.19036618615970768
SG_007506,0.16106040691849546
SG_007508,0.17885928656475708
SG_007509,0.1252745924108609
SG_007517,0.1536641328093572
SG_007518,0.1859999098381531
SG_007522,0.19827548495209402
SG_007524,0.1781871293939348
SG_007527,0.17049530284842565
SG_007535,0.13633350325755694
SG_007540,0.17066225934518744
SG_007546,0.2089364767802992
SG_007552,0.15007208897884444
SG_007553,0.1840033965373587
SG_007557,0.1973178775699813
SG_007558,0.21757398335288464
SG_007560,0.199777136672677
SG_007568,0.13975114084083576
SG_007571,0.2203926197815807
SG_007573,0.142323813780697
SG_007577,0.18138902995132927
SG_007578,0.16866863075969726
SG_007579,0.14673866154315673
SG_007582,0.2264949678420793
SG_007586,0.1502537575404605
SG_007587,0.1516807001482777
SG_007589,0.13594058053555264
SG_007591,0.15879811439326952
SG_007595,0.1493620733392495
SG_007597,0.15590943057209314
SG_007599,0.1280890217199685
SG_007602,0.2065129315483679
SG_007605,0.16368801753401516
SG_007609,0.13975143199438034
SG_007614,0.17470591492013637
SG_007620,0.1921603119951492
SG_007628,0.19172695520381433
SG_007630,0.1600470607143502
SG_007646,0.19549823205424965
SG_007648,0.18031114492068046
SG_007654,0.15220158678641446
SG_007655,0.16456031451812542
SG_007656,0.19214528064846742
SG_007657,0.16413046601557818
SG_007658,0.17139571330735653
SG_007659,0.19630558128969658
SG_007660,0.1546451605247818
SG_007663,0.11501041102077214
SG_007665,0.16018686008108562
SG_007667,0.17951600129386625
SG_007670,0.19301759210926325
SG_007678,0.162420051320417
SG_007679,0.21713580246449
SG_007681,0.1499479194820601
SG_007685,0.14956650426776932
SG_007686,0.14130649385788807
SG_007687,0.1762504850045184
SG_007688,0.17802727438813595
SG_007691,0.18377464854209985
SG_007696,0.14787677046813605
SG_007698,0.15870702042527132
SG_007700,0.187767302423544
SG_007703,0.12963306608741332
SG_007704,0.16259884180931414
SG_007706,0.1750730618098362
SG_007711,0.18679145175920034
SG_007712,0.17075050323176186
SG_007714,0.14261469977840954
SG_007717,0.15724047673452862
SG_007719,0.16475231174935379
SG_007720,0.16324005054887347
SG_007721,0.17048318601902418
SG_007728,0.1460317558315043
SG_007737,0.18698661294833208
SG_007741,0.14710149452156665
SG_007742,0.15065307771226405
SG_007744,0.17925783164486453
SG_007746,0.20264549783707123
SG_007748,0.15580704881667343
SG_007750,0.11468266161618956
SG_007751,0.14119907350245325
SG_007752,0.1593945749641405
SG_007758,0.17108046506064578
SG_007760,0.1650674276737003
SG_007762,0.18752662979313953
SG_007770,0.1559154530723684
SG_007772,0.18561252857167482
SG_007776,0.12315777487106232
SG_007780,0.17789464878573655
SG_007781,0.1804147087880943
SG_007782,0.14165962534484933
SG_007787,0.2064191099712665
SG_007800,0.195208556128082
SG_007801,0.16028259263248185
SG_007804,0.15350648854290166
SG_007805,0.2067987497381
SG_007807,0.1476015986338676
SG_007808,0.21089677569883897
SG_007813,0.17078761737056117
SG_007815,0.14626173275226712
SG_007817,0.19534260313661428
SG_007818,0.15930486452834883
SG_007820,0.13552162371046897
SG_007822,0.1517491057243025
SG_007823,0.15124632579658462
SG_007824,0.20681575383624046
SG_007834,0.15286005138335218
SG_007836,0.15572833914344716
SG_007839,0.17955819259979103
SG_007842,0.1411983925771913
SG_007844,0.18921118239227747
SG_007846,0.15439082681678062
SG_007849,0.15222115430089292
SG_007858,0.181205767101618
SG_007864,0.18484472553896736
SG_007866,0.16632729884376485
SG_007875,0.189062776129147
SG_007876,0.175781980356404
SG_007880,0.18784103004065011
SG_007884,0.16123306483287264
SG_007889,0.19485287379701868
SG_007892,0.16052083968622513
SG_007897,0.16225192834470556
SG_007898,0.1602897553614317
SG_007899,0.14838079199459
SG_007901,0.1834706293181878
SG_007908,0.21346642387139098
SG_007910,0.15980584492074015
SG_007922,0.18460816260061313
SG_007923,0.13832250748708824
SG_007926,0.1768253221377037
SG_007931,0.1895284202909044
SG_007933,0.1749007530696602
SG_007939,0.17920798064822954
SG_007940,0.15004576874033448
SG_007946,0.14931884507385407
SG_007947,0.15115930829166557
SG_007948,0.19465632559032203
SG_007954,0.14016039909167
SG_007957,0.12713174479103004
SG_007960,0.18276074182327315
SG_007964,0.18434719901260152
SG_007965,0.17904222503189743
SG_007980,0.2064298423301542
SG_007985,0.16758557789845033
SG_007992,0.17198785474943276
SG_007996,0.15794084979974626
SG_007998,0.18467872559062865
SG_007999,0.16686102962416258
SG_008014,0.13296364748021816
SG_008015,0.13510860702756194
SG_008020,0.1618723426902457
SG_008026,0.16404379811975442
SG_008033,0.14406744506922936
SG_008043,0.17741028302581402
SG_008050,0.17185763434667375
SG_008055,0.18984287304969555
SG_008056,0.19330088984246732
SG_008058,0.1890831332811992
SG_008067,0.17490810676047938
SG_008074,0.1864655580741325
SG_008076,0.16443444181311506
SG_008081,0.17683917153335468
SG_008091,0.1567657163577814
SG_008099,0.1454078086211072
SG_008100,0.12229250444757508
SG_008101,0.16795688227335262
SG_008104,0.1924081760247561
SG_008115,0.23446176472323202
SG_008117,0.152773098455308
SG_008118,0.17243105187182667
SG_008127,0.19584725102989417
SG_008131,0.15841365322478793
SG_008133,0.23195135890986326
SG_008137,0.1966353620364992
SG_008140,0.18744231251086996
SG_008141,0.19378687339591313
SG_008145,0.15418562479816922
SG_008152,0.16152415914353252
SG_008156,0.16766018965751833
SG_008160,0.1393139692958908
SG_008164,0.19462752246042378
SG_008167,0.1733717095740317
SG_008175,0.15384507995195495
SG_008176,0.1851304055236314
SG_008183,0.1798446196320007
SG_008188,0.18276702983057125
SG_008191,0.17675824230055934
SG_008192,0.138334298275746
SG_008193,0.19710913958317727
SG_008195,0.20579743817721502
SG_008202,0.17130492307528494
SG_008213,0.18738908136798166
SG_008217,0.18429397297477426
SG_008224,0.14994942258879748
SG_008228,0.19851047156696286
SG_008229,0.16583215980541952
SG_008237,0.13961094081227562
SG_008242,0.1336121944443122
SG_008246,0.19165877265228595
SG_008248,0.14064362792440188
SG_008249,0.20569158671665985
SG_008253,0.1813391148649176
SG_008257,0.1782725560018978
SG_008261,0.1623531808874901
SG_008264,0.19393763846622553
SG_008265,0.16739388994454812
SG_008281,0.15624988131958295
SG_008283,0.15671902996546105
SG_008287,0.1582906348034781
SG_008291,0.19238708134178367
SG_008293,0.163864656286338
SG_008294,0.16725643015201058
SG_008296,0.17930107060860573
SG_008298,0.16121377872941772
SG_008309,0.19657211836035607
SG_008310,0.14050549049130423
SG_008312,0.1601240796645008
SG_008316,0.1447879187068803
SG_008317,0.14668147698236678
SG_008318,0.17124363425583086
SG_008327,0.1336849579287372
SG_008330,0.16594206307240617
SG_008333,0.1450207518273561
SG_008336,0.2197699475773013
SG_008345,0.14201813862306834
SG_008347,0.15816491146245065
SG_008355,0.19881875714826
SG_008358,0.15402068476714917
SG_008359,0.16457593555879116
SG_008360,0.16574552156574737
SG_008361,0.1439170177698071
SG_008362,0.1838763837136977
SG_008365,0.16919763729110884
SG_008366,0.20596067386006278
SG_008375,0.16425916435950996
SG_008376,0.18593212039913615
SG_008382,0.14778134568615645
SG_008383,0.18880860145321532
SG_008388,0.17735759151103297
SG_008389,0.21646549208240612
SG_008392,0.17087900944980616
SG_008396,0.16549329713198432
SG_008402,0.1707144602025998
SG_008410,0.16083766441511815
SG_008413,0.17091388249201356
SG_008417,0.18677133928698758
SG_008420,0.20516036489028364
SG_008422,0.1250916943656906
SG_008435,0.18952645353571435
SG_008440,0.11131105392109593
SG_008441,0.18641009641729336
SG_008442,0.16136159464706745
SG_008443,0.14326990529401815
SG_008444,0.20283759400880164
SG_008449,0.17865790586315605
SG_008452,0.1700097989758946
SG_008457,0.20784624421896095
SG_008459,0.13780719761966181
SG_008462,0.17721246691820863
SG_008467,0.1635907543820275
SG_008468,0.19325961318712176
SG_008478,0.1546245390843527
SG_008482,0.18862169602037046
SG_008484,0.2223059570192702
SG_008485,0.13578670493569486
SG_008494,0.19343200961969328
SG_008497,0.1427442634801874
SG_008498,0.14398546701738568
SG_008500,0.1642622362509849
SG_008501,0.20550091325963935
SG_008504,0.2081305982889689
SG_008506,0.19662186501780227
SG_008512,0.18053307600808108
SG_008514,0.19279731172271083
SG_008517,0.18855916192556635
SG_008522,0.16047620460887102
SG_008527,0.20760829572998524
SG_008529,0.1940213476684624
SG_008531,0.14849386174164642
SG_008534,0.21042782271348126
SG_008535,0.17269609146403903
SG_008536,0.14494269231002577
SG_008538,0.15479633679500954
SG_008541,0.1545953752748494
SG_008542,0.17729226689172103
SG_008545,0.2331718762439364
SG_008547,0.15350121449273987
SG_008549,0.17975040613661297
SG_008550,0.17924496186661198
SG_008551,0.16217184628483097
SG_008553,0.12509373683126446
SG_008555,0.17327172981532785
SG_008557,0.18037199435172596
SG_008561,0.16120700430520468
SG_008564,0.1562670597291529
SG_008565,0.2115248423425474
SG_008568,0.1734027552407681
SG_008569,0.19581663893444015
SG_008570,0.17713272946068714
SG_008572,0.1734191452737409
SG_008574,0.1683661583974695
SG_008575,0.2125877496701139
SG_008576,0.14234951576016186
SG_008577,0.17852337610278948
SG_008580,0.1432089854005854
SG_008586,0.1788313644533555
SG_008594,0.20251420161860317
SG_008598,0.13085111160595417
SG_008600,0.21277547712620812
SG_008614,0.17573137216431714
SG_008615,0.17830589041409634
SG_008617,0.15946193832623107
SG_008624,0.1822079449997761
SG_008630,0.16823607105072533
SG_008635,0.15171107774828876
SG_008636,0.10834103297540423
SG_008639,0.1916896798880024
SG_008645,0.15750806947390703
SG_008646,0.20591029100701527
SG_008650,0.1821951450565091
SG_008653,0.20040363910585618
SG_008669,0.17197503816359502
SG_008671,0.2313173547892639
SG_008689,0.20004282291692635
SG_008691,0.1756423455528596
SG_008693,0.1474377863531058
SG_008708,0.14502114032432126
SG_008714,0.18151497221900434
SG_008726,0.1602957947285121
SG_008727,0.20729518488040516
SG_008729,0.15898722175355168
SG_008734,0.1347836177381315
SG_008735,0.1965347319226738
SG_008737,0.22859220676252562
SG_008739,0.165740993928064
SG_008745,0.18184655047788795
SG_008749,0.14406122381078562
SG_008755,0.15027288077716833
SG_008759,0.15735529277622393
SG_008766,0.14294733750700267
SG_008769,0.18906261754221013
SG_008770,0.1739500267958154
SG_008771,0.14302310110258154
SG_008773,0.20240687291571113
SG_008774,0.19996828843505626
SG_008776,0.18627560216685773
SG_008777,0.14461441609702994
SG_008780,0.14861003732069178
SG_008782,0.1786669119574475
SG_008784,0.18473603350707218
SG_008785,0.1570904817596082
SG_008787,0.1806853399511486
SG_008789,0.16720054253305888
SG_008793,0.1948644212804524
SG_008798,0.20845820839529647
SG_008810,0.19688843763779929
SG_008816,0.20509711316753626
SG_008823,0.19920232092483764
SG_008824,0.19493919636507775
SG_008825,0.162638847861364
SG_008828,0.18762985212290467
SG_008836,0.17826664900897055
SG_008839,0.16727629697029436
SG_008840,0.152718851854249
SG_008841,0.15260685135163266
SG_008843,0.2126198452031285
SG_008844,0.16481510070295644
SG_008845,0.13981509316035662
SG_008849,0.1611603345636082
SG_008850,0.18832208572110065
SG_008853,0.2250745261517726
SG_008855,0.15763274308275005
SG_008859,0.16382215552192494
SG_008862,0.11769927174551405
SG_008864,0.15703462383864553
SG_008865,0.1398090715954648
SG_008866,0.15911329798014107
SG_008867,0.21005758784567763
SG_008869,0.18597972128397977
SG_008876,0.1649316370931893
SG_008881,0.20293804480456368
SG_008883,0.1538900629410184
SG_008888,0.11072326393759846
SG_008889,0.20212263201823819
SG_008895,0.16770195370522822
SG_008897,0.17366963668760652
SG_008901,0.15423991437533752
SG_008905,0.1682165620568836
SG_008907,0.15181572878253397
SG_008908,0.14256487980139987
SG_008910,0.16735972830351936
SG_008913,0.19682182725349182
SG_008914,0.15769229907045482
SG_008917,0.16797278761455725
SG_008919,0.1471289053959661
SG_008920,0.20375859796598897
SG_008925,0.17215301590258175
SG_008926,0.14677603501232164
SG_008927,0.18978969678703117
SG_008930,0.19221290252857146
SG_008932,0.12992173271009577
SG_008934,0.19118225464269603
SG_008937,0.15240953112780814
SG_008940,0.1507129957265418
SG_008943,0.16232495490890161
SG_008947,0.18884401918256455
SG_008955,0.1472159173026939
SG_008960,0.23511114044024123
SG_008962,0.13847760588340646
SG_008964,0.23714447333390312
SG_008965,0.14534705513237728
SG_008966,0.15427090426265197
SG_008971,0.1634147438583497
SG_008972,0.1771005149642257
SG_008976,0.17703344718335506
SG_008978,0.1316485663687587
SG_008983,0.12241411750290099
SG_008989,0.21656477522048356
SG_008990,0.17311437279072078
SG_008994,0.1672522813225415
SG_008996,0.18556784051408207
SG_008998,0.19015357080230294
SG_008999,0.12718056872174094
SG_009001,0.16449876818621828
SG_009005,0.19687389845712588
SG_009006,0.1465151526132243
SG_009011,0.1485862279166052
SG_009017,0.14689298819889163
SG_009018,0.2275697191160207
SG_009032,0.1655575632321355
SG_009034,0.13989748325823728
SG_009043,0.19309412416129232
SG_009047,0.15279243541743726
SG_009048,0.1632778783427419
SG_009053,0.16209104780810069
SG_009055,0.16886785756213607
SG_009058,0.15933977255640497
SG_009063,0.22228647416276806
SG_009064,0.20306017349435104
SG_009065,0.21812718148342025
SG_009069,0.15016496157293238
SG_009070,0.19850687058347757
SG_009072,0.13018958656721966
SG_009075,0.14292017238483212
SG_009079,0.16049781212497055
SG_009080,0.19160916478965914
SG_009081,0.1626916006306206
SG_009083,0.15969424405882943
SG_009085,0.18312918660829952
SG_009091,0.16210812220722454
SG_009093,0.19687168457472812
SG_009100,0.1378484501703597
SG_009109,0.1647269875289044
SG_009115,0.14398826034870635
SG_009119,0.1894972003463881
SG_009120,0.164678069681339
SG_009123,0.17938125912196717
SG_009124,0.20052695172000662
SG_009127,0.1288308318436186
SG_009128,0.1591008953320711
SG_009135,0.19800901999954704
SG_009136,0.1963324645590241
SG_009139,0.19073791075828397
SG_009146,0.21592986542236964
SG_009147,0.1904816041107284
SG_009149,0.13368838988236048
SG_009150,0.20451892368490138
SG_009152,0.22050089448669055
SG_009153,0.18903696377090315
SG_009159,0.14953963112276258
SG_009168,0.19428404391672138
SG_009169,0.19028788573071997
SG_009170,0.18596202878963267
SG_009172,0.1556729570090401
SG_009176,0.12935753982927606
SG_009179,0.1999618984871167
SG_009183,0.1864791935355104
SG_009193,0.21470221982538087
SG_009196,0.14905595243434097
SG_009199,0.15302661208882562
SG_009202,0.19130080498414312
SG_009203,0.12716089515794912
SG_009204,0.17101843107915649
SG_009206,0.1858386048039221
SG_009207,0.19994924817618773
SG_009209,0.20586864759560716
SG_009210,0.18915947045996542
SG_009214,0.14330344910787107
SG_009220,0.1796161730275064
SG_009223,0.15911746756872355
SG_009224,0.18173076610496355
SG_009225,0.16735129851334227
SG_009226,0.21747960584068907
SG_009229,0.15267485725190846
SG_009230,0.15048367022580283
SG_009236,0.15080227583651892
SG_009242,0.17420781296042126
SG_009246,0.1748076028889663
SG_009250,0.16002574416261917
SG_009253,0.22211547671450832
SG_009266,0.18023025018728395
SG_009268,0.20198111403544045
SG_009272,0.19413718389149012
SG_009273,0.12070137268277129
SG_009274,0.17804692498334623
SG_009277,0.18858830906310234
SG_009278,0.13446935639436292
SG_009279,0.15389888592902715
SG_009280,0.147447344390825
SG_009281,0.16397882156146526
SG_009289,0.1933311070465456
SG_009290,0.1962681797522158
SG_009299,0.1774780901449259
SG_009300,0.13662637040566242
SG_009305,0.18482725628686522
SG_009307,0.18187351869925195
SG_009319,0.14577313588972401
SG_009328,0.17714187353950478
SG_009333,0.15996080213601585
SG_009335,0.17822574127012317
SG_009341,0.1571552333361595
SG_009347,0.16063760047986173
SG_009354,0.19826220147802703
SG_009355,0.1825927620251659
SG_009357,0.15162345196486454
SG_009362,0.19104789012479853
SG_009363,0.2123025439301804
SG_009365,0.15174186131454281
SG_009366,0.19584562052649018
SG_009367,0.18582699956491402
SG_009370,0.17759037998656965
SG_009386,0.17769648316227996
SG_009392,0.16866547645261534
SG_009398,0.160185479383594
SG_009400,0.13621134436794452
SG_009402,0.1902364036433877
SG_009403,0.18608162766932929
SG_009404,0.15213693668689576
SG_009406,0.19496162195586836
SG_009407,0.19099498239848184
SG_009408,0.1326203624211572
SG_009409,0.14774240892010085
SG_009410,0.18598082996686377
SG_009411,0.15038288036730257
SG_009412,0.19271808326170753
SG_009413,0.15589694851868433
SG_009415,0.18103102980896202
SG_009417,0.1650836393838397
SG_009419,0.18868716003252856
SG_009425,0.21501902632034903
SG_009426,0.17136912517366593
SG_009427,0.13999933650942953
SG_009429,0.16003060380331274
SG_009434,0.16214037931491435
SG_009438,0.16204538191301973
SG_009441,0.1763394154298576
SG_009442,0.1694745910686189
SG_009444,0.1619479422353677
SG_009445,0.173738158420795
SG_009446,0.12437985758190799
SG_009447,0.13260724044980948
SG_009449,0.16962286829279116
SG_009455,0.15029399395749582
SG_009458,0.16258028453834478
SG_009461,0.19139856069999953
SG_009462,0.1964819226879364
SG_009466,0.1797752634453797
SG_009473,0.15589320474517712
SG_009478,0.1682281074251921
SG_009479,0.1841857950628095
SG_009481,0.1721132252871295
SG_009485,0.2003718324385712
SG_009490,0.21520410421840933
SG_009496,0.17104585558004892
SG_009500,0.17960485885138466
SG_009502,0.20624601626450242
SG_009504,0.2029525034232113
SG_009505,0.1852792507633511
SG_009516,0.1938776146787094
SG_009518,0.16968116150944312
SG_009519,0.1813957957462271
SG_009528,0.13882034896201756
SG_009529,0.1648322692626001
SG_009530,0.14489800268538433
SG_009533,0.1694352621385821
SG_009537,0.14369859773523236
SG_009539,0.15824708876537136
SG_009540,0.1663142674823949
SG_009541,0.19122346111669897
SG_009544,0.1851087971532511
SG_009556,0.14861186204958185
SG_009558,0.2226160073280845
SG_009566,0.16579203122795705
SG_009567,0.15787534942644796
SG_009569,0.12748175218762553
SG_009573,0.18286569355664986
SG_009577,0.14611750172359028
SG_009581,0.16891135063413282
SG_009582,0.15512668833887633
SG_009584,0.11678985618418995
SG_009585,0.18964632142640167
SG_009589,0.16212633179319433
SG_009592,0.15542279223881952
SG_009593,0.20296088508686339
SG_009602,0.1511741133424922
SG_009614,0.14798142684781204
SG_009616,0.21995855838193937
SG_009618,0.183543956516078
SG_009619,0.14563081621392487
SG_009620,0.1923127783331327
SG_009622,0.1694885258362582
SG_009630,0.15673168055140937
SG_009632,0.18203351473552654
SG_009639,0.18823691394003636
SG_009649,0.20036720325600305
SG_009651,0.19430794358677095
SG_009661,0.136544156887881
SG_009670,0.1608750034806444
SG_009671,0.2350373294400509
SG_009679,0.2075060393283054
SG_009681,0.1877043981311249
SG_009683,0.16174802877986877
SG_009687,0.19275665856212895
SG_009690,0.1551296404770836
SG_009691,0.20562050767676418
SG_009694,0.17085396771402322
SG_009696,0.20419658949173286
SG_009701,0.19155099274105666
SG_009702,0.14690301408615236
SG_009707,0.15263922931089663
SG_009716,0.17180661910838846
SG_009718,0.16746671724751677
SG_009727,0.35938963897491977
SG_009736,0.17435070025922314
SG_009741,0.1447551759705661
SG_009744,0.18355929535398774
SG_009746,0.16123071594954255
SG_009747,0.18438081701158254
SG_009751,0.20213912509865256
SG_009754,0.15370635571129887
SG_009757,0.16072035208829089
SG_009759,0.17734818923402002
SG_009760,0.15515713435080639
SG_009762,0.16652091935832547
SG_009763,0.17290237373148817
SG_009766,0.15748183233760182
SG_009776,0.20030155545985603
SG_009778,0.1994908184801982
SG_009780,0.1710701269447475
SG_009782,0.23039844914628688
SG_009783,0.1330021612070645
SG_009785,0.18004909906000013
SG_009786,0.1797225135468759
SG_009791,0.1793181192350767
SG_009794,0.16691461478639535
SG_009795,0.1649466928257093
SG_009799,0.20297341244667252
SG_009800,0.20083340417579026
SG_009814,0.2031331034971991
SG_009819,0.166307645503482
SG_009824,0.170973380004856
SG_009825,0.2291388125635303
SG_009829,0.15101772909543068
SG_009834,0.17063999166321217
SG_009837,0.20369015128855766
SG_009838,0.1745639189199387
SG_009843,0.17010046098008477
SG_009845,0.16816606982273924
SG_009851,0.17092904288914168
SG_009855,0.19952052681787238
SG_009856,0.15319839634937527
SG_009862,0.1587415017629708
SG_009865,0.1602188495288257
SG_009867,0.12382336367789235
SG_009868,0.20176311638503322
SG_009869,0.11521333154875121
SG_009870,0.1626640141044427
SG_009875,0.1752099425319867
SG_009876,0.19475577157557175
SG_009877,0.19109459221479325
SG_009878,0.18182897162377745
SG_009880,0.22997768827626106
SG_009881,0.15958574600013564
SG_009895,0.21295950921612827
SG_009905,0.17626113089447143
SG_009909,0.17623720542336171
SG_009914,0.16440075955094707
SG_009916,0.16949206302143266
SG_009921,0.1659700739568143
SG_009923,0.19893314208678708
SG_009926,0.17245612765074558
SG_009929,0.17304694462054085
SG_009932,0.1827212140731191
SG_009933,0.12286306445490155
SG_009935,0.15071926403541933
SG_009936,0.22261073053795957
SG_009937,0.15180455688636796
SG_009941,0.09709562386849764
SG_009942,0.17751190749059972
SG_009953,0.19931788308812873
SG_009956,0.13918843016933025
SG_009959,0.1616624525973068
SG_009964,0.16380088618934519
SG_009972,0.1753161943078155
SG_009977,0.16505527329698402
SG_009979,0.1950976670616447
SG_009982,0.16180018598665502
SG_009985,0.1832147967906697
SG_009987,0.14784308054361117
SG_009989,0.1562333847135471
SG_009993,0.16521123422139133
SG_009997,0.16092949805923062
SG_009999,0.1619909824203954
SG_010002,0.19562303470729814
SG_010007,0.1689415668257445
SG_010008,0.17629131900450606
SG_010009,0.16758976313180543
SG_010010,0.1835706689956332
SG_010011,0.17458746481855356
SG_010012,0.16454646932854367
SG_010014,0.1526889644387556
SG_010015,0.15888999013237587
SG_010019,0.14785120007949654
SG_010020,0.17348311668652175
SG_010021,0.1409487545502907
SG_010024,0.18131670206151002
SG_010025,0.1994464228683422
SG_010034,0.17382016852095122
SG_010037,0.15568487248830984
SG_010038,0.1713761184578751
SG_010042,0.16907776699542526
SG_010045,0.1784246439792969
SG_010047,0.19461517122448332
SG_010048,0.16727936677450897
SG_010050,0.19084748933488016
SG_010052,0.13923490289167614
SG_010058,0.15431047032913617
SG_010061,0.20051520247926358
SG_010068,0.15127396563725776
SG_010069,0.16491909098778393
SG_010074,0.1652139000950287
SG_010078,0.16346659838497132
SG_010081,0.14576598586419892
SG_010084,0.1626128839624726
SG_010085,0.16061150696189871
SG_010086,0.22313555146487607
SG_010088,0.19491174186986895
SG_010091,0.15879959461303497
SG_010092,0.1710949656749275
SG_010099,0.1843241485145967
SG_010101,0.15961394033257034
SG_010103,0.1632077597101193
SG_010104,0.17240348128357963
SG_010106,0.20057940306982394
SG_010109,0.16626590108079045
SG_010115,0.16075696957180186
SG_010116,0.192020243591915
SG_010117,0.17686097566985476
SG_010123,0.19948169294839233
SG_010130,0.1395071607604656
SG_010132,0.13868692900817875
SG_010134,0.21348281172035702
SG_010142,0.19223849282824804
SG_010144,0.16456953027850368
SG_010146,0.24132207250933493
SG_010151,0.16652769454090705
SG_010153,0.19576886484101436
SG_010155,0.15451033804001654
SG_010157,0.21042689684170107
SG_010165,0.13993709377577943
SG_010166,0.2549086107409329
SG_010169,0.13396711531932654
SG_010170,0.20246680938872727
SG_010172,0.151833249195263
SG_010173,0.1658887782191525
SG_010174,0.17966636625485183
SG_010175,0.17019004888671885
SG_010176,0.17655889656439513
SG_010182,0.15248862145250017
SG_010183,0.16998732363289418
SG_010184,0.1978830683524385
SG_010187,0.1909125169123173
SG_010195,0.16241893766086526
SG_010198,0.2293232330348732
SG_010199,0.15423248006779902
SG_010200,0.14400274966764554
SG_010204,0.16395630076403006
SG_010206,0.10880111415408208
SG_010208,0.18226152592215375
SG_010209,0.14965254251332477
SG_010210,0.1882290462359762
SG_010213,0.14317704294202666
SG_010217,0.1824420079690617
SG_010226,0.15898890678838984
SG_010227,0.18416421708618247
SG_010234,0.16557816169281264
SG_010235,0.13747056845730485
SG_010238,0.205037635728926
SG_010241,0.14996610235818134
SG_010242,0.1376432454150002
SG_010243,0.12078190490649048
SG_010246,0.19947824198466318
SG_010252,0.1831613385604115
SG_010253,0.18290149031982522
SG_010256,0.19756934589118413
SG_010257,0.15251515024012446
SG_010258,0.1393377085772834
SG_010259,0.2368600291672677
SG_010261,0.18363038329401862
SG_010263,0.17675679081826606
SG_010265,0.11406190020566793
SG_010267,0.16732175835102123
SG_010271,0.13874726438119142
SG_010273,0.19224531262218553
SG_010274,0.1285185538354292
SG_010277,0.16788549724565532
SG_010284,0.17666283009666306
SG_010286,0.19948300561797003
SG_010287,0.2192192568895846
SG_010288,0.17175540729349043
SG_010293,0.15760748029965033
SG_010294,0.18508161298317688
SG_010298,0.17687565234853417
SG_010306,0.15677941305940685
SG_010313,0.16228553516413446
SG_010315,0.19198623776879165
SG_010316,0.1923469705528314
SG_010319,0.16770671146456817
SG_010320,0.17596416821548141
SG_010322,0.1730650616094269
SG_010323,0.16890406705555788
SG_010326,0.16579073849528786
SG_010328,0.19104230819983287
SG_010329,0.22113621839534034
SG_010330,0.17132612357966046
SG_010332,0.16531856772333692
SG_010336,0.17726336887458127
SG_010344,0.17906818261963792
SG_010347,0.18828469292488678
SG_010350,0.1584030389292151
SG_010352,0.2380894316945299
SG_010354,0.16929185509516928
SG_010358,0.16341798563809673
SG_010371,0.13082666228488157
SG_010373,0.20306239350905325
SG_010379,0.18093931764351484
SG_010386,0.15543527583018268
SG_010393,0.13829010651388823
SG_010394,0.16323809561721297
SG_010399,0.17146112613074077
SG_010401,0.20165364060532429
SG_010404,0.1783418676415464
SG_010406,0.13947598869756697
SG_010407,0.16604382641055593
SG_010409,0.21221759821495606
SG_010412,0.18969225379657428
SG_010418,0.14147336754229972
SG_010420,0.1671600359073116
SG_010424,0.18482442082139833
SG_010425,0.17950934878331645
SG_010428,0.18604826127926666
SG_010430,0.19334293136712785
SG_010431,0.18205310620970824
SG_010435,0.15608848610017562
SG_010442,0.16488424148153502
SG_010455,0.164588413297767
SG_010459,0.19316910709365803
SG_010460,0.18468239981003476
SG_010461,0.20152899353167789
SG_010462,0.17479549393302857
SG_010465,0.1352408176081404
SG_010467,0.14305327109410834
SG_010469,0.1468843012495303
SG_010470,0.161135659257582
SG_010472,0.16002705457148317
SG_010475,0.1859816885213777
SG_010477,0.17942827925756233
SG_010481,0.16721683613227278
SG_010482,0.13619805535224777
SG_010483,0.19246252168752684
SG_010485,0.15043565201292317
SG_010486,0.1734184695034715
SG_010487,0.18202503985409027
SG_010490,0.1955753079044172
SG_010492,0.13895319174605542
SG_010493,0.12529321585409942
SG_010495,0.1762144493952636
SG_010498,0.15894412872197897
SG_010499,0.1577180696687385
SG_010501,0.189317987900019
SG_010503,0.16904305778257941
SG_010505,0.18096896007588048
SG_010506,0.13133284694919606
SG_010507,0.17298982715971295
SG_010509,0.16734729186345182
SG_010510,0.15285877454278812
SG_010515,0.19287390708108537
SG_010517,0.19208635359175658
SG_010518,0.1727292017149155
SG_010531,0.18196091655445906
SG_010546,0.17662487854539563
SG_010547,0.14930316042501662
SG_010550,0.1823423117490889
SG_010552,0.19391909333782337
SG_010553,0.17008607879715137
SG_010555,0.14801645865589577
SG_010561,0.16284097664978955
SG_010562,0.17821811074297875
SG_010563,0.17123313282634622
SG_010569,0.18726474151689204
SG_010571,0.1390101103164545
SG_010577,0.15914801522601119
SG_010578,0.15896235728649544
SG_010579,0.16965502065981278
SG_010582,0.13271295315597492
SG_010585,0.18033958784394116
SG_010586,0.17910059707556142
SG_010588,0.19479720140723544
SG_010589,0.14094756472927056
SG_010590,0.17526257664743045
SG_010592,0.22373795776282993
SG_010594,0.22669511325811822
SG_010598,0.19580668689552794
SG_010600,0.1581870553886823
SG_010607,0.14937695805609102
SG_010611,0.19787493824290606
SG_010615,0.20620745261429443
SG_010616,0.18730214223654856
SG_010619,0.21631795291108963
SG_010627,0.20586222719024677
SG_010634,0.14655270895545966
SG_010635,0.15132864399913432
SG_010636,0.19295231808899155
SG_010649,0.207712792706407
SG_010651,0.17881443038809378
SG_010653,0.14575251445606133
SG_010655,0.14477871953970686
SG_010659,0.1641258990184044
SG_010662,0.18256956911519312
SG_010664,0.18205038093539602
SG_010666,0.15675167063369413
SG_010668,0.10968625934430651
SG_010670,0.14839452556287122
SG_010673,0.17444849714755511
SG_010674,0.16893875362165628
SG_010679,0.16719900561566742
SG_010684,0.16952243308434287
SG_010685,0.17446529504001834
SG_010690,0.1546416714432157
SG_010696,0.18713712043927078
SG_010700,0.14843604076906922
SG_010707,0.14990922911138113
SG_010708,0.16076198207736225
SG_010713,0.13371101156991042
SG_010717,0.1453909550519948
SG_010718,0.17379467279988703
SG_010721,0.1889048906783759
SG_010722,0.1483512009680021
SG_010726,0.17707886804669576
SG_010729,0.16452560733216406
SG_010733,0.16816494402570897
SG_010734,0.1504061042986477
SG_010737,0.18151234257830964
SG_010739,0.13394359956011853
SG_010745,0.18747665862445423
SG_010752,0.19558878074753652
SG_010753,0.20969780151608544
SG_010757,0.17164854741916943
SG_010760,0.18514754313938753
SG_010763,0.16316108567852125
SG_010769,0.21002049547045068
SG_010772,0.1726879308953185
SG_010773,0.14960238565150938
SG_010774,0.20188045014113776
SG_010781,0.16435321973175143
SG_010784,0.1343604841464803
SG_010789,0.1553730827192811
SG_010791,0.19164118149037984
SG_010795,0.1864138887998146
SG_010796,0.16317556965397872
SG_010798,0.16337811695146143
SG_010801,0.15611783273180296
SG_010803,0.19929762516766392
SG_010808,0.16011325198482598
SG_010809,0.17380813202120243
SG_010810,0.17942707237605493
SG_010814,0.14921604071723227
SG_010816,0.12137072379112938
SG_010818,0.13921715545635263
SG_010824,0.16952738951602814
SG_010828,0.17877491726967099
SG_010830,0.1774145838792321
SG_010831,0.16980804238510258
SG_010837,0.18603259189392557
SG_010843,0.18162690941130624
SG_010844,0.19548211942489477
SG_010845,0.15959688739979855
SG_010846,0.18894326056912752
SG_010847,0.14913869486126533
SG_010853,0.16885177932657103
SG_010857,0.13780139272005532
SG_010860,0.17291695671048596
SG_010863,0.17836126426425375
SG_010865,0.17329922795447314
SG_010870,0.1823523800661209
SG_010871,0.17809251235739912
SG_010872,0.16415411195931348
SG_010876,0.19919789185669218
SG_010881,0.16144897736854663
SG_010882,0.14100116405066568
SG_010884,0.19061709244831965
SG_010887,0.1883839509699571
SG_010888,0.17459986749161185
SG_010889,0.18167603423096776
SG_010894,0.15255248908005187
SG_010896,0.13899880472771317
SG_010898,0.1427117669313324
SG_010902,0.20878547377424753
SG_010904,0.1655360901305123
SG_010907,0.15799861683194555
SG_010911,0.17674810022203738
SG_010922,0.1507266136044125
SG_010930,0.14490148461435146
SG_010946,0.175009952454867
SG_010951,0.13529576943085592
SG_010956,0.20945260074432204
SG_010960,0.18445339421899803
SG_010961,0.2063990784352679
SG_010962,0.17097389795720846
SG_010969,0.17653010897826504
SG_010971,0.14444603286783114
SG_010973,0.1691790314257977
SG_010974,0.136558276474896
SG_010977,0.1791889343576692
SG_010982,0.14703408498563642
SG_010985,0.18556791293037722
SG_010986,0.1558149603931686
SG_010987,0.167678510339717
SG_010993,0.16192802828242453
SG_010995,0.1454501192039853
SG_010998,0.21844445182249891
SG_011003,0.18696503618668525
SG_011010,0.15898120836222854
SG_011012,0.15760089918567888
SG_011016,0.1799403854261381
SG_011017,0.1568372130019314
SG_011025,0.13886685878368402
SG_011031,0.19601546613457937
SG_011050,0.1073492342661152
SG_011052,0.16052376762421003
SG_011053,0.1594492892243372
SG_011055,0.19200803854478604
SG_011057,0.18994635560073722
SG_011060,0.17775062471162864
SG_011073,0.17006984661118732
SG_011075,0.173889131453959
SG_011077,0.15984978274779538
SG_011088,0.165387092006801
SG_011089,0.19964273078414618
SG_011097,0.13214141506748928
SG_011107,0.16736621888316203
SG_011110,0.1550789704058145
SG_011117,0.18030875243038227
SG_011120,0.1673870714342464
SG_011132,0.169587531847527
SG_011133,0.16660331054626626
SG_011139,0.19810831334959794
SG_011143,0.18692250088841533
SG_011144,0.19083648820611943
SG_011147,0.207985948842149
SG_011148,0.16792962579931997
SG_011151,0.15195436283690592
SG_011152,0.18993618053260147
SG_011154,0.1348651545169249
SG_011158,0.18075584305498532
SG_011159,0.21809044962359136
SG_011160,0.16128711392832407
SG_011161,0.15983592757012416
SG_011162,0.19204448613465966
SG_011164,0.15107307547066579
SG_011169,0.13814494879015926
SG_011170,0.1293008140108634
SG_011175,0.1488591729396817
SG_011176,0.1884128949797431
SG_011177,0.19474049124745357
SG_011182,0.1738457447928547
SG_011184,0.19352032685480366
SG_011186,0.16870245071560022
SG_011190,0.15576163802311083
SG_011192,0.18932162624195462
SG_011199,0.1446876347579593
SG_011200,0.14896194164593307
SG_011201,0.1476147721287399
SG_011203,0.1713628348010081
SG_011208,0.22877874345875102
SG_011212,0.15058583021774755
SG_011214,0.15702644059162868
SG_011221,0.17895158654246135
SG_011222,0.17415101437399688
SG_011224,0.14493774677696683
SG_011226,0.207988903871882
SG_011235,0.17698265414419975
SG_011239,0.17375179973182558
SG_011250,0.15220946092538
SG_011257,0.21675580479084858
SG_011259,0.173604173260232
SG_011261,0.14193615371703242
SG_011262,0.18860429658803066
SG_011266,0.15853186508786438
SG_011274,0.15043294660628836
SG_011275,0.15107398046303866
SG_011279,0.14050951379067164
SG_011280,0.1687309513488863
SG_011285,0.16214713968331496
SG_011291,0.14111747144942127
SG_011294,0.14681664829353563
SG_011298,0.1660787876157463
SG_011303,0.1445132858457711
SG_011304,0.143390230574329
SG_011306,0.14874282264607455
SG_011307,0.16701762754510574
SG_011308,0.1778943330510369
SG_011309,0.17197158036462953
SG_011310,0.1683505807012353
SG_011312,0.20713089246895722
SG_011313,0.22220827109860375
SG_011327,0.15555965537744584
SG_011333,0.18113795460064652
SG_011335,0.1933925866607088
SG_011337,0.17394358904534027
SG_011340,0.11836992555380474
SG_011343,0.14631384842413347
SG_011345,0.16595567874326708
SG_011347,0.16649072612896224
SG_011350,0.14821889816931866
SG_011357,0.15710821674314154
SG_011360,0.13310510286045912
SG_011361,0.19303775784924235
SG_011367,0.13807579540163106
SG_011371,0.1556712359881991
SG_011376,0.19880657055056178
SG_011377,0.2016562523887684
SG_011380,0.16623260839540802
SG_011381,0.15359269368746728
SG_011383,0.18325117304883964
SG_011398,0.15675600043319524
SG_011401,0.16160232650289705
SG_011413,0.16147130453337105
SG_011416,0.1480598375486709
SG_011420,0.17859413676678965
SG_011429,0.15171562588213483
SG_011432,0.15754781611101087
SG_011437,0.18537490143752383
SG_011443,0.16346614477325
SG_011447,0.18398274765127776
SG_011450,0.2134361335631294
SG_011457,0.1669441470306996
SG_011458,0.16950820943103578
SG_011460,0.1797858527166783
SG_011464,0.1568646300892662
SG_011468,0.16258449243486695
SG_011469,0.18989657148034947
SG_011473,0.18747443592872076
SG_011475,0.20836326479489492
SG_011479,0.17261006546652552
SG_011482,0.19867510375152664
SG_011483,0.20327511784990823
SG_011492,0.17089459255796763
SG_011493,0.1789551198533056
SG_011497,0.11281644451178734
SG_011503,0.220531849277946
SG_011504,0.19062577475486162
SG_011505,0.14550247112404316
SG_011512,0.19284317033412862
SG_011519,0.11936492368059395
SG_011526,0.21356922355699268
SG_011527,0.15528930777032815
SG_011528,0.14120946576824905
SG_011532,0.17049419364734364
SG_011541,0.1531203370594731
SG_011544,0.17590632866460273
SG_011547,0.19693927342452117
SG_011548,0.17949113905254782
SG_011552,0.1749421417982194
SG_011566,0.16347502263308442
SG_011567,0.19078176295682817
SG_011569,0.15585773217418442
SG_011575,0.1664456964203695
SG_011576,0.16706979657092644
SG_011577,0.16141913859849352
SG_011581,0.1831732387454473
SG_011584,0.18104842214354527
SG_011586,0.17950291207069652
SG_011593,0.1669628796123237
SG_011597,0.1799985915242642
SG_011598,0.17872963152074323
SG_011602,0.15327798698292897
SG_011605,0.1845832679219161
SG_011607,0.17377593739496716
SG_011612,0.22947288974316934
SG_011616,0.18964094455950833
SG_011617,0.16845905731073416
SG_011620,0.2100437836424848
SG_011622,0.17088887547469117
SG_011625,0.19973201209038943
SG_011626,0.17148074509382832
SG_011627,0.16837434532546633
SG_011632,0.17452319051951598
SG_011633,0.15663762027109646
SG_011635,0.2014794301406674
SG_011638,0.16269427441479506
SG_011640,0.2259155474075826
SG_011645,0.14201031058495533
SG_011649,0.17615408865944465
SG_011656,0.1954765010248171
SG_011662,0.14946751017314094
SG_011663,0.1512448304268896
SG_011666,0.17589640162335324
SG_011672,0.1616711650699675
SG_011673,0.17892404988225014
SG_011676,0.18410649157530126
SG_011678,0.2217010904750961
SG_011682,0.17802047527479237
SG_011683,0.13792571831979722
SG_011684,0.15869524527283
SG_011691,0.12120380936572125
SG_011694,0.10914394479571354
SG_011695,0.17686670275920957
SG_011697,0.14634834493384585
SG_011699,0.15446374257913953
SG_011701,0.1834115889307012
SG_011704,0.18381534404112226
SG_011705,0.18897071877023772
SG_011708,0.17431601380504325
SG_011714,0.20237479502686878
SG_011715,0.19763765621934065
SG_011720,0.16722787915138118
SG_011721,0.1424592686427661
SG_011727,0.1567124333837811
SG_011728,0.19316240937761125
SG_011729,0.15663787833398982
SG_011731,0.15772289276997126
SG_011736,0.15959691669300252
SG_011737,0.15320056517568373
SG_011747,0.1665078247547509
SG_011749,0.179114796657569
SG_011750,0.18596152648495362
SG_011752,0.16061714238668143
SG_011757,0.17783330663428232
SG_011764,0.2026020827999901
SG_011767,0.14543750991595045
SG_011769,0.18804106394850234
SG_011770,0.18884482259822058
SG_011772,0.1692075907516395
SG_011773,0.1191843847726571
SG_011777,0.1854617056504082
SG_011779,0.14113949145201304
SG_011780,0.1686762526001273
SG_011786,0.20897020413520268
SG_011787,0.1662370292968768
SG_011789,0.11466928242167156
SG_011796,0.1452888473509037
SG_011799,0.14354166312655917
SG_011801,0.19357264659528448
SG_011802,0.16921786288386792
SG_011806,0.12961979635942453
SG_011812,0.2111428381508067
SG_011814,0.17467938781687492
SG_011815,0.14878878890569516
SG_011816,0.17551630383875097
SG_011830,0.14446612934173644
SG_011833,0.14462320278477142
SG_011843,0.16536029026970014
SG_011853,0.1956690537968132
SG_011855,0.1591378337190787
SG_011858,0.16312905607393774
SG_011861,0.11481425138527028
SG_011863,0.18674920585016203
SG_011864,0.17471075290601096
SG_011868,0.17191974080480427
SG_011869,0.1848675009222404
SG_011871,0.18437528218974183
SG_011886,0.18949171564460626
SG_011889,0.12860457277263757
SG_011890,0.147106185191393
SG_011894,0.1626756310978793
SG_011896,0.11891529736159907
SG_011898,0.1574793937190016
SG_011900,0.1943587830408245
SG_011918,0.14592050678397567
SG_011922,0.2011787654250652
SG_011925,0.1577030763058485
SG_011926,0.1530971481527061
SG_011927,0.16630471036450167
SG_011931,0.1872731944107926
SG_011933,0.15846702918164896
SG_011936,0.1487622772725516
SG_011939,0.17540771262140703
SG_011940,0.15858127701262104
SG_011953,0.1804748626379608
SG_011955,0.22583064329416333
SG_011956,0.1775902285664887
SG_011959,0.17356049781253913
SG_011961,0.18327123893240582
SG_011962,0.21074901821500985
SG_011966,0.21768897919720284
SG_011969,0.15692206122475447
SG_011971,0.11486023657992595
SG_011977,0.191266258416665
SG_011978,0.13970448450791723
SG_011983,0.14392409941420004
SG_011986,0.18815753621345607
SG_011988,0.16051907168047902
SG_011993,0.1361562486727538
SG_011995,0.14421912593227967
SG_011996,0.1542801829102331
SG_011997,0.14865245059706117
SG_012000,0.17917684871966508
SG_012013,0.1752639518325907
SG_012018,0.15398080034924583
SG_012019,0.1354289876975894
SG_012020,0.2021520905994832
SG_012022,0.13692569386800685
SG_012031,0.1742477411058643
SG_012040,0.18955465248278786
SG_012041,0.13587015588754897
SG_012048,0.12413638199753159
SG_012050,0.15358444968528037
SG_012051,0.15692300520894065
SG_012052,0.1640002627852301
SG_012064,0.189087408306555
SG_012066,0.15635415415481496
SG_012068,0.16295723917694466
SG_012076,0.15359442555786107
SG_012077,0.16600030859829054
SG_012078,0.15716716349299514
SG_012079,0.14654838677259552
SG_012080,0.1691594329663799
SG_012081,0.17933334003450468
SG_012082,0.2335762293318508
SG_012086,0.17513209659790965
SG_012089,0.14747761513169833
SG_012097,0.13582422648305073
SG_012104,0.15354832403198831
SG_012108,0.18425726305055007
SG_012113,0.17350731680952283
SG_012119,0.18856475866362327
SG_012124,0.19335895766091976
SG_012125,0.15861285681254111
SG_012141,0.2112034886523444
SG_012143,0.17827471384766033
SG_012145,0.14908231389750154
SG_012148,0.15689947612621047
SG_012150,0.185751390561455
SG_012162,0.1653279604668202
SG_012165,0.16725827693053583
SG_012166,0.17097432158838544
SG_012167,0.21064178169992193
SG_012168,0.17154740155964163
SG_012169,0.15457896717939384
SG_012170,0.16325972507767664
SG_012175,0.15726405343950017
SG_012176,0.17339240731391561
SG_012177,0.1983421658776183
SG_012181,0.15443023966468358
SG_012186,0.19972123324888652
SG_012190,0.18674697281786948
SG_012192,0.19033503097395923
SG_012194,0.14658879405564598
SG_012195,0.1468937160977581
SG_012198,0.190336439027319
SG_012199,0.13863492835810312
SG_012205,0.23313910830793955
SG_012206,0.1941134502142591
SG_012211,0.14566719797730177
SG_012212,0.17880761287085054
SG_012213,0.1597353619426944
SG_012216,0.19368153137659916
SG_012217,0.16178878555021164
SG_012218,0.1879681779376553
SG_012220,0.1546922150754922
SG_012225,0.1865224441891708
SG_012230,0.13213627664196842
SG_012232,0.1472797441806478
SG_012234,0.14573227608421907
SG_012238,0.14667763350536173
SG_012241,0.1463800597803076
SG_012243,0.10929210491183779
SG_012247,0.1918670496693603
SG_012253,0.15114141194566033
SG_012258,0.18779799384551582
SG_012260,0.14926566552760206
SG_012263,0.133234347208738
SG_012264,0.20857069303232612
SG_012266,0.1837847818209463
SG_012270,0.18899219564882863
SG_012272,0.14252803748663193
SG_012276,0.158325828829078
SG_012277,0.15312111725386549
SG_012278,0.15227195469254937
SG_012279,0.1972211858179243
SG_012280,0.21100940522808473
SG_012281,0.20345197671200643
SG_012283,0.20384970629879437
SG_012284,0.24609070113514506
SG_012285,0.1811078198069349
SG_012290,0.16878961677048224
SG_012293,0.17600190690085132
SG_012301,0.20594288068373912
SG_012305,0.16695826724452537
SG_012307,0.19872728370684012
SG_012308,0.14651795635560697
SG_012310,0.16779341220539895
SG_012312,0.20310361500896787
SG_012313,0.19254816462530056
SG_012316,0.3065982056611208
SG_012321,0.14830868931588875
SG_012322,0.17863316478204205
SG_012326,0.14419625596893076
SG_012334,0.163212504440475
SG_012336,0.14314672953685714
SG_012337,0.17562364926587726
SG_012339,0.19261147972313714
SG_012340,0.1946980958684729
SG_012345,0.17671154143894044
SG_012355,0.142189039801834
SG_012362,0.1690146616506594
SG_012363,0.17687167680693144
SG_012368,0.1659945084871185
SG_012375,0.1397588856407048
SG_012378,0.15476157862509463
SG_012381,0.15923662244151776
SG_012384,0.13029680850579667
SG_012390,0.17978203437137058
SG_012393,0.16230590404660541
SG_012397,0.15267315730767983
SG_012400,0.2050838173696933
SG_012402,0.1998934554537335
SG_012410,0.14814283073704948
SG_012414,0.1351564901408855
SG_012419,0.16411920095501195
SG_012420,0.1762294471656491
SG_012422,0.17915038954999526
SG_012423,0.16904696364037403
SG_012424,0.13277859589593022
SG_012427,0.1665056169968243
SG_012432,0.1712860464847818
SG_012436,0.2139013582171449
SG_012437,0.2021465866306215
SG_012438,0.21046764843775861
SG_012444,0.14493488814740613
SG_012446,0.14699622402810436
SG_012452,0.17753610932751318
SG_012453,0.19535260149303246
SG_012456,0.17833940110565066
SG_012459,0.1335083935966332
SG_012468,0.18980077956971897
SG_012470,0.17839136582372148
SG_012480,0.17669799354520285
SG_012484,0.1361456901658197
SG_012489,0.16050675824523078
SG_012493,0.18340098278240907
SG_012495,0.2082523303316212
SG_012499,0.1793870946109792
SG_012501,0.161196616793781
SG_012502,0.15787813730064174
SG_012504,0.16724418931889734
SG_012506,0.1797811147835591
SG_012509,0.19790053676456867
SG_012510,0.22609078937081653
SG_012513,0.1596018077434437
SG_012519,0.16808855624807847
SG_012520,0.16756820638630582
SG_012521,0.1476784767429608
SG_012525,0.15103073337835687
SG_012527,0.17155055347343814
SG_012531,0.15196294942271257
SG_012533,0.18489934981286993
SG_012538,0.1836189019260007
SG_012539,0.1884302766258677
SG_012548,0.20937842945251256
SG_012550,0.16374574714779735
SG_012552,0.20630244790833344
SG_012556,0.15181567621434958
SG_012561,0.19334209178198644
SG_012562,0.15708456227513914
SG_012563,0.180084363029224
SG_012564,0.19388486638610833
SG_012567,0.14158448339645274
SG_012568,0.19204278683199694
SG_012571,0.17417783412263552
SG_012575,0.15136511587310128
SG_012579,0.17897686730274925
SG_012588,0.19541376206165875
SG_012591,0.1666270342581878
SG_012594,0.17287690414639154
SG_012596,0.17030228964507282
SG_012600,0.1888283709835227
SG_012601,0.17190250799671872
SG_012603,0.15489340237477953
SG_012606,0.1852227896372607
SG_012609,0.23258986162733378
SG_012610,0.1496346137623576
SG_012615,0.1321750383732864
SG_012616,0.15700725550854783
SG_012619,0.15105439883931188
SG_012623,0.1924700860047673
SG_012628,0.16021556042028223
SG_012630,0.19578414164261926
SG_012632,0.15856492899857547
SG_012636,0.14314005325370377
SG_012640,0.15094684995400426
SG_012643,0.18204807979190404
SG_012648,0.18944302536466764
SG_012651,0.15063117860203348
SG_012654,0.1909518153374488
SG_012660,0.20082095362062863
SG_012661,0.19491856711621627
SG_012663,0.16996774100037157
SG_012669,0.15322286378639424
SG_012674,0.1886153458257643
SG_012680,0.18286918209753825
SG_012684,0.16838940447519773
SG_012688,0.1788173148763114
SG_012690,0.18060203295592211
SG_012697,0.16183922877473328
SG_012699,0.17583703617285001
SG_012701,0.17165963273254406
SG_012705,0.15152231614967343
SG_012709,0.1713457277991263
SG_012710,0.19663267033866347
SG_012715,0.16228110864061568
SG_012716,0.15974573279833199
SG_012718,0.14967360520489445
SG_012723,0.15231573418589578
SG_012724,0.17758896555079073
SG_012730,0.17395039751097313
SG_012734,0.17418022699556718
SG_012736,0.12782945490872494
SG_012738,0.13943083072662252
SG_012747,0.188315278024209
SG_012749,0.2087221201065069
SG_012750,0.1443981736664345
SG_012753,0.1526592187560149
SG_012754,0.197579603419706
SG_012757,0.2115971085432816
SG_012763,0.15488370373071364
SG_012764,0.1414942594453832
SG_012767,0.21359259866906383
SG_012768,0.16960656046339362
SG_012773,0.15465450552474672
SG_012775,0.15919754070814418
SG_012777,0.1724339500266026
SG_012786,0.15600833483243132
SG_012787,0.19700210991539058
SG_012792,0.15511247814017445
SG_012797,0.19917107084762858
SG_012805,0.18698005985012653
SG_012808,0.17907456792024906
SG_012810,0.1807986482385266
SG_012819,0.20265490696336882
SG_012821,0.20862197446103123
SG_012822,0.19454222856122133
SG_012831,0.17323303649122043
SG_012844,0.1982507439334213
SG_012845,0.15453544862447327
SG_012848,0.12634131440361523
SG_012849,0.1528632422560428
SG_012851,0.192407932718758
SG_012859,0.15476341592845605
SG_012861,0.18792807649434512
SG_012869,0.18920876953232096
SG_012870,0.17529551143258643
SG_012873,0.2244816758322024
SG_012874,0.1897139118664076
SG_012883,0.12786484419380617
SG_012886,0.21285514574395292
SG_012887,0.14541543582043456
SG_012888,0.14429473793995756
SG_012891,0.15990388112157772
SG_012898,0.16007714937260437
SG_012905,0.19374701890950968
SG_012910,0.19552998873416638
SG_012913,0.17624166146201192
SG_012918,0.18385424825094657
SG_012919,0.18406778855254274
SG_012920,0.1743772327100531
SG_012923,0.14677548916890087
SG_012924,0.1536745444185998
SG_012926,0.20833152520987613
SG_012936,0.2033061552947068
SG_012938,0.17649334298642022
SG_012940,0.17804849458341265
SG_012945,0.1602419843570395
SG_012949,0.17943894109159567
SG_012958,0.14303898778946544
SG_012962,0.19741044244679562
SG_012967,0.15689066322809342
SG_012968,0.16719204820584593
SG_012970,0.16313530032687015
SG_012972,0.1576868513774279
SG_012978,0.16149358270529118
SG_012979,0.14996918919168428
SG_012980,0.18844067570051645
SG_012981,0.17762477878780175
SG_012983,0.15480596322294596
SG_012984,0.19832749768097377
SG_012989,0.18953414345724395
SG_012994,0.1610517695940566
SG_012997,0.1768555726102043
SG_013002,0.17151361614888053
SG_013009,0.14528831116533764
SG_013017,0.1673615844983039
SG_013023,0.16811565800849115
SG_013028,0.1563911903733219
SG_013030,0.1746642874708318
SG_013033,0.18075176344351854
SG_013042,0.16064980365912226
SG_013043,0.17242558361210047
SG_013045,0.18132137155359135
SG_013063,0.17010965553971732
SG_013064,0.16852074497548558
SG_013065,0.18135449263735076
SG_013068,0.16998763182467785
SG_013070,0.14799584659376536
SG_013071,0.13951685441898207
SG_013072,0.20190536242540108
SG_013077,0.1770006911546227
SG_013080,0.18974376664887904
SG_013082,0.16822605889922207
SG_013083,0.19100396227073416
SG_013085,0.18614956446735054
SG_013086,0.15463010234500305
SG_013093,0.13986490263347942
SG_013094,0.1603711826728082
SG_013096,0.1869600604330747
SG_013104,0.18427361396494574
SG_013108,0.1554154923205287
SG_013111,0.1576077241668232
SG_013112,0.16937142863542945
SG_013115,0.1502329712486837
SG_013117,0.19639639964296438
SG_013125,0.11349725505075514
SG_013127,0.20388935646858702
SG_013135,0.17538671244494436
SG_013138,0.19540088193067842
SG_013139,0.1762494427553713
SG_013141,0.18866494067193748
SG_013149,0.1979477646777605
SG_013150,0.18526025388792178
SG_013157,0.27274006112482074
SG_013159,0.1908276858421058
SG_013166,0.14655243508776697
SG_013172,0.16495734295080525
SG_013177,0.1572788672613867
SG_013178,0.13657360142812916
SG_013187,0.18539307951283238
SG_013196,0.13118446504154177
SG_013201,0.18051064306089754
SG_013202,0.13062138112005753
SG_013212,0.13661104040120303
SG_013219,0.14069280543389584
SG_013222,0.1515195464834555
SG_013223,0.19223126254315945
SG_013224,0.26236893991730403
SG_013233,0.13554071542151042
SG_013237,0.16345521052568243
SG_013245,0.13874695339312743
SG_013249,0.19035571003718132
SG_013250,0.16440876763337015
SG_013260,0.20892818060493945
SG_013264,0.16816952357574966
SG_013266,0.19387080580036894
SG_013267,0.19896333622472656
SG_013269,0.15856377419420029
SG_013273,0.19447595629905515
SG_013276,0.14689783988108657
SG_013280,0.1510613473980096
SG_013281,0.16955478124544782
SG_013282,0.16341331085792693
SG_013288,0.15973062611909578
SG_013292,0.1892155415574075
SG_013294,0.23346909533693
SG_013297,0.15512750431961386
SG_013304,0.15082401227686568
SG_013311,0.18347345675984117
SG_013313,0.19745564494761791
SG_013314,0.14982304707993252
SG_013315,0.12186319246562552
SG_013317,0.18035785916301278
SG_013321,0.17593211347568377
SG_013323,0.16150628540307074
SG_013327,0.20519106874500478
SG_013328,0.14139871096040077
SG_013332,0.18148601655500424
SG_013337,0.15881323804652753
SG_013338,0.19678941024785448
SG_013339,0.1441719656822001
SG_013340,0.19666623781666437
SG_013342,0.13833496290597744
SG_013344,0.14735885079612204
SG_013345,0.15564726014642732
SG_013347,0.17781033911747868
SG_013348,0.15575731545279461
SG_013356,0.18018809895444038
SG_013358,0.19877722856209656
SG_013359,0.18083285178685546
SG_013360,0.14434521872341435
SG_013361,0.16317465796111805
SG_013362,0.1860936241858127
SG_013366,0.15594161701290543
SG_013371,0.18052763483078982
SG_013372,0.1707893904210509
SG_013374,0.1572955705655041
SG_013380,0.14290705860046932
SG_013383,0.2175342522325227
SG_013384,0.16402087908300778
SG_013391,0.22075197729187881
SG_013392,0.19393690680128456
SG_013393,0.18870388816764136
SG_013396,0.18229047927010328
SG_013400,0.17096038842326142
SG_013404,0.11722494835192385
SG_013412,0.17033189511790736
SG_013413,0.21225533771053792
SG_013414,0.15879535738515266
SG_013418,0.1907505541485004
SG_013420,0.14971434399524225
SG_013421,0.16335029917029512
SG_013424,0.19120995233377178
SG_013427,0.15901504246037673
SG_013430,0.17109846433881398
SG_013435,0.1974317658206432
SG_013438,0.16356418578627088
SG_013440,0.15983837283177965
SG_013443,0.17344382645774964
SG_013444,0.19745524729565544
SG_013446,0.16828994923954918
SG_013447,0.16478601341631655
SG_013452,0.16578799749101636
SG_013454,0.18635624333644307
SG_013456,0.0909686975310145
SG_013462,0.1657365646291033
SG_013463,0.2116519589036247
SG_013464,0.21086973445256882
SG_013468,0.15235505095304172
SG_013472,0.1651685458417779
SG_013474,0.19745992309915036
SG_013477,0.17665593309857638
SG_013480,0.1786049158519373
SG_013485,0.17279253737488576
SG_013486,0.14487597957558584
SG_013487,0.17574877387388116
SG_013491,0.21080624973966522
SG_013495,0.18336300877462178
SG_013499,0.15612507835772188
SG_013504,0.19985953429576497
SG_013508,0.1800707513986115
SG_013509,0.15226263041039295
SG_013515,0.19781522103288474
SG_013523,0.185713803701796
SG_013528,0.1614103199002368
SG_013538,0.20357464749432902
SG_013542,0.158207441157675
SG_013543,0.1325643238576828
SG_013544,0.1861093422274064
SG_013545,0.16160925701120715
SG_013546,0.18763724967304096
SG_013548,0.19738078537359247
SG_013549,0.20809815668765747
SG_013552,0.2127526103758869
SG_013553,0.16746899063341025
SG_013554,0.1829983390434413
SG_013557,0.1957957532855057
SG_013558,0.13755897521108543
SG_013561,0.20446244308383726
SG_013563,0.1392182109914082
SG_013565,0.1826825283724998
SG_013567,0.17653997286617967
SG_013568,0.14087979744067175
SG_013571,0.18240184412740382
SG_013574,0.1634494609063943
SG_013575,0.15648688290198692
SG_013578,0.1639158190641921
SG_013579,0.22509443867544343
SG_013580,0.16311138937201916
SG_013586,0.12914449801222166
SG_013588,0.11800407954533818
SG_013591,0.19033143855191637
SG_013598,0.2032987091885965
SG_013601,0.17664327555082587
SG_013602,0.21124575098648668
SG_013604,0.1478390304875666
SG_013608,0.19999173374125084
SG_013610,0.20968359300092215
SG_013612,0.16423146690962181
SG_013613,0.15603937441617383
SG_013616,0.152123118550969
SG_013619,0.17286771795940492
SG_013624,0.1665029972265805
SG_013626,0.16103950033344788
SG_013628,0.2441363444549193
SG_013629,0.1987827424696224
SG_013633,0.18322145155949204
SG_013635,0.15087940184811002
SG_013637,0.17020093179805246
SG_013638,0.14972577629951156
SG_013639,0.17304052104000764
SG_013641,0.1768955669203133
SG_013646,0.18899849232715918
SG_013653,0.14695676506808403
SG_013667,0.19437511042513692
SG_013668,0.23969023121035726
SG_013670,0.162181811936422
SG_013675,0.24900950468934063
SG_013677,0.14010473948448293
SG_013678,0.1753259854524823
SG_013681,0.16339266877009276
SG_013682,0.18195660149448184
SG_013683,0.16828558409511357
SG_013684,0.16007716155769375
SG_013685,0.17527633643724322
SG_013686,0.18990956869437017
SG_013690,0.16602825822691736
SG_013695,0.1535516205294621
SG_013705,0.14355503671164221
SG_013706,0.14111368026883647
SG_013708,0.13714941157506563
SG_013711,0.16265554201579668
SG_013713,0.18639003670996518
SG_013715,0.18994917244304405
SG_013716,0.16148860560117906
SG_013726,0.2190744212010678
SG_013727,0.163727427989111
SG_013728,0.17690208752376158
SG_013731,0.19177909380079777
SG_013733,0.11299127863359515
SG_013737,0.18024071629026506
SG_013740,0.16692143789867814
SG_013741,0.14390818083871507
SG_013744,0.14932313235381423
SG_013745,0.1969064353419277
SG_013746,0.166447583636845
SG_013747,0.142419096288335
SG_013749,0.20282543496220423
SG_013755,0.17579153164917377
SG_013759,0.16772289341770455
SG_013765,0.18127324057469082
SG_013766,0.21756267820111636
SG_013769,0.15556897772694228
SG_013773,0.18432400002892457
SG_013785,0.18382343656491112
SG_013793,0.16848284753746462
SG_013800,0.13018229342096005
SG_013808,0.13230067935372042
SG_013815,0.18845966058808689
SG_013827,0.14750761957745873
SG_013840,0.2011776714974433
SG_013841,0.1443464448912266
SG_013842,0.1587850525811557
SG_013844,0.18800394425710473
SG_013845,0.13708433275357645
SG_013849,0.1367677658956689
SG_013850,0.1307119523704705
SG_013851,0.16666926421915704
SG_013853,0.1781532752884375
SG_013854,0.18495669647260393
SG_013855,0.19493973433166784
SG_013857,0.15418848706041038
SG_013860,0.16487370758762304
SG_013862,0.1748722239404333
SG_013867,0.18371298491617946
SG_013868,0.1835893656122843
SG_013870,0.21578925717136482
SG_013883,0.14764868045221274
SG_013884,0.18923818736678294
SG_013885,0.18951120430252724
SG_013892,0.15000011372897437
SG_013896,0.12736625939566418
SG_013898,0.14251990403290452
SG_013901,0.1881741340329936
SG_013905,0.17403547985128395
SG_013906,0.21784755577060047
SG_013907,0.17805390885341832
SG_013910,0.17479750978585362
SG_013912,0.14975799322089975
SG_013914,0.15716581804874555
SG_013919,0.17869635142285925
SG_013922,0.16206982847696794
SG_013943,0.18166068481238623
SG_013944,0.1799870590228979
SG_013946,0.1752687569512821
SG_013948,0.15514748077495552
SG_013949,0.18977783191906725
SG_013953,0.1746225853170701
SG_013962,0.19147073355037758
SG_013965,0.176473926362685
SG_013969,0.18402439826622374
SG_013974,0.14246616760884195
SG_013978,0.1691118815360158
SG_013979,0.16223882544421667
SG_013980,0.14984005683225948
SG_013986,0.1485868903959951
SG_013997,0.1518965556414631
SG_014000,0.16003272061339602
SG_014004,0.14062908271278712
SG_014009,0.18809081552194937
SG_014010,0.16853581073405785
SG_014012,0.19209123037911371
SG_014014,0.14581993473479363
SG_014015,0.16081606824468503
SG_014016,0.18147331334823708
SG_014017,0.1747426716853682
SG_014018,0.1297706684465357
SG_014020,0.17387870666406222
SG_014021,0.18424894119138552
SG_014022,0.14402374022019515
SG_014023,0.1624537104681041
SG_014026,0.18966537435521844
SG_014030,0.17671919595262456
SG_014031,0.1665941851707367
SG_014036,0.13112254215634503
SG_014037,0.15130979503438252
SG_014039,0.17445751145506116
SG_014045,0.20030760420213495
SG_014046,0.17485560539748718
SG_014047,0.20274033241835338
SG_014050,0.12906860418280572
SG_014053,0.15512734407995957
SG_014058,0.23033876307512108
SG_014059,0.18383580465420674
SG_014062,0.15335103420323334
SG_014067,0.22833248797058325
SG_014072,0.12686520081575503
SG_014073,0.16814161926873078
SG_014075,0.19774248768875435
SG_014081,0.16597739865055156
SG_014085,0.16870820991642715
SG_014088,0.21069921571243544
SG_014096,0.1631601292532138
SG_014099,0.16922515105261232
SG_014102,0.23434218354077574
SG_014105,0.1687416604317445
SG_014111,0.1986295604516373
SG_014113,0.18633890533167266
SG_014116,0.14438179981642102
SG_014122,0.20138099253647407
SG_014123,0.17538222932313602
SG_014124,0.22161421548349153
SG_014130,0.1686566955189459
SG_014132,0.179719578694108
SG_014135,0.1936818972392471
SG_014136,0.19074884035578626
SG_014139,0.17015420808071152
SG_014140,0.19628958153151194
SG_014141,0.17518931600653198
SG_014146,0.18787468542046867
SG_014155,0.18109101899470445
SG_014157,0.150338233015426
SG_014161,0.16280212978713476
SG_014162,0.1742555297194843
SG_014165,0.17477688981445502
SG_014167,0.21290431992551784
SG_014168,0.16829009218419935
SG_014172,0.15440477809468348
SG_014176,0.17373855159117496
SG_014177,0.19666728385051777
SG_014184,0.20683980770131272
SG_014186,0.22227219510695403
SG_014188,0.17430938671398516
SG_014190,0.15978575627776648
SG_014191,0.16318639180394773
SG_014192,0.1586728456314303
SG_014194,0.17860815850690792
SG_014196,0.1634306702178594
SG_014197,0.1864940120926824
SG_014205,0.2030875063566353
SG_014210,0.1739875849948255
SG_014217,0.11859035526457591
SG_014219,0.17193390209069373
SG_014223,0.17921117706861303
SG_014235,0.15355361387602734
SG_014237,0.18475847917735524
SG_014243,0.16177548165796893
SG_014248,0.20690864833311995
SG_014249,0.16280455686520012
SG_014259,0.1771733312001312
SG_014269,0.18905123527021886
SG_014270,0.19863603043237107
SG_014272,0.12769731067062134
SG_014277,0.16518283210736334
SG_014288,0.14221125577372937
SG_014290,0.16005156934783754
SG_014292,0.14489801154975285
SG_014293,0.1987580291077058
SG_014295,0.21280942198492392
SG_014299,0.143832893556574
SG_014308,0.1903630027767404
SG_014309,0.18057844421514824
SG_014311,0.23344613740919223
SG_014314,0.20805269226939588
SG_014319,0.1306772455707684
SG_014320,0.13845170793669237
SG_014321,0.2248901572015937
SG_014328,0.19105150928371956
SG_014334,0.11675999236058658
SG_014335,0.19569945921853216
SG_014339,0.1911748764635035
SG_014342,0.13107599174372084
SG_014343,0.23046997050321333
SG_014345,0.16619734296940136
SG_014363,0.16544763565843984
SG_014368,0.11429854682737499
SG_014370,0.16961647996220447
SG_014373,0.16773983119775754
SG_014375,0.16741954990759714
SG_014380,0.1875347639210116
SG_014383,0.1792764350216412
SG_014385,0.2059999714191342
SG_014386,0.1906987020433497
SG_014387,0.1653308233263582
SG_014389,0.1626202371947178
SG_014391,0.20719695088135018
SG_014394,0.2119214980887291
SG_014398,0.11970423878212948
SG_014402,0.1521558361335851
SG_014409,0.16913452282337288
SG_014411,0.1654279444901877
SG_014415,0.18596330965081279
SG_014416,0.15794707051509557
SG_014418,0.1474365165492487
SG_014425,0.16982730771009902
SG_014426,0.17849289164823173
SG_014431,0.17705672863068248
SG_014432,0.18165735420209936
SG_014446,0.16788181714389916
SG_014447,0.1592730219806081
SG_014457,0.19920417581250566
SG_014465,0.19915028322511572
SG_014466,0.169663314919208
SG_014469,0.1705897047214356
SG_014474,0.16487273781831494
SG_014484,0.1420464100645483
SG_014486,0.14386195175895147
SG_014488,0.1716048509432493
SG_014491,0.17891858681398048
SG_014495,0.1799582638716654
SG_014512,0.18146497689574545
SG_014514,0.14891628946560162
SG_014516,0.18873348940164153
SG_014519,0.17224276532487198
SG_014522,0.15460694737386466
SG_014529,0.1839439368705033
SG_014538,0.1627098054598184
SG_014544,0.16413595287959898
SG_014551,0.1810167880711716
SG_014552,0.15034103035410817
SG_014556,0.14452080422384267
SG_014562,0.1973520538895665
SG_014565,0.15603577121773907
SG_014566,0.19627182223954565
SG_014568,0.1307458846585446
SG_014569,0.13300978234553643
SG_014570,0.15498051415348602
SG_014578,0.18246563338743071
SG_014579,0.17930578439843753
SG_014581,0.1895663754417664
SG_014582,0.22450557281091674
SG_014583,0.18087290243986537
SG_014587,0.1930681030288504
SG_014594,0.1604753754510349
SG_014596,0.19334846067011685
SG_014597,0.16487035307390763
SG_014607,0.19480879672747603
SG_014611,0.1835389336088035
SG_014616,0.16298625757843183
SG_014617,0.14654738895992833
SG_014618,0.22383824216559017
SG_014619,0.1592775453774927
SG_014621,0.18307379584676378
SG_014626,0.18986909361390042
SG_014634,0.15460438939089344
SG_014635,0.18665845652600868
SG_014636,0.1915557939707104
SG_014637,0.15834250008839298
SG_014640,0.19240515426360594
SG_014641,0.19543755000739213
SG_014645,0.1705470910438419
SG_014647,0.15682981099521992
SG_014653,0.1544743443543311
SG_014655,0.1541320447411936
SG_014656,0.1983727676306673
SG_014657,0.2134812415609239
SG_014660,0.1375133619677201
SG_014667,0.12291668977703818
SG_014672,0.1928139356019063
SG_014677,0.13645081900872416
SG_014680,0.19222629888168713
SG_014681,0.20123046043689824
SG_014687,0.22683475908260445
SG_014690,0.18436014698562567
SG_014691,0.17437932312551446
SG_014700,0.1890724805891277
SG_014701,0.17471499030521945
SG_014702,0.17707453444910765
SG_014703,0.13227788407996768
SG_014712,0.16859444243728375
SG_014713,0.15052859272461827
SG_014718,0.14461593452864058
SG_014720,0.20375416051476666
SG_014723,0.18973486080086788
SG_014729,0.18949409792581057
SG_014731,0.17849751234093547
SG_014733,0.1698694039127629
SG_014735,0.20861401254114798
SG_014742,0.13358731907706195
SG_014746,0.10321221654860269
SG_014748,0.14652478520734843
SG_014749,0.19345765789721195
SG_014753,0.16058857150042058
SG_014754,0.16376470715510583
SG_014757,0.1566854283458497
SG_014771,0.14776644361240562
SG_014774,0.18279887730967276
SG_014777,0.14826347325372494
SG_014778,0.17293764698188657
SG_014780,0.15814526806097712
SG_014787,0.18157852495511434
SG_014800,0.14483946958142585
SG_014801,0.1568937571805611
SG_014802,0.15191217725594694
SG_014803,0.16815671176510916
SG_014808,0.1428293300926014
SG_014812,0.134445266083293
SG_014813,0.15029680671893933
SG_014815,0.16601263571756947
SG_014824,0.13354580046722736
SG_014825,0.1727151721762472
SG_014827,0.1756755106240732
SG_014830,0.13308132303717257
SG_014834,0.1570614667239581
SG_014839,0.20662392140731994
SG_014844,0.1826693719986862
SG_014865,0.1831376084298014
SG_014866,0.14041690024022957
SG_014867,0.18296144466192504
SG_014871,0.19396284903424782
SG_014874,0.17876412734989705
SG_014875,0.17217483738761907
SG_014879,0.15977978923130037
SG_014880,0.14416782180220178
SG_014882,0.178950678901922
SG_014885,0.16810180210928638
SG_014887,0.17640383223664668
SG_014894,0.1470415905325806
SG_014895,0.14411575856052222
SG_014898,0.17328838371141647
SG_014900,0.19053486504080475
SG_014906,0.19315489326861746
SG_014909,0.17655778060745936
SG_014914,0.17110507132493682
SG_014919,0.15857068418868575
SG_014921,0.1662185062207747
SG_014939,0.1889762229318201
SG_014940,0.19431801313563107
SG_014945,0.15748702432781525
SG_014946,0.14014915257528343
SG_014951,0.2068678154279437
SG_014953,0.2324824528056521
SG_014955,0.16547741605864963
SG_014959,0.17162510809596382
SG_014961,0.17774207263899464
SG_014964,0.17033495658497813
SG_014965,0.20072643129717757
SG_014966,0.17268396131805913
SG_014969,0.14467209412967696
SG_014972,0.1509311852717851
SG_014976,0.18108697432127682
SG_014979,0.16500435851689815
SG_014980,0.16323522660416917
SG_014984,0.22119090386698143
SG_014990,0.13035935624211994
SG_014998,0.15742673097969706
SG_014999,0.1307926372352769
SG_015001,0.18680666298904533
SG_015002,0.19935479138255402
SG_015014,0.1696625757709551
SG_015015,0.13994000376196142
SG_015021,0.18718144881951324
SG_015026,0.18013553970085056
SG_015031,0.1715438663036044
SG_015036,0.18715577867690616
SG_015039,0.15443206485543617
SG_015042,0.16876656513302465
SG_015044,0.1884407426291815
SG_015046,0.18924124845961038
SG_015047,0.19360045763078126
SG_015050,0.1514640062566547
SG_015054,0.1440874113652215
SG_015066,0.17924973621586976
SG_015068,0.21402938504466515
SG_015071,0.17983125269496159
SG_015075,0.12038121280314477
SG_015076,0.13989066808978617
SG_015081,0.24037608255501822
SG_015082,0.16980545932721489
SG_015085,0.138963134092414
SG_015093,0.18783717575057818
SG_015095,0.16839246853756096
SG_015099,0.18226900978743268
SG_015102,0.15788699399496584
SG_015103,0.18865687869724015
SG_015111,0.21419199282095577
SG_015112,0.2053652456811154
SG_015118,0.19099296590976572
SG_015125,0.14265395271496023
SG_015126,0.18587798095225996
SG_015127,0.15977985636356037
SG_015129,0.17199297903344654
SG_015134,0.13787760465567103
SG_015135,0.14649669539794202
SG_015137,0.16777379151088528
SG_015138,0.16614966863575548
SG_015144,0.2033504263771234
SG_015146,0.19398765464461107
SG_015152,0.19348297234627204
SG_015155,0.1705210243319016
SG_015158,0.18308803212202668
SG_015159,0.07700684908839489
SG_015161,0.19478950678024887
SG_015165,0.2142283606430567
SG_015167,0.16925373779813743
SG_015169,0.16504134225163467
SG_015176,0.21486419409042612
SG_015180,0.17306248784289663
SG_015183,0.15815758542224187
SG_015189,0.12554763978140276
SG_015190,0.1222785698860965
SG_015192,0.17002475593088356
SG_015195,0.16581454038578058
SG_015197,0.11536428445535821
SG_015201,0.1468247403263231
SG_015202,0.15065145150634507
SG_015214,0.13084500027632257
SG_015215,0.15936800223463157
SG_015217,0.15471556003124984
SG_015222,0.14102853109960478
SG_015224,0.1530387623876704
SG_015235,0.14841719872351475
SG_015239,0.12777074848552342
SG_015246,0.16539988640640896
SG_015251,0.18840251042542694
SG_015252,0.2032193232155149
SG_015256,0.1851488585884617
SG_015257,0.20763543980358148
SG_015261,0.18280913679521316
SG_015262,0.19333811021805536
SG_015263,0.1678549726924882
SG_015269,0.18603829942558803
SG_015270,0.1693369638016627
SG_015272,0.18533151342889037
SG_015276,0.1947315872215287
SG_015277,0.13142525255029375
SG_015278,0.13197510550307487
SG_015279,0.19921640422564013
SG_015280,0.19729411324277912
SG_015283,0.1751302052133859
SG_015284,0.16582948046043727
SG_015289,0.17729562975767785
SG_015290,0.14050817314672637
SG_015294,0.1735024482787858
SG_015296,0.17001489808700063
SG_015297,0.20087822446649373
SG_015302,0.20309267132093947
SG_015304,0.18922657945984642
SG_015308,0.16487585737422655
SG_015309,0.19510152587095747
SG_015312,0.17983028845059862
SG_015317,0.19794496372820397
SG_015322,0.16444829826172083
SG_015323,0.21599849799236415
SG_015326,0.16972394498584467
SG_015329,0.1252327879699748
SG_015337,0.1668250858375246
SG_015339,0.15835594124634875
SG_015340,0.14068048749867967
SG_015341,0.16150544212624832
SG_015346,0.15816554172506542
SG_015348,0.16381615134836927
SG_015349,0.1913158023434044
SG_015351,0.14931989187862332
SG_015355,0.15970257919716815
SG_015356,0.1676247944268255
SG_015360,0.18010123132481215
SG_015361,0.18391150662852201
SG_015362,0.22066370927108955
SG_015363,0.18242603815894112
SG_015369,0.12736264329024433
SG_015372,0.20494348386321853
SG_015375,0.13135379803107167
SG_015381,0.21935365321910064
SG_015382,0.15499056868360725
SG_015383,0.15825248621581986
SG_015384,0.1968380365750188
SG_015388,0.17285719370751057
SG_015395,0.15793380200136614
SG_015397,0.19627937283654104
SG_015399,0.17117030456545437
SG_015400,0.18815922790871395
SG_015401,0.17678724758387923
SG_015402,0.18875527776913487
SG_015403,0.20711073164278196
SG_015406,0.15745803344573722
SG_015412,0.21277457215652845
SG_015421,0.18170246739833293
SG_015424,0.1900601906108521
SG_015425,0.13604319124318404
SG_015428,0.14973285150383792
SG_015430,0.14430594090954943
SG_015431,0.15339151850479463
SG_015439,0.15364858861632258
SG_015440,0.12972810321011752
SG_015446,0.1815325245393516
SG_015447,0.17250714436204267
SG_015448,0.1556414045717372
SG_015452,0.15697610120904837
SG_015454,0.18694608748945743
SG_015458,0.1517993938665593
SG_015462,0.1787702587140528
SG_015463,0.1944767720692045
SG_015464,0.16818356772523918
SG_015466,0.1673550524213519
SG_015467,0.1878358016466118
SG_015470,0.18540341465193227
SG_015473,0.16962347665130117
SG_015479,0.1389467713087938
SG_015481,0.19872491538928005
SG_015483,0.1516149573077487
SG_015492,0.22829179667096602
SG_015495,0.13352496554118792
SG_015498,0.15848462699018193
SG_015503,0.23157525623206965
SG_015507,0.18707642481162812
SG_015512,0.16899987059847055
SG_015514,0.18062063752151603
SG_015517,0.16467841236369155
SG_015520,0.14434493411986504
SG_015524,0.14909745949188355
SG_015526,0.15894589694946837
SG_015527,0.1662633478861986
SG_015535,0.18548896957693198
SG_015537,0.18411134222267228
SG_015538,0.17637307519132966
SG_015540,0.22640453162945845
SG_015542,0.15489261036572963
SG_015543,0.23066376937444438
SG_015544,0.16178825371970537
SG_015546,0.19322361800928672
SG_015547,0.15727075064655854
SG_015550,0.13681847975362071
SG_015556,0.12412509529346014
SG_015558,0.15992044242011172
SG_015559,0.21836224906993698
SG_015560,0.19168368939348773
SG_015562,0.15384051482133415
SG_015565,0.17365038107759126
SG_015568,0.20564253473986738
SG_015572,0.14382717486738109
SG_015576,0.13295789407145017
SG_015578,0.11687887146014372
SG_015580,0.14118706403337938
SG_015582,0.16003270080694515
SG_015584,0.17583047647708952
SG_015585,0.1422072657119472
SG_015586,0.17269195306569227
SG_015587,0.18593382973530231
SG_015589,0.18598438966913275
SG_015590,0.20294165707441753
SG_015591,0.19755744526702398
SG_015593,0.15440678268018448
SG_015597,0.14795410857093821
SG_015598,0.17403852425955124
SG_015600,0.14594412130741768
SG_015606,0.17961895946718226
SG_015613,0.17298773757564684
SG_015615,0.19480060033772523
SG_015617,0.14784561266098004
SG_015619,0.16515574428665708
SG_015623,0.16185734352619457
SG_015627,0.24954788312192872
SG_015637,0.12973218255093172
SG_015641,0.181474663395309
SG_015644,0.16071961020515874
SG_015649,0.1806369926229443
SG_015654,0.1858078977816264
SG_015655,0.20794504625016846
SG_015656,0.18400446255376493
SG_015659,0.17116670977350673
SG_015662,0.1848258995304763
SG_015664,0.13736909435716366
SG_015671,0.1805155464664035
SG_015675,0.15572000807765374
SG_015678,0.1923481853589458
SG_015680,0.16004952037321513
SG_015681,0.15188846506554624
SG_015682,0.15309911971659834
SG_015684,0.1764484973872848
SG_015693,0.1989373064089068
SG_015708,0.18590095514349286
SG_015715,0.1684528870577794
SG_015716,0.19705335807791272
SG_015718,0.14869657929966293
SG_015721,0.16657561879757882
SG_015724,0.20701499029244314
SG_015726,0.1735689963156498
SG_015729,0.20301408193478254
SG_015730,0.18450093223209252
SG_015735,0.19529165284164535
SG_015738,0.19461871172381476
SG_015743,0.1489606392053508
SG_015744,0.15216198776225526
SG_015746,0.1350637434218561
SG_015756,0.1655746022503944
SG_015762,0.15830539896248327
SG_015763,0.16387445358244357
SG_015766,0.15047893190539147
SG_015769,0.17175044653861876
SG_015770,0.16659663953679452
SG_015772,0.1934873101496241
SG_015773,0.18439153399264158
SG_015780,0.12328881161623059
SG_015790,0.17400557143816694
SG_015797,0.18473912589574334
SG_015806,0.14998574110716864
SG_015810,0.1768888867659253
SG_015815,0.21976184018946804
SG_015817,0.16558835237335043
SG_015818,0.1812607433675674
SG_015819,0.16139252222659395
SG_015820,0.1771762617890059
SG_015827,0.24887250493722607
SG_015828,0.15956566642826117
SG_015829,0.17107224980743843
SG_015832,0.14842425335005405
SG_015833,0.18966845000354288
SG_015834,0.15268394543094402
SG_015838,0.17327979414646205
SG_015840,0.15774983672650505
SG_015842,0.16708708619712023
SG_015845,0.18240812316391766
SG_015849,0.12889105635499598
SG_015857,0.1919470034870417
SG_015859,0.15832576210557253
SG_015860,0.24096861210727155
SG_015867,0.14073355325810252
SG_015873,0.17522645134251014
SG_015878,0.1755322613166422
SG_015879,0.13349825332836107
SG_015880,0.15212427246273458
SG_015881,0.13240279392426163
SG_015884,0.17082132819261533
SG_015885,0.17378843851446046
SG_015891,0.154828868107142
SG_015893,0.18512398360492183
SG_015898,0.1650198595486821
SG_015900,0.1697163801864901
SG_015901,0.15562359986099972
SG_015907,0.1716414602844647
SG_015908,0.2143087535969317
SG_015910,0.1734044660101146
SG_015914,0.17298419204348098
SG_015917,0.19514530047069406
SG_015921,0.2072859861324461
SG_015922,0.16891495138285345
SG_015928,0.19688419937723217
SG_015939,0.20196920203770014
SG_015940,0.155946190614837
SG_015942,0.1601893494862166
SG_015943,0.18487407473486142
SG_015947,0.21017146073326062
SG_015950,0.18164009719675292
SG_015951,0.18202283775903869
SG_015955,0.13100833769165576
SG_015964,0.19412096941161813
SG_015965,0.15299701632887422
SG_015972,0.19415558633359606
SG_015973,0.17658439942212906
SG_015975,0.13584313163519934
SG_015977,0.18167997385024173
SG_015978,0.20260343273647502
SG_015979,0.20690510077293442
SG_015980,0.1854870867440644
SG_015981,0.1848516695476178
SG_015985,0.19737592683825644
SG_015988,0.1287526184008912
SG_015989,0.18251826778427227
SG_015990,0.17751109398176196
SG_015998,0.16427070455042725
SG_015999,0.17856773382439603
SG_016002,0.18172427962587462
SG_016003,0.1351091948943683
SG_016004,0.17481818469091523
SG_016008,0.20185443305035705
SG_016010,0.18550223297508722
SG_016013,0.19662051745261117
SG_016015,0.1441952602159134
SG_016020,0.17576937662959308
SG_016021,0.14567666449193756
SG_016022,0.1587813033262307
SG_016027,0.21532848949355676
SG_016028,0.1799825091938924
SG_016029,0.14575394358129987
SG_016030,0.1881750213552666
SG_016045,0.16918711936167957
SG_016048,0.1562297603914053
SG_016049,0.13086336301733223
SG_016054,0.24354386600507733
SG_016056,0.18750111298438235
SG_016060,0.18284962765019155
SG_016065,0.13753986239860744
SG_016081,0.15104335329508684
SG_016085,0.14639829574969826
SG_016089,0.17401280984814704
SG_016091,0.21902477803120607
SG_016092,0.1605470586846435
SG_016101,0.19619467589695191
SG_016102,0.19944215195301154
SG_016103,0.16515251956721838
SG_016108,0.1706493827629258
SG_016109,0.1874601331727232
SG_016111,0.17801391886984025
SG_016113,0.20756268596876898
SG_016114,0.1687343537305563
SG_016115,0.15989966768995903
SG_016116,0.17353018566603395
SG_016119,0.16061977677942113
SG_016124,0.1929363711818473
SG_016127,0.19478136409922603
SG_016132,0.20311082884755574
SG_016133,0.18540326523160094
SG_016134,0.1824978548576484
SG_016138,0.13046752866280983
SG_016140,0.18599088714274817
SG_016146,0.1519361035202192
SG_016147,0.1801290149871458
SG_016156,0.1470815555970501
SG_016158,0.17813955544888316
SG_016159,0.15224147776753347
SG_016160,0.14804370040279638
SG_016161,0.1497906230180627
SG_016163,0.21416877868770917
SG_016164,0.21123295323563002
SG_016165,0.1660543530360103
SG_016166,0.1548395368041969
SG_016171,0.15779755594464787
SG_016172,0.19295780168168603
SG_016174,0.16405445118262812
SG_016176,0.1771853160667841
SG_016179,0.17543190960355812
SG_016181,0.16021062883598325
SG_016183,0.14058061437195407
SG_016185,0.1696880462955856
SG_016186,0.14839472908841927
SG_016187,0.15892124513047481
SG_016188,0.1969060257373642
SG_016190,0.16215655566713685
SG_016194,0.18436045146270036
SG_016195,0.1647494475352216
SG_016196,0.18281753650825344
SG_016197,0.16743325064682707
SG_016211,0.15394896933622632
SG_016214,0.1840981682891998
SG_016215,0.19042885978361473
SG_016219,0.14834893812958166
SG_016221,0.19183903116299694
SG_016222,0.19497628940614595
SG_016224,0.16108077890354097
SG_016225,0.15079299942423877
SG_016233,0.1804486873279353
SG_016234,0.17653217292681153
SG_016235,0.15794281711754213
SG_016238,0.1298307050353929
SG_016242,0.17549688714539835
SG_016244,0.18301390184617744
SG_016245,0.13929871510035274
SG_016246,0.20850251179612336
SG_016249,0.18067690226243976
SG_016251,0.22266113566023976
SG_016252,0.15945686200808756
SG_016259,0.20228848004048774
SG_016262,0.19072408887233605
SG_016263,0.13934026702119495
SG_016268,0.18183008604834366
SG_016270,0.13168310477264056
SG_016272,0.18061789624071628
SG_016273,0.18665788121850851
SG_016275,0.21242468781802243
SG_016278,0.20600534318896507
SG_016282,0.19140504628221167
SG_016285,0.1701925330928964
SG_016289,0.1942129602760643
SG_016292,0.16297053911306847
SG_016297,0.15851427601778045
SG_016299,0.1774090881235284
SG_016310,0.18456714843680094
SG_016315,0.13400085891271404
SG_016316,0.20190991486477908
SG_016318,0.14334565740155672
SG_016324,0.18615398657889215
SG_016326,0.18469933941366148
SG_016327,0.1814787392654458
SG_016330,0.08194283363163715
SG_016331,0.21461601689111628
SG_016332,0.14372300628308143
SG_016333,0.17028106160793288
SG_016334,0.1666370863044452
SG_016337,0.13054761914576055
SG_016341,0.20044660461905267
SG_016343,0.13477468281309424
SG_016345,0.1749067085488182
SG_016346,0.17052408052972776
SG_016349,0.17252626902238583
SG_016351,0.19166113461687928
SG_016352,0.12982256199160064
SG_016354,0.1537941684876246
SG_016363,0.1758121398139529
SG_016372,0.20167985393484175
SG_016375,0.13924537241843674
SG_016382,0.161871608330175
SG_016384,0.1530610645127349
SG_016386,0.1346448742898756
SG_016389,0.16636290300338838
SG_016392,0.18625661474038144
SG_016393,0.17882726170625535
SG_016394,0.21019512530133477
SG_016401,0.14605685299311483
SG_016402,0.15691412711886735
SG_016405,0.19241773105363413
SG_016414,0.16254208070456713
SG_016421,0.1551666121293756
SG_016424,0.18719412110968697
SG_016425,0.16379444556228964
SG_016429,0.12572685449010237
SG_016431,0.18895015836248463
SG_016432,0.1864246937828275
SG_016435,0.19007798020873126
SG_016436,0.19534372418686088
SG_016443,0.14102591522436056
SG_016445,0.16703857159988242
SG_016450,0.18559712498364128
SG_016452,0.16151153883343145
SG_016456,0.18073598799841264
SG_016462,0.15681260837499156
SG_016463,0.1535416089393511
SG_016474,0.1812019462180799
SG_016482,0.15642095844728737
SG_016488,0.17077062656492567
SG_016502,0.16547036529338172
SG_016503,0.17890310505898285
SG_016507,0.17999249595191041
SG_016508,0.1893713187226989
SG_016511,0.12531314243154568
SG_016512,0.20277437093440281
SG_016517,0.1793060943151188
SG_016518,0.20308565812208648
SG_016520,0.15180295244527386
SG_016522,0.1697475900059456
SG_016524,0.2065300049399144
SG_016526,0.2106737488032265
SG_016528,0.1648543373119474
SG_016529,0.1701085199702214
SG_016532,0.1876195540425929
SG_016535,0.14366643593878153
SG_016537,0.15543270581017357
SG_016539,0.16141193190630232
SG_016542,0.162133188693023
SG_016545,0.17531286508533608
SG_016547,0.1504283551543862
SG_016548,0.14615781809368258
SG_016554,0.19731878393420677
SG_016562,0.15680924941921953
SG_016563,0.1748112745236522
SG_016566,0.17823311814911802
SG_016567,0.17285274007737444
SG_016580,0.14812995520400163
SG_016581,0.14024103168531502
SG_016585,0.1711411929120008
SG_016600,0.17063593622710813
SG_016603,0.18847250141146693
SG_016604,0.1950250312641755
SG_016606,0.20263392842262187
SG_016609,0.18555869828805524
SG_016612,0.17472457930884303
SG_016613,0.1611276184218431
SG_016614,0.1556067464571179
SG_016623,0.20223099579444126
SG_016625,0.1655072861070979
SG_016632,0.21441531832537453
SG_016634,0.1595510880618587
SG_016637,0.1751871447267876
SG_016641,0.1753023779674793
SG_016646,0.15847224535659238
SG_016647,0.13721172425336103
SG_016660,0.14041809727997806
SG_016662,0.1734238952811084
SG_016670,0.1812387983283798
SG_016671,0.14872936751713545
SG_016673,0.15662005099095858
SG_016675,0.16690195659044516
SG_016685,0.1685987353638776
SG_016689,0.17743749526444375
SG_016690,0.1758687681258125
SG_016691,0.13329658999531088
SG_016692,0.18407355486088367
SG_016696,0.1951155859097786
SG_016698,0.17457948465514128
SG_016699,0.18632795912023248
SG_016703,0.1445216625356169
SG_016704,0.19321741365663253
SG_016705,0.17092223000692428
SG_016708,0.18009145130517154
SG_016710,0.1517030113815227
SG_016711,0.15049479332243124
SG_016714,0.17879984897267384
SG_016716,0.16094153403176364
SG_016719,0.15588258281736192
SG_016720,0.17104699154498357
SG_016721,0.15670958973945795
SG_016723,0.12617621343732072
SG_016732,0.19801506667609065
SG_016733,0.16763426675030027
SG_016736,0.14064061041525444
SG_016737,0.1586733632014758
SG_016738,0.20685022665248365
SG_016741,0.1970509702244645
SG_016745,0.1747280315410055
SG_016746,0.16504704789242863
SG_016752,0.15976817929904213
SG_016754,0.19799993339635985
SG_016758,0.13017518203049477
SG_016763,0.24443686122061714
SG_016765,0.1536376491036487
SG_016769,0.13343274297992577
SG_016776,0.171972999771812
SG_016778,0.191751809469332
SG_016779,0.1905404944056234
SG_016780,0.1873737925556922
SG_016783,0.22023102770893122
SG_016785,0.16225537270590693
SG_016786,0.176855667164441
SG_016792,0.1832077988036762
SG_016793,0.13600845644314447
SG_016794,0.16122150398296559
SG_016805,0.189854904843835
SG_016807,0.1566992239795967
SG_016810,0.1651883908002226
SG_016813,0.1465114491656001
SG_016818,0.1490539745273336
SG_016819,0.1373436373012083
SG_016823,0.20570664694207022
SG_016827,0.19865815410110843
SG_016828,0.14941256260871932
SG_016832,0.19251324345060444
SG_016834,0.192646590703467
SG_016837,0.1988921649860485
SG_016840,0.1549865841245974
SG_016843,0.20366663037511898
SG_016847,0.1601791667534654
SG_016849,0.13443075438302116
SG_016851,0.15304961027774078
SG_016857,0.14437242104255205
SG_016858,0.21674304181032378
SG_016859,0.1519229855616702
SG_016861,0.1690232433730657
SG_016863,0.1660269381048193
SG_016874,0.22539364048969066
SG_016877,0.17012227687819254
SG_016881,0.19699597914726386
SG_016885,0.15356456684527217
SG_016887,0.18121130465537416
SG_016888,0.17836142716898917
SG_016891,0.16264434018764357
SG_016893,0.1373596539272684
SG_016895,0.21850116366908984
SG_016900,0.15298776500474673
SG_016902,0.17193013083477532
SG_016904,0.16143034750466945
SG_016909,0.17520616488695817
SG_016911,0.1927304827563072
SG_016924,0.12697666727037227
SG_016925,0.1684120133214505
SG_016928,0.1813984665713428
SG_016937,0.15651193203900132
SG_016939,0.21321325176723888
SG_016941,0.18327286928665737
SG_016944,0.16739505841686125
SG_016946,0.1754483413619653
SG_016951,0.1596061179755249
SG_016961,0.19162740086119287
SG_016963,0.18785525852658919
SG_016967,0.20049181798519022
SG_016968,0.19039602753376964
SG_016971,0.16542134665255231
SG_016973,0.16942877077865223
SG_016974,0.1595849354663615
SG_016975,0.15981195269592252
SG_016976,0.15673715282005574
SG_016986,0.16362366644404824
SG_016989,0.1759912542310035
SG_016990,0.19499326661806687
SG_017003,0.19216177501206683
SG_017005,0.21572677988507505
SG_017006,0.16737032850568356
SG_017016,0.18222418477228824
SG_017018,0.16202891918670798
SG_017021,0.14125396503483528
SG_017026,0.14711395976172495
SG_017028,0.16599480879144937
SG_017040,0.1716307883158843
SG_017043,0.1488598435438356
SG_017044,0.19777821216976693
SG_017046,0.2631800958982865
SG_017048,0.1548393856904293
SG_017049,0.18073499293401357
SG_017050,0.11850239245761647
SG_017055,0.19516079102634948
SG_017056,0.14304343017972349
SG_017062,0.14151869923517862
SG_017067,0.21218388281080497
SG_017070,0.1586838850828352
SG_017071,0.19442354887091615
SG_017076,0.17560963893138845
SG_017077,0.19461739595637315
SG_017079,0.14836130597497518
SG_017080,0.15507837283107492
SG_017085,0.17242933571160823
SG_017098,0.18447762941142448
SG_017103,0.17207007730436658
SG_017110,0.2195535428461997
SG_017111,0.18777497471377988
SG_017114,0.13817570492685702
SG_017116,0.17746143124374114
SG_017123,0.14823987193854998
SG_017124,0.18717481714785686
SG_017126,0.18724540001660211
SG_017127,0.14979207066680114
SG_017130,0.17302388849462683
SG_017139,0.16196768855809876
SG_017144,0.162225723330842
SG_017145,0.21050852630412642
SG_017146,0.193555924085385
SG_017154,0.17450237552467052
SG_017158,0.1374450864508166
SG_017170,0.1955924820023355
SG_017171,0.1885144172606939
SG_017172,0.12286926518240893
SG_017182,0.12447150450170899
SG_017187,0.1573933268123669
SG_017190,0.17928610058205088
SG_017192,0.1462429389401681
SG_017193,0.1905942040404317
SG_017195,0.1598425487771448
SG_017202,0.16583039150840095
SG_017206,0.16551137886795284
SG_017208,0.19226355870647907
SG_017213,0.17990247837907924
SG_017218,0.16034471775890372
SG_017220,0.15287484465004966
SG_017223,0.1733500793472118
SG_017224,0.21238967291095334
SG_017225,0.19031176699862823
SG_017227,0.16296652808946444
SG_017228,0.17670354086609952
SG_017230,0.18966540726745193
SG_017232,0.17242901425362728
SG_017235,0.17832378787477696
SG_017239,0.1845391025386232
SG_017241,0.2226296511665536
SG_017245,0.15150607980453912
SG_017250,0.18557767818031531
SG_017254,0.17564018192523403
SG_017255,0.1547798523482849
SG_017266,0.1529235712397154
SG_017269,0.14901356010445352
SG_017272,0.14932833195634898
SG_017276,0.178393843937423
SG_017279,0.18886132433720224
SG_017281,0.14188912106433174
SG_017287,0.21057078960775905
SG_017288,0.15296559804293
SG_017292,0.11815159330582059
SG_017294,0.170419242031472
SG_017296,0.1702296371276685
SG_017303,0.1828304562507491
SG_017304,0.14929424597631072
SG_017309,0.19694240418447587
SG_017311,0.13010379020724
SG_017316,0.13402149024879922
SG_017317,0.2082861731993773
SG_017318,0.19462135557470167
SG_017323,0.16524114128414102
SG_017328,0.15448846851937306
SG_017338,0.19673879800632854
SG_017339,0.20871340051907095
SG_017347,0.17626320557994846
SG_017348,0.13636143549570065
SG_017349,0.1294978242247212
SG_017350,0.12168444358439752
SG_017354,0.15291364541213404
SG_017358,0.2009008276168117
SG_017360,0.12380306615334644
SG_017361,0.15165496668514913
SG_017364,0.20128803622085045
SG_017368,0.15845948678863292
SG_017373,0.17469047741428742
SG_017376,0.17036799202063851
SG_017383,0.15291034991161134
SG_017385,0.14276556850472083
SG_017391,0.16180833160564884
SG_017399,0.19804606896897486
SG_017402,0.11627084432648119
SG_017405,0.1706525411095678
SG_017406,0.1836602860331758
SG_017416,0.15501941722636706
SG_017419,0.1452101593654046
SG_017421,0.16367808685814972
SG_017423,0.18610139042371868
SG_017425,0.1827143139699185
SG_017428,0.16048179299808507
SG_017431,0.13041208274471378
SG_017432,0.20393403480567635
SG_017438,0.18877683405969653
SG_017439,0.14196725751700062
SG_017445,0.16050416580927504
SG_017448,0.15808261630408144
SG_017452,0.18705666834809062
SG_017454,0.17398565853002373
SG_017457,0.16042637576724433
SG_017458,0.2072652435685202
SG_017464,0.14564235078551319
SG_017465,0.11428064041713562
SG_017466,0.17822172792672347
SG_017467,0.17663157301233626
SG_017475,0.17063455709728326
SG_017479,0.17760966487111202
SG_017480,0.12436847481753863
SG_017481,0.21586853429353728
SG_017482,0.1688058984737326
SG_017484,0.15259859922605673
SG_017486,0.17016196176162612
SG_017501,0.1816117378307533
SG_017504,0.16149890316105775
SG_017507,0.1827998372536673
SG_017509,0.1539437911411979
SG_017513,0.1528201816977745
SG_017514,0.20333961652987526
SG_017516,0.1645393487620708
SG_017518,0.16370885571687843
SG_017521,0.18210719183514684
SG_017526,0.16465764332153388
SG_017529,0.1635905214622893
SG_017532,0.17738445662643668
SG_017535,0.1537945101993819
SG_017537,0.18690163545086416
SG_017538,0.14605355448639962
SG_017542,0.16049669331634187
SG_017545,0.2201733232414093
SG_017549,0.17903762299132056
SG_017557,0.15340519102486555
SG_017559,0.16653588009573425
SG_017560,0.1403963633198205
SG_017562,0.1685984206636131
SG_017563,0.18443371923237084
SG_017565,0.13386091458059352
SG_017572,0.15371434655159127
SG_017575,0.19405116052232757
SG_017577,0.1768484009650825
SG_017578,0.18186598359496708
SG_017579,0.15782207679607374
SG_017580,0.14383561761813246
SG_017581,0.15638390030253627
SG_017589,0.16802978347857161
SG_017590,0.14914188009689938
SG_017594,0.2316866087052841
SG_017597,0.15636899669865453
SG_017604,0.17730742977561884
SG_017605,0.17970228128780869
SG_017606,0.16897601964759618
SG_017607,0.19698175937290427
SG_017611,0.18335136624328205
SG_017615,0.14006385476908434
SG_017616,0.1406289058801848
SG_017617,0.19029906791437845
SG_017621,0.1716961987915453
SG_017622,0.16373743645747713
SG_017629,0.15924784696778801
SG_017630,0.18648007797369442
SG_017634,0.18710153251074366
SG_017639,0.15557355816283583
SG_017642,0.1506300832919555
SG_017646,0.21261050441320903
SG_017657,0.20990577393131282
SG_017658,0.1928882183220226
SG_017667,0.16498284191548113
SG_017673,0.17277198739330196
SG_017674,0.18407988511246945
SG_017677,0.173929374165977
SG_017679,0.1448611103338303
SG_017683,0.13957827301177497
SG_017687,0.15087550114943538
SG_017689,0.19566441817017896
SG_017691,0.1847539708958584
SG_017693,0.1750253266891765
SG_017696,0.18281434223743767
SG_017697,0.15999743650717493
SG_017702,0.13115147006613895
SG_017703,0.16891506070755605
SG_017709,0.1608813472139724
SG_017714,0.16096320321788662
SG_017715,0.20558878309313267
SG_017718,0.17875951278898344
SG_017719,0.17621972621381865
SG_017728,0.20300124360634886
SG_017729,0.15403537857180422
SG_017739,0.17645926653837946
SG_017743,0.17062507419865874
SG_017745,0.1254965985243775
SG_017746,0.1319838005280528
SG_017749,0.18085166550879656
SG_017750,0.18140666301066738
SG_017754,0.1636807815992454
SG_017757,0.17479475910651007
SG_017760,0.18828477460651855
SG_017774,0.17928550189247294
SG_017775,0.12624962373231538
SG_017776,0.1737393374781982
SG_017777,0.16029873869702332
SG_017778,0.18621737438012356
SG_017781,0.15956670254747984
SG_017782,0.2662289328515338
SG_017789,0.20222893979491624
SG_017795,0.1495861024628088
SG_017798,0.22285417570126684
SG_017811,0.18119288646867246
SG_017817,0.16223756645476461
SG_017819,0.17186222329150905
SG_017822,0.17660647744561558
SG_017827,0.15554838798405987
SG_017830,0.19760665974534025
SG_017832,0.16197458723610383
SG_017834,0.14891138249064584
SG_017838,0.170319713455596
SG_017840,0.19902091461806815
SG_017847,0.16597286489548183
SG_017851,0.18459846594715268
SG_017855,0.18627997948122593
SG_017862,0.11383854450628687
SG_017865,0.1669080821214101
SG_017866,0.18849725513693594
SG_017867,0.13870950781956556
SG_017878,0.15747834679337092
SG_017879,0.1737300989032573
SG_017880,0.14365189542156903
SG_017881,0.143065970681319
SG_017882,0.16912860212107275
SG_017886,0.15123459763612263
SG_017888,0.1561000282348945
SG_017889,0.17451715120570027
SG_017895,0.1794240180513885
SG_017900,0.17762602847409364
SG_017902,0.18066721269041805
SG_017907,0.19092001565777567
SG_017909,0.1723569991180153
SG_017910,0.14909935450175732
SG_017913,0.17033947691368975
SG_017914,0.17292968410712684
SG_017917,0.20064967229586905
SG_017918,0.1888858504655545
SG_017919,0.16394973224133766
SG_017920,0.14294070711530577
SG_017936,0.1861619225341808
SG_017938,0.16452540325718082
SG_017945,0.18387944957561103
SG_017947,0.1760639741455358
SG_017949,0.12992736503643462
SG_017956,0.2358700062417612
SG_017958,0.15714072024154918
SG_017960,0.17309439196817938
SG_017965,0.15623668436459864
SG_017971,0.1956594890803096
SG_017973,0.2023446216621297
SG_017978,0.17868896097321812
SG_017981,0.14542966002034827
SG_017985,0.20612249813168412
SG_017987,0.22135470428866463
SG_017991,0.17821588880289824
SG_017992,0.2052252550351899
SG_018002,0.16199278939389306
SG_018003,0.18959048218583163
SG_018005,0.1452466133631906
SG_018014,0.15968244681727312
SG_018015,0.16408334652242806
SG_018016,0.16264562171747782
SG_018017,0.1884600422790476
SG_018024,0.13174137077399561
SG_018028,0.16836569081562375
SG_018032,0.16197501245608878
SG_018033,0.18682565457655043
SG_018037,0.1743188408207536
SG_018040,0.16531028778414608
SG_018042,0.13559681983786445
SG_018046,0.13829628337281547
SG_018050,0.1883259745447426
SG_018055,0.19242212375053475
SG_018056,0.1863238698856771
SG_018061,0.1557923628876942
SG_018063,0.18194637637839048
SG_018064,0.17797025018822427
SG_018067,0.18566444307077065
SG_018072,0.18439488342815819
SG_018073,0.17062414982850097
SG_018074,0.18728790489383465
SG_018076,0.18444083414527707
SG_018080,0.17973597842000014
SG_018084,0.21154622485679903
SG_018088,0.18115904055093696
SG_018090,0.1555751839388178
SG_018092,0.21871355607109733
SG_018094,0.22686968044894185
SG_018096,0.17862926706499374
SG_018100,0.1942652422788333
SG_018109,0.18732629852661678
SG_018111,0.1403907002306571
SG_018120,0.16138167681546794
SG_018124,0.21147979172226186
SG_018125,0.1920521579653621
SG_018130,0.14506452085732796
SG_018132,0.16291506510675063
SG_018134,0.16853415704696076
SG_018140,0.1547265762421653
SG_018144,0.1387296772079491
SG_018146,0.19734914372914966
SG_018150,0.1728196132178562
SG_018154,0.1956323681480767
SG_018155,0.1690053462868721
SG_018160,0.12505431439660666
SG_018165,0.1389292284375207
SG_018166,0.1470806841138887
SG_018170,0.16863100061761044
SG_018174,0.20293316087363253
SG_018175,0.20037995900545358
SG_018178,0.1673091177385232
SG_018181,0.1737710540628685
SG_018186,0.14868187544975098
SG_018188,0.17320993694279635
SG_018195,0.17825231927975865
SG_018198,0.16252645838517976
SG_018201,0.15355377651768476
SG_018206,0.17903837910816728
SG_018208,0.15159249220746615
SG_018214,0.20569866114080043
SG_018215,0.19899344952980152
SG_018216,0.22255070086943984
SG_018221,0.21482871938390719
SG_018224,0.15947046650856497
SG_018228,0.1855368908329164
SG_018229,0.1480387218435283
SG_018238,0.13617901090924656
SG_018241,0.18865127133083281
SG_018246,0.18194861842014737
SG_018247,0.15217045480191188
SG_018252,0.18545916273111457
SG_018253,0.16588446057786813
SG_018259,0.2084291092132998
SG_018261,0.13279680818949083
SG_018263,0.22337556912207962
SG_018266,0.168978503361995
SG_018269,0.16561483473577135
SG_018270,0.18079955885366794
SG_018276,0.17116128418934878
SG_018278,0.15109469076847595
SG_018281,0.1707847668994174
SG_018282,0.15469819066196422
SG_018284,0.178064463818649
SG_018286,0.18588663191396085
SG_018287,0.18575853105232037
SG_018294,0.17830052083031703
SG_018297,0.14199625518939635
SG_018303,0.19914883582045795
SG_018305,0.17844468336516392
SG_018307,0.14288869531221535
SG_018312,0.16642193561278565
SG_018316,0.17067862867794176
SG_018321,0.16081464705645657
SG_018322,0.3258836563888799
SG_018325,0.16571395470432299
SG_018327,0.11869443127733922
SG_018330,0.1732682906867391
SG_018334,0.16418760513282932
SG_018336,0.1884495253797745
SG_018338,0.19138295479552406
SG_018341,0.18067253551238255
SG_018342,0.15964343022813857
SG_018347,0.1680515476762991
SG_018348,0.26859111034783933
SG_018351,0.17478404761173794
SG_018360,0.19783373105738716
SG_018361,0.17748569239837453
SG_018364,0.18553469191527394
SG_018366,0.15973823863875847
SG_018368,0.17229080720046838
SG_018372,0.19518177480189564
SG_018379,0.16567588773731867
SG_018381,0.16359734960538658
SG_018386,0.13927652422822126
SG_018387,0.2048902192543119
SG_018388,0.21262689288544817
SG_018394,0.1705577934200929
SG_018407,0.12167360346093636
SG_018410,0.15211848353968085
SG_018411,0.15381570196617994
SG_018417,0.19456721328394005
SG_018418,0.14262310306575615
SG_018420,0.17880836741345152
SG_018422,0.1630622582263915
SG_018424,0.19853237009926383
SG_018426,0.16344633126236663
SG_018427,0.20353517163055096
SG_018430,0.17511200882549996
SG_018433,0.16330280693474375
SG_018434,0.17114953021861967
SG_018436,0.20477858431710083
SG_018441,0.17909667497515552
SG_018442,0.16131728314554172
SG_018445,0.15833533786032
SG_018448,0.18587046389308748
SG_018452,0.1334127191341186
SG_018455,0.19505351114550346
SG_018458,0.1968676751667342
SG_018462,0.1549194533121475
SG_018468,0.18421919366252731
SG_018469,0.1861642192787092
SG_018470,0.17883062895437424
SG_018471,0.16807346710605486
SG_018472,0.19657187742814855
SG_018474,0.14121091140397055
SG_018476,0.213596513658208
SG_018481,0.20766362451788983
SG_018485,0.2054053224070568
SG_018487,0.19154272556588964
SG_018490,0.12213697826842962
SG_018491,0.15226790886453173
SG_018493,0.19985548217774593
SG_018494,0.15498994195460591
SG_018497,0.1663539947480208
SG_018501,0.1839598037492754
SG_018503,0.10431191477758994
SG_018505,0.1583451444883913
SG_018506,0.1902419160034972
SG_018510,0.15202708659202463
SG_018511,0.16946293278684885
SG_018514,0.17455303492843538
SG_018519,0.20384007319793945
SG_018520,0.15372468180677798
SG_018524,0.16710854508096512
SG_018525,0.14796833399389198
SG_018526,0.18140819578493322
SG_018529,0.189664542867905
SG_018531,0.18497515123498254
SG_018534,0.17607763364774434
SG_018536,0.12884603781803203
SG_018537,0.16817240834405978
SG_018543,0.18267942660098094
SG_018544,0.15403235300219287
SG_018547,0.15429889774279532
SG_018548,0.15945918288316546
SG_018549,0.18997771819662093
SG_018553,0.15870873507386302
SG_018555,0.17529466519525894
SG_018558,0.17243341333191856
SG_018566,0.25987667616667043
SG_018568,0.17596379077211777
SG_018569,0.1414031547890189
SG_018573,0.18844942907197193
SG_018576,0.15890909743506393
SG_018579,0.12896618736593757
SG_018587,0.16950545034663075
SG_018591,0.18164547155462443
SG_018594,0.19529754205902605
SG_018601,0.18872611482883883
SG_018603,0.18655828227948262
SG_018608,0.18671516718140377
SG_018611,0.1908810694617762
SG_018612,0.19098136203708166
SG_018615,0.15177524229970923
SG_018617,0.19497314280903852
SG_018621,0.18481469579780535
SG_018623,0.19914461105072098
SG_018624,0.22492905083124337
SG_018631,0.1320892436188738
SG_018636,0.178367175280219
SG_018637,0.1613263754651026
SG_018639,0.18381890677144752
SG_018644,0.1532950747681152
SG_018645,0.1707467480381902
SG_018647,0.1664582189829066
SG_018650,0.19938413898838855
SG_018651,0.13706297771760587
SG_018662,0.15205385893227802
SG_018663,0.17226719836146626
SG_018664,0.1723225656076314
SG_018665,0.1848119413963188
SG_018670,0.1765269172863491
SG_018676,0.1358017463221251
SG_018677,0.15199460118779545
SG_018678,0.1885713849579024
SG_018680,0.17071800958296557
SG_018685,0.1575944500771337
SG_018686,0.17353744459347153
SG_018687,0.1839393135639627
SG_018688,0.14376799519999023
SG_018689,0.12084540794945131
SG_018693,0.18520511881411136
SG_018694,0.1900572243382342
SG_018697,0.19574751238639232
SG_018703,0.1539458658740136
SG_018705,0.16879658209844556
SG_018709,0.13191193536579143
SG_018710,0.3055346213604495
SG_018711,0.1785743287127238
SG_018717,0.17792728473860248
SG_018721,0.16959441805274844
SG_018722,0.16499440658988568
SG_018731,0.18045879476705767
SG_018733,0.20630006012515206
SG_018738,0.1389540360091815
SG_018744,0.16949097861723006
SG_018745,0.18194818123013096
SG_018748,0.14046710897895467
SG_018756,0.22325303922783454
SG_018758,0.157540690468187
SG_018761,0.1473020972026085
SG_018765,0.14224611618898067
SG_018766,0.21788958314763485
SG_018767,0.15916740375237026
SG_018768,0.1992863837384126
SG_018770,0.15222699722344368
SG_018779,0.13529646310393034
SG_018787,0.16214955557969574
SG_018788,0.17846649918607066
SG_018789,0.15303472614071426
SG_018791,0.16239225022598017
SG_018792,0.19749020854156502
SG_018793,0.1574161197717741
SG_018798,0.19093806632713373
SG_018799,0.17718858273739763
SG_018800,0.18601702913028284
SG_018803,0.16576772735398398
SG_018806,0.20148181761469214
SG_018809,0.14847037671908073
SG_018811,0.19226148454577824
SG_018817,0.15757019022674087
SG_018818,0.15430379794907848
SG_018821,0.1466545846639143
SG_018822,0.1702217065520386
SG_018823,0.1604366169578728
SG_018826,0.2049758369238584
SG_018831,0.1260375759935298
SG_018834,0.16478587308137016
SG_018837,0.17295663587785945
SG_018838,0.22370896892021452
SG_018842,0.15762066788028722
SG_018843,0.15968761726719755
SG_018847,0.1570456813738848
SG_018850,0.2008124769245418
SG_018852,0.20632985490499994
SG_018853,0.1338350945383793
SG_018859,0.213903736708287
SG_018861,0.2108422060924489
SG_018875,0.1431245895777438
SG_018883,0.17672488647069176
SG_018885,0.13674747221388173
SG_018889,0.16252433121394755
SG_018890,0.13336695413734065
SG_018894,0.18105977143861085
SG_018895,0.17751001912958736
SG_018899,0.19752111239710357
SG_018901,0.17634504706526144
SG_018902,0.24361982698159138
SG_018904,0.19039080588717142
SG_018905,0.20130136352889944
SG_018906,0.17290186525656104
SG_018907,0.19812930720228972
SG_018908,0.18753481070283218
SG_018915,0.16310324691372638
SG_018918,0.14114100710257976
SG_018920,0.17042147570454752
SG_018924,0.16455884843113913
SG_018928,0.20346955120704258
SG_018940,0.20042719226755512
SG_018941,0.16085712497957133
SG_018942,0.15990383646066939
SG_018965,0.2070050376069234
SG_018966,0.19156827069155274
SG_018968,0.16089503901119057
SG_018970,0.1653226922306481
SG_018972,0.17558681861458228
SG_018978,0.22113790564986507
SG_018981,0.1346850938597301
SG_018984,0.13066824439048202
SG_018990,0.16821743833044425
SG_019006,0.16010250553759436
SG_019012,0.20145852632857336
SG_019014,0.16110332320786927
SG_019015,0.22509674101915206
SG_019016,0.2003770641189985
SG_019018,0.19926772627656936
SG_019019,0.17627673153555684
SG_019023,0.193554985791843
SG_019028,0.16752143583186196
SG_019030,0.17209399355933397
SG_019036,0.21186146968629854
SG_019038,0.19506638960771888
SG_019039,0.18524498036390588
SG_019041,0.27663485928832937
SG_019042,0.18577398533915712
SG_019044,0.219561070926413
SG_019051,0.16377130522083705
SG_019053,0.18214735828955136
SG_019054,0.18486261011924043
SG_019058,0.1857017666580835
SG_019069,0.1637333961761706
SG_019071,0.16043935083393657
SG_019082,0.14405784782556194
SG_019083,0.19039447328212172
SG_019084,0.15445546830575826
SG_019087,0.1488772919510553
SG_019092,0.1436624975930318
SG_019098,0.1666248324993697
SG_019102,0.21382077208953656
SG_019105,0.22179848014453496
SG_019106,0.18536174686712512
SG_019109,0.15522732073683615
SG_019115,0.19518543762625157
SG_019117,0.21299820316075677
SG_019119,0.15926807008116195
SG_019120,0.163618780564075
SG_019131,0.16062263453445771
SG_019142,0.17034201391559953
SG_019146,0.16548238340593988
SG_019147,0.19221053362464308
SG_019149,0.14286595336265023
SG_019150,0.1715981955980701
SG_019162,0.1745132534883611
SG_019167,0.19791543918016413
SG_019169,0.180053668321387
SG_019171,0.11436633320518667
SG_019176,0.1623552170565677
SG_019184,0.18203629629034573
SG_019187,0.1696248076360891
SG_019190,0.14093341821454475
SG_019197,0.13769560704587272
SG_019198,0.16074872821793343
SG_019201,0.13419684920338665
SG_019203,0.17445141911309364
SG_019204,0.2006373163431213
SG_019208,0.18793026621578
SG_019209,0.10861248578375156
SG_019211,0.1639534902072299
SG_019212,0.16386532272464285
SG_019217,0.16911544022167568
SG_019221,0.1532334555299522
SG_019222,0.17134191643857882
SG_019223,0.1652778881351633
SG_019225,0.13398458782949038
SG_019237,0.18813254084967865
SG_019244,0.1727480671148472
SG_019245,0.2249957519804501
SG_019246,0.1742069778558195
SG_019247,0.16231328229414835
SG_019248,0.16676363829154792
SG_019249,0.1693078948189795
SG_019251,0.1514784355553172
SG_019253,0.1806460433494019
SG_019254,0.1589671998234023
SG_019255,0.1805885996045153
SG_019259,0.13038160067432467
SG_019265,0.19179957899283445
SG_019266,0.17319628926707936
SG_019267,0.18785686768894722
SG_019270,0.1377838559893281
SG_019271,0.15813248476268701
SG_019272,0.18952954305799338
SG_019273,0.14472287259989602
SG_019274,0.15464332130729078
SG_019275,0.15643013258214283
SG_019276,0.12211435437973843
SG_019282,0.16608136063229278
SG_019286,0.16543968087756497
SG_019289,0.24989148558222468
SG_019295,0.1918728420751719
SG_019296,0.19964475872715667
SG_019298,0.12275645902127574
SG_019300,0.16101645046647708
SG_019302,0.1788150262808122
SG_019311,0.16841539866830926
SG_019314,0.19142309663924384
SG_019315,0.1471942241886533
SG_019316,0.1697698274348147
SG_019321,0.13698834567524595
SG_019325,0.18754963030706706
SG_019326,0.2042162718813017
SG_019328,0.19381630313295223
SG_019330,0.1582254045177617
SG_019333,0.15270757437401067
SG_019336,0.17649127606028644
SG_019339,0.1697717896021967
SG_019346,0.1508084112937563
SG_019352,0.16366000900327
SG_019358,0.20269024643253397
SG_019362,0.24074408578218137
SG_019368,0.16441861004519018
SG_019371,0.15540026584210853
SG_019373,0.22793962244986293
SG_019374,0.161794677946187
SG_019375,0.18927233897172974
SG_019376,0.16848020684570977
SG_019386,0.18240426546293592
SG_019388,0.17672327446421024
SG_019394,0.19107077116403265
SG_019398,0.16839121477210095
SG_019408,0.14013002567007946
SG_019411,0.12766870520440346
SG_019419,0.20606374261937957
SG_019421,0.1924058334766724
SG_019425,0.18791429817491806
SG_019427,0.18243181090200392
SG_019428,0.20045740233242867
SG_019431,0.13970904258838607
SG_019432,0.17599184052042194
SG_019433,0.1734417237371512
SG_019436,0.1820203234934203
SG_019437,0.22541924604525443
SG_019440,0.14706620418576405
SG_019442,0.17878960729947754
SG_019446,0.18163218418801105
SG_019447,0.14720498024174605
SG_019449,0.12795479963259868
SG_019452,0.11036099615395153
SG_019455,0.18221365498909145
SG_019456,0.1468005955620228
SG_019458,0.16224857026256606
SG_019466,0.18311848344410336
SG_019468,0.197096005475859
SG_019470,0.15047237914625505
SG_019471,0.19846991727428875
SG_019473,0.14582579096632955
SG_019478,0.17568018312017972
SG_019485,0.2018216340227959
SG_019488,0.11178908713159037
SG_019489,0.1607941828130967
SG_019491,0.18591588663991426
SG_019496,0.17159147462809718
SG_019498,0.193102890283433
SG_019510,0.17356349992297154
SG_019516,0.16176313222905697
SG_019519,0.17291345534784744
SG_019523,0.17556342260936525
SG_019527,0.1819909104936588
SG_019530,0.15946865396737162
SG_019532,0.1391013662090369
SG_019534,0.12493866676208017
SG_019540,0.18404941209519032
SG_019541,0.1898103711144489
SG_019543,0.16501360550317484
SG_019553,0.15817032358336977
SG_019558,0.15902124168966916
SG_019562,0.1681090927990204
SG_019563,0.1771919327123714
SG_019564,0.19274216699705954
SG_019567,0.19872751793444754
SG_019570,0.19134013835041377
SG_019577,0.16283985265672068
SG_019583,0.19405635269219995
SG_019585,0.1696201412479797
SG_019587,0.17522636538572453
SG_019588,0.16283268642934293
SG_019591,0.12833708520767168
SG_019593,0.17825949272941946
SG_019598,0.16266708122619383
SG_019599,0.17221510641660415
SG_019602,0.181883705350093
SG_019609,0.21786736697065284
SG_019620,0.20074287908814475
SG_019621,0.14425202093676873
SG_019624,0.15816084429614027
SG_019625,0.20312974832985642
SG_019627,0.16327757226353143
SG_019635,0.1420831897245943
SG_019638,0.15536864645972306
SG_019639,0.1475282759366372
SG_019642,0.18823923430845946
SG_019645,0.15608056733829898
SG_019647,0.21066634356818584
SG_019648,0.14068957405603735
SG_019650,0.1405606564789416
SG_019652,0.17085944718760304
SG_019654,0.18762957486075843
SG_019657,0.15901249926070588
SG_019660,0.15149205751335856
SG_019661,0.16646088644532878
SG_019662,0.1824178438764743
SG_019665,0.1727141222715065
SG_019666,0.15839131509862342
SG_019667,0.16769456232698376
SG_019676,0.1749877832878433
SG_019679,0.19325141106403115
SG_019680,0.22522188619590217
SG_019683,0.20032662494900833
SG_019689,0.1508054109188395
SG_019690,0.18236107927252737
SG_019691,0.16037474935744717
SG_019695,0.141851941315641
SG_019698,0.15838315248285167
SG_019710,0.15384704393098353
SG_019711,0.17857149369477265
SG_019716,0.1506272413938398
SG_019724,0.16074242523106513
SG_019727,0.1971274900365177
SG_019728,0.1955368352050059
SG_019729,0.16391256038649574
SG_019733,0.19929609271462653
SG_019738,0.16838707027028416
SG_019740,0.15073735540886063
SG_019746,0.16841130136988744
SG_019747,0.1666633409808737
SG_019750,0.15964259808772335
SG_019755,0.18046559357205247
SG_019756,0.16620934278257937
SG_019761,0.17621956174994416
SG_019764,0.17662776842017122
SG_019766,0.166741966217901
SG_019767,0.14862403044210915
SG_019769,0.1824319694780187
SG_019779,0.11989609676565305
SG_019782,0.1357751631643799
SG_019783,0.16248744584106084
SG_019784,0.1507534074036851
SG_019791,0.15866897428367227
SG_019792,0.1561538717292216
SG_019793,0.22514271590605497
SG_019797,0.1499378113750122
SG_019800,0.16919827528915696
SG_019801,0.1656415869149431
SG_019802,0.15992411638188875
SG_019804,0.1418798192512717
SG_019807,0.19105976986109713
SG_019809,0.2026057068891971
SG_019811,0.15084980426155586
SG_019812,0.19379445950525948
SG_019819,0.14054328187279713
SG_019828,0.1933152170207396
SG_019830,0.14133953209247585
SG_019832,0.21309300793437105
SG_019835,0.1904311074090145
SG_019838,0.1448268351738839
SG_019839,0.19501699346080295
SG_019842,0.1810258903559822
SG_019846,0.17692797461339174
SG_019849,0.14957773238887156
SG_019851,0.20242220955207837
SG_019852,0.1947417505644574
SG_019853,0.19026558657806997
SG_019854,0.18037222637426314
SG_019857,0.1827831024609436
SG_019858,0.20456098240649548
SG_019859,0.20600691148511102
SG_019864,0.17634246534228054
SG_019865,0.15506017509391584
SG_019868,0.20692463967768848
SG_019869,0.17458713281723112
SG_019873,0.17500657551836288
SG_019878,0.16528947116516446
SG_019883,0.17888653730254048
SG_019887,0.14510603527681515
SG_019888,0.13448737329065238
SG_019895,0.15396739879939916
SG_019900,0.15733340261595274
SG_019903,0.16605723544557577
SG_019906,0.21203838213567466
SG_019909,0.19880548078843127
SG_019910,0.15367190821283377
SG_019913,0.21388249384523292
SG_019914,0.17809328478249928
SG_019921,0.16098814087354088
SG_019923,0.17502192786441476
SG_019928,0.20568650257484275
SG_019930,0.187361446384014
SG_019933,0.1678983200323765
SG_019939,0.1417914030793567
SG_019941,0.1692604143300466
SG_019944,0.1703205312470632
SG_019945,0.1908540535126942
SG_019947,0.1428480478188412
SG_019949,0.20194854017801797
SG_019950,0.22119536808334664
SG_019954,0.19101919290221916
SG_019955,0.1522186864412913
SG_019960,0.17271358150592034
SG_019961,0.21667220305117504
SG_019966,0.16967206579495303
SG_019968,0.17187536060063885
SG_019970,0.2135532129811592
SG_019973,0.14137970366676536
SG_019974,0.2098455795771677
SG_019976,0.18424793954084343
SG_019978,0.16590351773082374
SG_019980,0.14520959861746607
SG_019981,0.16235312850280212
SG_019983,0.18489081583305508
SG_019984,0.1834894193974667
SG_019985,0.1858411814156567
SG_019989,0.19888030186033695
SG_019994,0.16386233675081568
SG_019998,0.1421660384072281
SG_019999,0.24750556153354583
SG_020000,0.13818606974172054
