signal_id,ehtimollik
SG_000001,0.6206847046567897
SG_000007,0.49693199905141916
SG_000009,0.22166897892448612
SG_000010,0.09103470026612653
SG_000011,0.5287380301579485
SG_000018,0.7906293172590316
SG_000024,0.848313859108673
SG_000026,0.17131258830910875
SG_000032,0.5046474316608225
SG_000033,0.7426033593121887
SG_000034,0.1221412100349264
SG_000036,0.25816265186998627
SG_000039,0.24128078128003008
SG_000048,0.17952331459519652
SG_000049,0.3817222569589795
SG_000050,0.743872317133225
SG_000053,0.2984763787581654
SG_000054,0.7377457867852778
SG_000055,0.6767146734860734
SG_000058,0.30951918787261956
SG_000059,0.4040576456946411
SG_000061,0.5755370492409102
SG_000062,0.763692000057123
SG_000072,0.28505425850465377
SG_000073,0.6612784648488362
SG_000075,0.4442322457784621
SG_000080,0.8598243965741768
SG_000081,0.6512105455900311
SG_000083,0.06665016652318415
SG_000086,0.14661673776031614
SG_000087,0.8652864023167157
SG_000092,0.5478839426080029
SG_000099,0.6627415163540106
SG_000100,0.4201335276195602
SG_000105,0.2893435313630097
SG_000106,0.8464209941813677
SG_000107,0.009598205685882348
SG_000118,0.6509142201078724
SG_000120,0.22512841956102478
SG_000125,0.4427473726934755
SG_000129,0.2704384255945586
SG_000137,0.3144388790656113
SG_000146,0.41571437923264504
SG_000147,0.7070101405828237
SG_000149,0.8068929346441192
SG_000153,0.6667458126736034
SG_000161,0.18404984392019466
SG_000163,0.22695457192139423
SG_000165,0.8695150345944855
SG_000173,0.2939364792846104
SG_000178,0.31705127804723815
SG_000179,0.15486044921813297
SG_000187,0.9993063461581286
SG_000192,0.056762759037333146
SG_000193,0.5279601947869406
SG_000195,0.5678066826009038
SG_000196,0.8675131903909057
SG_000201,0.03361217593534109
SG_000203,0.32186680361148706
SG_000205,0.9429222799878392
SG_000207,0.7191410320762895
SG_000211,0.7400932573706703
SG_000214,0.3178855551940279
SG_000217,0.07700949038914667
SG_000218,0.9876654837237895
SG_000219,0.5874221505181351
SG_000227,0.45259410176764103
SG_000229,0.13882618921551182
SG_000232,0.726740589223089
SG_000240,0.036770574538615215
SG_000242,0.9102510495459233
SG_000244,0.445077743381068
SG_000246,0.4088572763919128
SG_000250,0.30269941472132694
SG_000253,0.7496847832545434
SG_000262,0.48472253886416006
SG_000269,0.8823745512390886
SG_000270,0.4295791056695912
SG_000271,0.8118772188554348
SG_000284,0.8494661827184553
SG_000286,0.7230096137729409
SG_000287,0.1930159558488544
SG_000290,0.936855835206207
SG_000291,0.7187936498960146
SG_000301,0.16475527590195171
SG_000302,0.7834115705354581
SG_000304,0.15094195767238752
SG_000306,0.8094969726449005
SG_000309,0.25017698338029193
SG_000314,0.5866581610163393
SG_000319,0.947347223370253
SG_000320,0.20789220233426586
SG_000321,0.425155254098639
SG_000325,0.7789465602096959
SG_000328,0.08525322636195082
SG_000329,0.1661881763406636
SG_000333,0.38722000750091456
SG_000334,0.8764137822302853
SG_000335,0.30003905616281473
SG_000339,0.09125086793611817
SG_000341,0.21129290576558257
SG_000345,0.9173529308586883
SG_000347,0.21065732818313093
SG_000349,0.5043662732110954
SG_000350,0.5515900574892183
SG_000351,0.03923947866423449
SG_000357,0.20006141603446825
SG_000360,0.7944737251000565
SG_000366,0.9306713275869893
SG_000368,0.8132368986412535
SG_000370,0.43998061644100833
SG_000378,0.35186249220248633
SG_000386,0.5105446858430314
SG_000394,0.42827663387754866
SG_000395,0.39647517544498395
SG_000397,0.8390100130043794
SG_000398,0.35207622705496866
SG_000401,0.5453809127325875
SG_000402,0.4629758960961867
SG_000414,0.9343092564539377
SG_000415,0.586495776799087
SG_000419,0.8555960925073757
SG_000420,0.5948069993078361
SG_000422,0.9594291060251496
SG_000425,0.7136175562381571
SG_000430,0.2448254652613327
SG_000431,0.0097113208282609
SG_000435,0.017893470226795695
SG_000436,0.3714527990165688
SG_000440,0.47238614512655297
SG_000444,0.08585937580468411
SG_000450,0.5529759136424715
SG_000452,0.6376053170436121
SG_000454,0.5652174704768866
SG_000460,0.4541880851510732
SG_000462,0.3260494290841216
SG_000471,0.4138723357748816
SG_000474,0.9458130335417414
SG_000475,0.695687917253861
SG_000476,0.6497122773286252
SG_000480,0.6689786868371922
SG_000482,0.8914004390184632
SG_000484,0.9117330005496544
SG_000487,0.6109586445332107
SG_000488,0.6388150250667708
SG_000494,0.8034171872473609
SG_000496,0.32145011133948126
SG_000497,0.013953512724535502
SG_000498,0.09059257739037331
SG_000501,0.6825061011107576
SG_000506,0.772268176696391
SG_000511,0.6166798425960971
SG_000513,0.13106101121662528
SG_000524,0.15601642912270175
SG_000526,0.8954530340507232
SG_000527,0.09084633551650931
SG_000530,0.34520679545761235
SG_000535,0.34874146375055215
SG_000536,0.5217657120877245
SG_000551,0.5539882952765681
SG_000561,0.957709468692128
SG_000563,0.9511007311810165
SG_000567,0.8182671450503833
SG_000572,0.791505789028295
SG_000580,0.5389364672430147
SG_000583,0.2706471923464411
SG_000585,0.8598920031742601
SG_000588,0.2659829841438106
SG_000591,0.6824124264932327
SG_000593,0.3803791087141904
SG_000594,0.7980166598799993
SG_000598,0.17168118963577902
SG_000603,0.30681156038043905
SG_000610,0.3316973931314836
SG_000614,0.3603179592652786
SG_000615,0.45337586132398133
SG_000616,0.032745497048263995
SG_000617,0.15355841268484552
SG_000619,0.42826814412562214
SG_000621,0.8983166700953502
SG_000629,0.8576175508252832
SG_000633,0.37945708172129716
SG_000634,0.6190534430001895
SG_000638,0.5986743012886543
SG_000640,0.5939491652988025
SG_000643,0.7235455893499996
SG_000646,0.8146945382807221
SG_000648,0.1303154213378866
SG_000657,0.25146623618797237
SG_000662,0.5317875624749356
SG_000665,0.2269455097326613
SG_000666,0.8249279896218558
SG_000672,0.17717486848086442
SG_000674,0.30929576422744864
SG_000677,0.14067887202116902
SG_000678,0.6624414194283238
SG_000679,0.2707197861973939
SG_000691,0.6738794747324859
SG_000692,0.11456180095460088
SG_000693,0.9259525034363615
SG_000695,0.923231841361638
SG_000696,0.2509347161319453
SG_000698,0.15516633689712434
SG_000706,0.2610910388074787
SG_000709,0.2716303467947626
SG_000713,0.3910871021775858
SG_000716,0.3791920616919586
SG_000717,0.14382916185165415
SG_000719,0.4227961478891784
SG_000722,0.7566994285488522
SG_000727,0.39388098915183406
SG_000734,0.24102593660776958
SG_000737,0.1280794070759308
SG_000739,0.3233474668517812
SG_000742,0.7897699241274583
SG_000743,0.3259517164504242
SG_000750,0.45665141176973584
SG_000751,0.8568939903407716
SG_000759,0.9721486881835435
SG_000762,0.5753550358032699
SG_000764,0.27729393395219915
SG_000768,0.040569014489130334
SG_000769,0.6182960201621213
SG_000770,0.4527817284190691
SG_000788,0.9103817602489654
SG_000790,0.09440272689385487
SG_000797,0.41430183211067223
SG_000798,0.1829308675359454
SG_000799,0.5029952477411963
SG_000802,0.8972397106300689
SG_000803,0.9307873737783285
SG_000809,0.6801408116508637
SG_000811,0.44223044394420064
SG_000812,0.7389582515928896
SG_000816,0.8675580436827012
SG_000817,0.404592421520078
SG_000820,0.23900770120192252
SG_000821,0.04947587484248753
SG_000826,0.4950825710121607
SG_000840,0.48081007866501124
SG_000849,0.7837598651281196
SG_000851,0.3080161597863829
SG_000856,0.059304420205304895
SG_000857,0.9238034570572478
SG_000864,0.03510197290696919
SG_000865,0.03148099965162274
SG_000875,0.6037495763740035
SG_000883,0.27807392026924077
SG_000888,0.8510349185506689
SG_000889,0.6658722750303253
SG_000890,0.6090752233651231
SG_000891,0.3165341186779942
SG_000903,0.5610355801083262
SG_000907,0.4563366355228745
SG_000909,0.09045207443048775
SG_000910,0.7683913651064496
SG_000911,0.8040021243746123
SG_000912,0.5496666132933212
SG_000913,0.530659014534617
SG_000917,0.8103900686723875
SG_000920,0.6589142479149275
SG_000928,0.18267524440480665
SG_000934,0.052709768367365725
SG_000935,0.8512807585906542
SG_000938,0.7459673776431217
SG_000940,0.12413331856649823
SG_000943,0.5881200246524636
SG_000945,0.4901302283042054
SG_000946,0.3069822609555218
SG_000948,0.38706412016391195
SG_000950,0.7310338092677093
SG_000954,0.3181170180283254
SG_000959,0.8657279371071692
SG_000963,0.7146016430899877
SG_000965,0.30885340199339495
SG_000968,0.8688000733807244
SG_000970,0.7970096869341486
SG_000973,0.10622967090861082
SG_000975,0.23479325111549137
SG_000977,0.2012472993921844
SG_000980,0.922852626702253
SG_000981,0.5833672981495633
SG_000985,0.49544968462629235
SG_000987,0.8847805227798163
SG_000988,0.42600724186748673
SG_000990,0.6764814714708223
SG_000991,0.672992405327915
SG_001002,0.710884054575108
SG_001004,0.9734632368006102
SG_001009,0.47395740264724556
SG_001010,0.106134282103999
SG_001014,0.33592748477183676
SG_001023,0.7873676823830571
SG_001027,0.2141106517803394
SG_001028,0.9208761171259114
SG_001030,0.42161694571675756
SG_001031,0.4441800061146594
SG_001032,0.5399727533953518
SG_001042,0.5544757322585273
SG_001048,0.6361400300020619
SG_001049,0.16000315492518757
SG_001052,0.261026172455419
SG_001058,0.2538154869403506
SG_001060,0.5927577867707747
SG_001066,0.8408475798651224
SG_001067,0.5037914696359995
SG_001070,0.41876113898852296
SG_001071,0.5063972026552968
SG_001075,0.007049696407458917
SG_001076,0.9001419779672524
SG_001078,0.15075203274569865
SG_001081,0.6022462094982641
SG_001085,0.3841206116201987
SG_001086,0.18456371072650046
SG_001100,0.2354778585157275
SG_001101,0.012759338531424958
SG_001102,0.8128354754511593
SG_001106,0.10960872103716887
SG_001107,0.015486283798827974
SG_001108,0.5951735537447509
SG_001109,0.32693894723558964
SG_001111,0.9450859830465621
SG_001117,0.83783214675679
SG_001121,0.6589112035297005
SG_001123,0.6637232327809377
SG_001125,0.7457469168201706
SG_001126,0.9883272795999412
SG_001128,0.14757395876927135
SG_001133,0.03152280220615673
SG_001135,0.7854283646292066
SG_001143,0.9741191630258108
SG_001153,0.03297891163299921
SG_001155,0.9066583528758942
SG_001157,0.5501948865118171
SG_001159,0.7841400943950585
SG_001161,0.8780329682785513
SG_001163,0.3950954855111607
SG_001167,0.9763666165325011
SG_001180,0.4393009673346449
SG_001181,0.9529268861753579
SG_001182,0.5620872028409667
SG_001184,0.6396109423630163
SG_001188,0.20012272402535902
SG_001190,0.718536185354759
SG_001192,0.7204782443596441
SG_001196,0.9653381587437627
SG_001201,0.8092785519976967
SG_001202,0.08707150424047926
SG_001203,0.5064375609017866
SG_001205,0.2019896058875385
SG_001208,0.817692948431793
SG_001210,0.6302906654511022
SG_001211,0.6659535125281452
SG_001213,0.7609548358283322
SG_001215,0.7994949177125059
SG_001217,0.6767969668251544
SG_001225,0.6001656799425318
SG_001226,0.7713699212903187
SG_001229,0.8990124808864035
SG_001230,0.4118032600910647
SG_001236,0.4291071512653973
SG_001237,0.03049564422245116
SG_001243,0.7000248746258014
SG_001245,0.48781681084191764
SG_001248,0.011314603505029372
SG_001252,0.03292355260236987
SG_001255,0.9764739083746785
SG_001257,0.7176136004031698
SG_001262,0.5008767825048727
SG_001264,0.34707202407924675
SG_001267,0.18562614504721847
SG_001279,0.006904178899450006
SG_001285,0.35708952444959907
SG_001287,0.12302540398805548
SG_001293,0.8963550571961252
SG_001296,0.8008943799336181
SG_001298,0.3364255070791734
SG_001303,0.11156824699823259
SG_001305,0.2836685496989289
SG_001306,0.7032179543551165
SG_001309,0.37499588658983674
SG_001312,0.21023982283133652
SG_001313,0.666379313685913
SG_001314,0.3932796753030324
SG_001316,0.3068954593769305
SG_001318,0.2323203570880104
SG_001319,0.8584262590224978
SG_001321,0.7962401527670512
SG_001322,0.42219310723290704
SG_001327,0.2785944536632192
SG_001331,0.23267742704226846
SG_001335,0.2337783033006699
SG_001336,0.6048295712725013
SG_001349,0.6435199100841215
SG_001350,0.5670518797827319
SG_001352,0.6707072035540929
SG_001354,0.2293431414514419
SG_001361,0.22841302416360293
SG_001362,0.6836921868020417
SG_001364,0.27652688422130506
SG_001374,0.9080513579860987
SG_001389,0.1604052496553124
SG_001390,0.20773086750946665
SG_001395,0.8718717977749008
SG_001397,0.44054307847876994
SG_001401,0.259904022094141
SG_001402,0.3993744509514301
SG_001405,0.15592990249050598
SG_001412,0.9592457436324622
SG_001415,0.35942771890918296
SG_001419,0.16693405444551918
SG_001421,0.7726770537864425
SG_001423,0.43091190333686735
SG_001432,0.5335091475952647
SG_001433,0.5260614417603993
SG_001441,0.6536774539989293
SG_001446,0.5031372192092229
SG_001447,0.514605841789544
SG_001448,0.032781027188467676
SG_001453,0.020392294371550164
SG_001458,0.4512534702582769
SG_001465,0.730594243654666
SG_001469,0.7810484255701831
SG_001470,0.5556679664310398
SG_001472,0.879556624180432
SG_001476,0.475906257869262
SG_001478,0.7553859711675945
SG_001480,0.9351704510936857
SG_001484,0.013124849614861213
SG_001487,0.7781349265733064
SG_001493,0.8371516982280272
SG_001494,0.9458325023014753
SG_001500,0.5411434273311859
SG_001505,0.6634071232275226
SG_001506,0.8094763956358793
SG_001510,0.09439352810455408
SG_001514,0.663178256422266
SG_001520,0.7001069383976146
SG_001525,0.8443282097822151
SG_001527,0.4382317479546436
SG_001528,0.44194603592880366
SG_001529,0.1787594032689307
SG_001531,0.6949842170232012
SG_001541,0.7769253096729838
SG_001542,0.637092777077527
SG_001543,0.9041172760908542
SG_001545,0.3441607132466835
SG_001549,0.6569685206672997
SG_001557,0.7478724025039032
SG_001558,0.8874415368521977
SG_001561,0.5748675094105149
SG_001562,0.24734215818541178
SG_001563,0.6359191895832591
SG_001567,0.3321239456985507
SG_001568,0.30004062971638135
SG_001569,0.7669132555572671
SG_001570,0.8171110286420203
SG_001571,0.44110456223932126
SG_001572,0.5695569843378995
SG_001573,0.08531722247373374
SG_001576,0.6299925691455002
SG_001584,0.28986170988119764
SG_001590,0.5602632276170557
SG_001591,0.26758539755192445
SG_001592,0.1540465112850332
SG_001595,0.34641636684620725
SG_001601,0.7955233764034204
SG_001604,0.5725770649202822
SG_001609,0.5809035880705229
SG_001610,0.7551133570661324
SG_001612,0.1529446055110023
SG_001613,0.9364295558264117
SG_001615,0.25435760324839907
SG_001623,0.5513705910036346
SG_001624,0.25481790501504664
SG_001631,0.23180485232507247
SG_001634,0.5069251693659865
SG_001636,0.9555993471781039
SG_001638,0.8886426817387953
SG_001647,0.7250840189858188
SG_001650,0.82514124633339
SG_001653,0.5409089525102635
SG_001654,0.8872295753402251
SG_001658,0.790033877323507
SG_001663,0.6502229779899962
SG_001667,0.4223980960602884
SG_001668,0.417751438728091
SG_001670,0.060968332207261645
SG_001683,0.28641818869383884
SG_001686,0.7352080091445841
SG_001688,0.6840131385464907
SG_001689,0.31326948182010667
SG_001698,0.9381090514481649
SG_001704,0.5264913410907734
SG_001711,0.7421027756124159
SG_001719,0.07379960501142883
SG_001720,0.08798645727371532
SG_001723,0.6939979262599596
SG_001726,0.6109700368690676
SG_001728,0.25095688948178574
SG_001731,0.257567967291197
SG_001733,0.8800071559690517
SG_001734,0.20117778725981328
SG_001735,0.7618351798537812
SG_001737,0.8883782204731794
SG_001738,0.8778991435890945
SG_001739,0.22618781000495314
SG_001740,0.4396665234684548
SG_001744,0.6724321659244757
SG_001745,0.586976459028826
SG_001750,0.4750028320114968
SG_001751,0.7053640000186976
SG_001761,0.8272392514013421
SG_001767,0.14807014689076722
SG_001768,0.8903081518935002
SG_001769,0.255228716857752
SG_001776,0.8860126689323407
SG_001786,0.013196054806809627
SG_001788,0.452740922669279
SG_001789,0.6180299938832854
SG_001790,0.13315679450497175
SG_001791,0.4502330438234371
SG_001792,0.5606269477569874
SG_001793,0.3242106410853152
SG_001796,0.27008428394282097
SG_001797,0.37511874194300626
SG_001803,0.3555040795708349
SG_001804,0.2845009018142752
SG_001806,0.3609145184062922
SG_001811,0.34430656653255504
SG_001815,0.8814787547172255
SG_001819,0.28809324062561115
SG_001824,0.4438910469121743
SG_001825,0.7948066732761293
SG_001827,0.4213861315855477
SG_001830,0.6303710862836713
SG_001831,0.236062042981163
SG_001833,0.9274863640684186
SG_001836,0.23872622045203912
SG_001844,0.8872514383020391
SG_001846,0.23760293957835318
SG_001847,0.613235359058309
SG_001848,0.9361476275235381
SG_001849,0.8519341352047792
SG_001851,0.03317924069470186
SG_001858,0.40823449890750885
SG_001860,0.1158848206477662
SG_001862,0.7823738535998661
SG_001864,0.18887237112786215
SG_001865,0.3035196363058536
SG_001867,0.8633100815823722
SG_001872,0.12363123285576
SG_001876,0.24374851505851475
SG_001877,0.8978213221529121
SG_001883,0.7866793236002375
SG_001884,0.41256898618953225
SG_001885,0.22429271752166058
SG_001886,0.8975058200688775
SG_001888,0.17894591087702796
SG_001890,0.4669155850668636
SG_001892,0.4166251719815633
SG_001893,0.8412785941726553
SG_001894,0.5411516743190331
SG_001895,0.9753933881951509
SG_001897,0.6348644895408269
SG_001901,0.48498215458082283
SG_001903,0.5399538157087238
SG_001904,0.3093752639432955
SG_001906,0.4616374457405391
SG_001909,0.5650350036470966
SG_001912,0.34297374605972475
SG_001914,0.2223231646351375
SG_001915,0.37883637240062223
SG_001919,0.8285211113837697
SG_001924,0.3772039963406855
SG_001925,0.16173476083262092
SG_001928,0.7760616982889713
SG_001930,0.3420191722510142
SG_001932,0.3629425566833431
SG_001933,0.42704094863103065
SG_001934,0.012078698032118616
SG_001936,0.07087577083785775
SG_001947,0.1894931007370247
SG_001953,0.8958226830245869
SG_001954,0.12356574274478886
SG_001955,0.8342399018165606
SG_001963,0.499914179873721
SG_001971,0.9049915930163385
SG_001975,0.4383931440879584
SG_001976,0.48891543762932066
SG_001977,0.8700650238075418
SG_001980,0.19017476535402328
SG_001981,0.05765785369457731
SG_001982,0.5886098469812655
SG_001990,0.3946808573882328
SG_001999,0.29807922560319344
SG_002000,0.7602253744638743
SG_002002,0.9876178012999133
SG_002004,0.8776223846852123
SG_002008,0.9168780686541407
SG_002009,0.5398713675187745
SG_002016,0.7371833734845632
SG_002021,0.412119102973231
SG_002024,0.7505817018967622
SG_002027,0.8647351529183709
SG_002037,0.7993091032822172
SG_002038,0.5438965183623712
SG_002039,0.6845616960718854
SG_002044,0.5987001869129054
SG_002045,0.16495688110971993
SG_002048,0.10087233916357762
SG_002050,0.904529371337897
SG_002052,0.4716734482421755
SG_002063,0.5127416952380288
SG_002067,0.9469244834289003
SG_002068,0.47512893045091575
SG_002069,0.10374838149305299
SG_002074,0.08795137807397957
SG_002075,0.2814068809926492
SG_002078,0.11446329748854131
SG_002081,0.17693560782436973
SG_002090,0.7258110052620532
SG_002097,0.8449996883153071
SG_002103,0.361832657674966
SG_002105,0.8412292519425209
SG_002110,0.16697031323915837
SG_002122,0.6553607557975889
SG_002123,0.6098091895143983
SG_002125,0.945965159160864
SG_002129,0.8498784733575151
SG_002131,0.6638716755955213
SG_002137,0.5465124126696932
SG_002142,0.8260392056140362
SG_002150,0.5620269844732252
SG_002151,0.7273483599037346
SG_002152,0.5563751084814148
SG_002166,0.2019644974400906
SG_002171,0.5272491691263778
SG_002172,0.33385773736830593
SG_002176,0.30863960683801495
SG_002177,0.7467184783424962
SG_002181,0.8551138420032709
SG_002184,0.37866446703978474
SG_002185,0.985261799762883
SG_002186,0.1888270005694209
SG_002191,0.3547049693565324
SG_002192,0.4483312852949052
SG_002194,0.6575547912318743
SG_002200,0.21852942762542193
SG_002209,0.6871233160683636
SG_002213,0.199127128588369
SG_002220,0.38515156872235423
SG_002223,0.2536511816730864
SG_002227,0.31830095554148163
SG_002228,0.0692295663652397
SG_002233,0.6793061817284277
SG_002241,0.9108325394730474
SG_002248,0.8318005075759574
SG_002251,0.7630974561790695
SG_002252,0.45812878519353195
SG_002254,0.7901526593043895
SG_002255,0.7098903551602675
SG_002260,0.961610884429533
SG_002262,0.3731994544930482
SG_002263,0.03205528007122324
SG_002266,0.45628125307964945
SG_002270,0.45145621347996223
SG_002277,0.3772157856800109
SG_002278,0.13159085955426406
SG_002280,0.44598740365863954
SG_002281,0.47354357919558326
SG_002283,0.5841829401499634
SG_002284,0.8914577060487565
SG_002286,0.40722885063109165
SG_002288,0.221893312496366
SG_002291,0.6847156421559053
SG_002292,0.33267163954938217
SG_002294,0.4847144948370545
SG_002296,0.44985892414140244
SG_002298,0.38095875086346914
SG_002301,0.21867411331503644
SG_002304,0.7085589973747204
SG_002311,0.6052199419689425
SG_002319,0.8085628404770278
SG_002320,0.2290281117973587
SG_002322,0.30641873461906205
SG_002324,0.262229279047476
SG_002328,0.6453742347109368
SG_002332,0.2971770328157533
SG_002341,0.9391291548562941
SG_002346,0.3320571230031425
SG_002347,0.43659060264007665
SG_002352,0.21638489674225966
SG_002357,0.2633308294144954
SG_002361,0.24939753708836696
SG_002370,0.1150234850125241
SG_002371,0.7852060606370153
SG_002372,0.22568993310190055
SG_002373,0.4217886276800713
SG_002374,0.14902212526439096
SG_002375,0.33248278731527425
SG_002381,0.2825726319140835
SG_002385,0.02526695077009942
SG_002387,0.5703164406873976
SG_002390,0.9383891359049346
SG_002391,0.13998371346897542
SG_002392,0.1811714133447044
SG_002394,0.6466118636307306
SG_002396,0.21183544983087682
SG_002401,0.3449831551603146
SG_002402,0.24801252348477412
SG_002404,0.6715080601221041
SG_002407,0.21839042047536888
SG_002410,0.4670301606088324
SG_002419,0.6351662874593961
SG_002421,0.7064201286717665
SG_002422,0.3604303270626992
SG_002423,0.9815053214285754
SG_002429,0.41839123481248747
SG_002430,0.40513672003637496
SG_002434,0.8564767028577942
SG_002437,0.5890565192334626
SG_002442,0.35505165975797925
SG_002444,0.1173032240285006
SG_002447,0.39718877621892645
SG_002448,0.23555342377893695
SG_002450,0.914107637874112
SG_002453,0.2877987175063436
SG_002454,0.5697066019259328
SG_002455,0.667117112042968
SG_002456,0.7572329146877397
SG_002458,0.4728001481595806
SG_002459,0.6428641728178243
SG_002460,0.7053876135651573
SG_002462,0.1635151881494696
SG_002464,0.5475590588782926
SG_002466,0.7079165787062778
SG_002475,0.7247337960082318
SG_002477,0.6671868758574333
SG_002479,0.6851355932586514
SG_002482,0.5539409770992461
SG_002483,0.7155182185804333
SG_002486,0.6170481367739239
SG_002490,0.8133479127110328
SG_002493,0.23786222611425575
SG_002495,0.8345042095492099
SG_002498,0.10977448798609826
SG_002500,0.49137035943162366
SG_002502,0.326420395489279
SG_002507,0.5356153378479749
SG_002509,0.28453204516239305
SG_002517,0.6569480347811146
SG_002520,0.48711096242996543
SG_002522,0.5683335842078692
SG_002526,0.12836152595036787
SG_002529,0.0679202880427319
SG_002532,0.0616918333246713
SG_002539,0.10435677979896671
SG_002541,0.06891059500207795
SG_002544,0.36284821160987785
SG_002545,0.5071705576578704
SG_002546,0.6499686287015357
SG_002548,0.8631159454635311
SG_002555,0.7785773977487006
SG_002559,0.382048243062991
SG_002568,0.105224472717945
SG_002572,0.8178058397989799
SG_002573,0.17995370804115954
SG_002577,0.2366060234394976
SG_002580,0.5008612966879245
SG_002583,0.5086717210992473
SG_002586,0.4236255690549447
SG_002587,0.8035576709557657
SG_002588,0.15969255227819185
SG_002594,0.2276145538826678
SG_002596,0.20552094903925466
SG_002597,0.06206234697871638
SG_002599,0.38062453269538044
SG_002600,0.7138569715972256
SG_002601,0.1033555214413504
SG_002605,0.6486878167465765
SG_002613,0.4476137345838208
SG_002615,0.5297096184986488
SG_002618,0.06159249007552337
SG_002622,0.1871871813546568
SG_002627,0.6402522284790332
SG_002628,0.3403382643081553
SG_002630,0.08964528325033229
SG_002633,0.7832088284972434
SG_002638,0.07413988942348143
SG_002649,0.7639535470063622
SG_002650,0.30120019959138933
SG_002652,0.29145795045447775
SG_002653,0.37810269720820955
SG_002654,0.20849312792996372
SG_002657,0.3712886677687438
SG_002664,0.5850106885106442
SG_002665,0.1855151217463648
SG_002666,0.6186930623854252
SG_002667,0.5009066162556215
SG_002672,0.5020036932151134
SG_002673,0.750757405256133
SG_002674,0.4521096631525744
SG_002675,0.35697774460670884
SG_002680,0.9535146021660627
SG_002684,0.6804597495967178
SG_002688,0.8832316849446421
SG_002689,0.19465091946026314
SG_002691,0.314987563370983
SG_002693,0.9398070129519378
SG_002699,0.3675097923250984
SG_002701,0.667359429739068
SG_002705,0.847792737710474
SG_002720,0.032565412326133546
SG_002731,0.5060411373378766
SG_002733,0.2196087116915956
SG_002735,0.2270590809822408
SG_002736,0.7541849623234369
SG_002738,0.0837644185609574
SG_002742,0.7885157409622919
SG_002746,0.0941530654087448
SG_002748,0.13452314227744347
SG_002752,0.2828997288812221
SG_002755,0.06801048907171997
SG_002757,0.33062630855110176
SG_002759,0.4783313729188742
SG_002767,0.45776318042127917
SG_002770,0.8706360419730981
SG_002773,0.9849745732271589
SG_002777,0.7582381096033961
SG_002782,0.03469235502197887
SG_002783,0.2687436920701988
SG_002785,0.14881476069447175
SG_002788,0.6749327195263664
SG_002789,0.5242509152068542
SG_002793,0.4847505298730271
SG_002796,0.41401953319534635
SG_002798,0.42899513010526774
SG_002809,0.8434241029736613
SG_002814,0.7528746369790786
SG_002820,0.2911725946504478
SG_002825,0.9007761129869196
SG_002827,0.5277375962618506
SG_002829,0.4117575812656939
SG_002832,0.8621320889664696
SG_002834,0.11597839450049297
SG_002840,0.5136116859552192
SG_002842,0.3412323086188491
SG_002843,0.37763807425353746
SG_002849,0.9295756437782017
SG_002850,0.23926140323596615
SG_002853,0.2869176306616322
SG_002875,0.9885415707801586
SG_002882,0.9288765747145359
SG_002887,0.9464700297269467
SG_002891,0.5859087069290188
SG_002896,0.44914343521062394
SG_002904,0.4798972046706272
SG_002906,0.9144961490288723
SG_002907,0.46987442841162463
SG_002910,0.8884293098646558
SG_002918,0.34428149435006605
SG_002926,0.26392355708997783
SG_002930,0.36440542923432573
SG_002932,0.25792908222070365
SG_002937,0.5924287384290359
SG_002939,0.5973931253837301
SG_002943,0.10728204911489217
SG_002944,0.2545309113372942
SG_002947,0.08052582245725323
SG_002949,0.335445907537328
SG_002950,0.09818227600306556
SG_002952,0.283936407810528
SG_002954,0.741397692397922
SG_002955,0.96355111013729
SG_002958,0.6923663229505113
SG_002960,0.12441120924916887
SG_002964,0.7735557331336582
SG_002967,0.544531292656067
SG_002972,0.950789302982144
SG_002982,0.8167778541736893
SG_002985,0.7928917412409673
SG_002989,0.6388615909146922
SG_002999,0.13160439973899787
SG_003002,0.5822292010104627
SG_003008,0.6221023788913456
SG_003023,0.07094463146918023
SG_003024,0.31408842393647496
SG_003026,0.8101364586831119
SG_003028,0.829049400414748
SG_003030,0.8422334846228227
SG_003031,0.3353097118805345
SG_003037,0.021795270742479857
SG_003042,0.40094298230884673
SG_003043,0.24978758503899207
SG_003044,0.9238257398116134
SG_003045,0.3053687343750199
SG_003048,0.2902344835369155
SG_003049,0.13994660200849585
SG_003051,0.07980984630535341
SG_003052,0.33647432483774187
SG_003059,0.9459261179478675
SG_003062,0.24234764058351213
SG_003065,0.15015621356060183
SG_003067,0.11530738612796068
SG_003071,0.16711342654037561
SG_003072,0.616376454308468
SG_003073,0.5312349094624274
SG_003075,0.4693423464494657
SG_003080,0.26411388346397524
SG_003082,0.5687526482880645
SG_003084,0.7018536201518661
SG_003085,0.3802243885303919
SG_003088,0.5475966975115257
SG_003089,0.7217004863852544
SG_003096,0.2751154771689618
SG_003097,0.7864374223249062
SG_003102,0.5983253923329208
SG_003105,0.9319702331360787
SG_003107,0.005370617271859181
SG_003111,0.40113971590539943
SG_003116,0.44748507290993245
SG_003118,0.37400273160629594
SG_003125,0.020335999860386995
SG_003127,0.3208234677014204
SG_003133,0.8577898154934844
SG_003135,0.4552668578588063
SG_003137,0.7479888269933245
SG_003138,0.3360531115549419
SG_003139,0.9381200312793001
SG_003141,0.9197631052510366
SG_003144,0.8436392452080594
SG_003151,0.7912686965920745
SG_003154,0.8661521045706311
SG_003158,0.8815017428248988
SG_003160,0.21762261625815066
SG_003164,0.881266275888917
SG_003168,0.2465444469478853
SG_003169,0.11237776618552779
SG_003174,0.10898132118765615
SG_003179,0.89657303448728
SG_003184,0.35949786315852195
SG_003186,0.02543137381380911
SG_003193,0.5728409566752154
SG_003196,0.19761384014487915
SG_003198,0.6604890566240339
SG_003201,0.8695993757277289
SG_003204,0.7011525672679146
SG_003205,0.4862239990223102
SG_003206,0.3539944098907922
SG_003211,0.6058560798310025
SG_003214,0.6063134721349466
SG_003215,0.27968391427177214
SG_003216,0.7485656561352882
SG_003217,0.3783683187508636
SG_003219,0.43929904712548584
SG_003226,0.5029400982527165
SG_003227,0.7815220449648935
SG_003230,0.7539910996552374
SG_003231,0.5467393738772772
SG_003232,0.1627474816697148
SG_003234,0.20145176247795785
SG_003239,0.5713114387564926
SG_003241,0.37089831235804616
SG_003243,0.40150074940449854
SG_003250,0.2841545875539869
SG_003253,0.6347595239951112
SG_003256,0.2988247726852556
SG_003259,0.28163795569074856
SG_003266,0.9571386999052784
SG_003272,0.8724480545114472
SG_003273,0.30663311516038505
SG_003281,0.06842586284403641
SG_003284,0.577617957850061
SG_003288,0.016286781207769732
SG_003293,0.18245949874967504
SG_003294,0.6682668211955562
SG_003295,0.5853598280863466
SG_003296,0.11970576633850678
SG_003301,0.827840030803424
SG_003304,0.35486802424340447
SG_003305,0.7420891859502172
SG_003307,0.5918830957624511
SG_003310,0.5449740167145511
SG_003314,0.6369493690995544
SG_003321,0.19208675066034242
SG_003325,0.4852200849580983
SG_003328,0.5568266465849165
SG_003331,0.7704926437152328
SG_003332,0.799928798026727
SG_003333,0.8935166017171999
SG_003340,0.6195635310097527
SG_003341,0.8944878750944878
SG_003342,0.7942082215022743
SG_003349,0.4838223375808052
SG_003355,0.5369039906380937
SG_003357,0.9339196354215362
SG_003361,0.11648838735687439
SG_003370,0.9532031732092471
SG_003371,0.7711030920017905
SG_003373,0.48860958425634937
SG_003374,0.8018952713497612
SG_003379,0.38924464155680494
SG_003388,0.20635948231610218
SG_003389,0.6851382032241455
SG_003390,0.035962402333564555
SG_003391,0.8292236622483411
SG_003392,0.15489301268545477
SG_003393,0.8065587055355228
SG_003397,0.026201881125379724
SG_003398,0.2753064383906727
SG_003399,0.5718948156211558
SG_003402,0.5928518291714017
SG_003404,0.3204294958803532
SG_003407,0.25754357332875083
SG_003408,0.5030210200945655
SG_003422,0.10459960222240924
SG_003426,0.4715761924893165
SG_003430,0.3135852752072829
SG_003434,0.10428431303844352
SG_003437,0.5100175293129581
SG_003439,0.1982246060463465
SG_003440,0.39743590772471654
SG_003441,0.0035199724536371067
SG_003444,0.5338781564560777
SG_003447,0.7351858862255294
SG_003452,0.3288359913542449
SG_003453,0.9456684088658841
SG_003464,0.6070083337899072
SG_003469,0.16488169149492615
SG_003475,0.6476829081470123
SG_003477,0.8077034302508972
SG_003479,0.5281451376425805
SG_003480,0.4794739157565847
SG_003482,0.840415896946289
SG_003483,0.9459149081378008
SG_003485,0.3436348789997466
SG_003486,0.812917953588029
SG_003489,0.014687304559613208
SG_003491,0.1135202649915702
SG_003492,0.4566855880829177
SG_003493,0.19770734222563124
SG_003501,0.8070806859029064
SG_003505,0.8994907473278058
SG_003509,0.05360873445746779
SG_003517,0.6527462322967712
SG_003521,0.41812639130135343
SG_003526,0.06649946643767336
SG_003528,0.3235836310796033
SG_003532,0.4153766640294281
SG_003535,0.10404661978146584
SG_003538,0.393436748306909
SG_003541,0.10292307074077706
SG_003545,0.39366172210613826
SG_003548,0.5264477371745285
SG_003549,0.4733012908210605
SG_003554,0.05407271659266702
SG_003557,0.9687717619488332
SG_003566,0.5267359861499006
SG_003568,0.2421829943716523
SG_003572,0.4911372102674513
SG_003575,0.7103200603317856
SG_003578,0.3563731127083595
SG_003584,0.19267427481310342
SG_003585,0.20464056586980667
SG_003588,0.7877456489515734
SG_003589,0.20655560380511073
SG_003594,0.8081127756725627
SG_003597,0.4294549760437782
SG_003598,0.5913400100279917
SG_003601,0.6899870779867301
SG_003603,0.8419830815037515
SG_003610,0.4427095824033046
SG_003611,0.024192964147444117
SG_003613,0.7008599535969818
SG_003618,0.2573692643393814
SG_003619,0.18605204195212197
SG_003620,0.8925158985875339
SG_003625,0.9212371917418123
SG_003627,0.2971430302246455
SG_003628,0.6388724725313153
SG_003629,0.24522190310797526
SG_003637,0.9518777021038236
SG_003648,0.002145011754856156
SG_003650,0.42933763938964536
SG_003666,0.5580515085449065
SG_003668,0.7431275962126883
SG_003670,0.6936857749520526
SG_003671,0.012454511943337448
SG_003689,0.38180289799514183
SG_003691,0.10250457439200916
SG_003699,0.891136696336186
SG_003702,0.25038955711671407
SG_003704,0.3127080037705523
SG_003705,0.5958844869156624
SG_003706,0.6606232514130678
SG_003708,0.2428019035988274
SG_003710,0.04895165117201912
SG_003711,0.21301789829656498
SG_003714,0.42494836500613775
SG_003715,0.6224622831287228
SG_003722,0.8774263559989146
SG_003745,0.5903394501475171
SG_003746,0.2328587491284391
SG_003751,0.16199017855133627
SG_003754,0.8582132420155435
SG_003757,0.6523941724661521
SG_003758,0.5501698277869022
SG_003765,0.10793684278766703
SG_003767,0.075133272343329
SG_003768,0.3530140531815672
SG_003769,0.15072000275347447
SG_003777,0.5989734609571586
SG_003783,0.11818585976349688
SG_003786,0.4106978780448348
SG_003787,0.2230509829277511
SG_003788,0.17027516650901955
SG_003792,0.2369451384917322
SG_003795,0.49784200728418315
SG_003806,0.47971235588147176
SG_003807,0.5158002861739809
SG_003809,0.6879873047448405
SG_003810,0.28159263080802394
SG_003812,0.7050145136077193
SG_003820,0.383777806968338
SG_003822,0.7134538576012512
SG_003829,0.8790802842680578
SG_003835,0.09894668187410917
SG_003843,0.8882770937977305
SG_003844,0.5967564096547612
SG_003851,0.0794715974447486
SG_003852,0.6817830675696258
SG_003856,0.4179999331272122
SG_003860,0.7508116798303459
SG_003863,0.23651270668066604
SG_003865,0.48433936673290434
SG_003868,0.7662402951690972
SG_003869,0.06020576796001391
SG_003874,0.4952265704987371
SG_003878,0.9010766023093002
SG_003880,0.5093836093301511
SG_003881,0.595692741393307
SG_003886,0.33284963812268326
SG_003896,0.6040509455950935
SG_003904,0.7900174408388856
SG_003905,0.771165482836438
SG_003906,0.12409053663236229
SG_003907,0.33402015113650924
SG_003908,0.2840389605952414
SG_003910,0.86895902114481
SG_003917,0.4543435811799098
SG_003919,0.6897722673847742
SG_003920,0.7349149838908615
SG_003921,0.17056054330978998
SG_003922,0.8731653096727583
SG_003925,0.1860785143952925
SG_003926,0.14218206333019415
SG_003935,0.24102598819246782
SG_003937,0.5443881125019331
SG_003940,0.5441838257546806
SG_003941,0.24097673412244305
SG_003945,0.861144190705615
SG_003951,0.9762828364009829
SG_003958,0.05838144373003982
SG_003959,0.11088555967638611
SG_003961,0.8512753365894672
SG_003966,0.5412545422965325
SG_003967,0.39233633266310264
SG_003969,0.3521142558782817
SG_003972,0.7375163114579394
SG_003977,0.8468304254937515
SG_003978,0.08182638830534404
SG_003979,0.9102386414347361
SG_003988,0.1437654943606731
SG_003992,0.834643057457906
SG_003994,0.1783958309867954
SG_003995,0.8061448637524811
SG_004001,0.5139712213907888
SG_004002,0.259487547508662
SG_004011,0.2701653206506866
SG_004012,0.10285656567597282
SG_004016,0.9598098335889246
SG_004019,0.9133477064293014
SG_004034,0.8523059084684603
SG_004036,0.3325621674578951
SG_004041,0.8139636765901981
SG_004042,0.3447854583769173
SG_004045,0.1743116015189396
SG_004048,0.9739417724303279
SG_004049,0.03892988516147081
SG_004050,0.8894780384543324
SG_004054,0.7333813806022053
SG_004060,0.46835150984998986
SG_004063,0.15396699328932778
SG_004064,0.5043288097172182
SG_004065,0.8396430862424149
SG_004066,0.1802139017076408
SG_004071,0.1537030314718531
SG_004074,0.18443933095017384
SG_004078,0.8081457337091962
SG_004079,0.07951809803671857
SG_004080,0.5063820275072696
SG_004081,0.8153884808432841
SG_004083,0.9530304781184391
SG_004087,0.3414077897006128
SG_004089,0.22574561257495868
SG_004091,0.07838552511227373
SG_004093,0.9157464427106958
SG_004094,0.7863664358407969
SG_004100,0.22762457220239576
SG_004107,0.46596550658252234
SG_004109,0.5892644350297684
SG_004110,0.6544784841250255
SG_004111,0.5235914379258396
SG_004123,0.1422009228614242
SG_004126,0.10166563757814492
SG_004127,0.013239086317637106
SG_004129,0.6199775782384374
SG_004130,0.2591288740879128
SG_004131,0.8182052997852537
SG_004136,0.0878890171862525
SG_004140,0.4716555679937738
SG_004149,0.09309685790955022
SG_004152,0.857856695678135
SG_004155,0.7251467852212069
SG_004157,0.28046122664944295
SG_004163,0.28276168207296937
SG_004164,0.45526354981397055
SG_004168,0.4042170844476005
SG_004170,0.5965760137369708
SG_004171,0.26962544222948454
SG_004174,0.3815938939903616
SG_004175,0.3290423641517225
SG_004178,0.14285724556335455
SG_004181,0.7962397996451258
SG_004184,0.5628638752206617
SG_004186,0.5144578153442083
SG_004187,0.8545589587354185
SG_004191,0.5498239954659273
SG_004192,0.9348634530756992
SG_004197,0.4665273182077631
SG_004201,0.8246420345582075
SG_004204,0.7315953734731819
SG_004207,0.5940032530867299
SG_004209,0.8689458787528765
SG_004214,0.707801403643928
SG_004218,0.3789515845669531
SG_004220,0.22770747651524043
SG_004223,0.42089226380444866
SG_004224,0.5771118485052631
SG_004225,0.8943985603162435
SG_004228,0.5494045663516768
SG_004229,0.41042785840683743
SG_004230,0.2275853178913459
SG_004235,0.23441671903259748
SG_004238,0.6034761278340388
SG_004239,0.9730659827814596
SG_004244,0.6747142781476222
SG_004253,0.7840428529092376
SG_004256,0.3985466684984083
SG_004257,0.7958173299466202
SG_004258,0.21718874637599975
SG_004262,0.8894899722438445
SG_004263,0.1822853755409733
SG_004265,0.2736455980711969
SG_004268,0.2824364094509485
SG_004269,0.7192553511654006
SG_004271,0.11845104395585712
SG_004286,0.5957085890346856
SG_004289,0.057217515018762405
SG_004290,0.7418170386827846
SG_004291,0.8575579921011369
SG_004297,0.5548869851695887
SG_004300,0.5614673050841944
SG_004302,0.9316913512584499
SG_004305,0.3482318004055156
SG_004306,0.4037268547983349
SG_004312,0.47148328436884995
SG_004313,0.287950376865259
SG_004315,0.7368842609901364
SG_004320,0.18472829561415016
SG_004321,0.8436107706307487
SG_004322,0.5755142661993811
SG_004325,0.6024015713405576
SG_004326,0.5878172192363178
SG_004339,0.24397517393953982
SG_004342,0.6047686374141401
SG_004347,0.5229543397062848
SG_004348,0.9404675340810045
SG_004349,0.6802498267804333
SG_004350,0.855407201291427
SG_004357,0.1096637125166765
SG_004358,0.49794064314000536
SG_004359,0.41009355298304573
SG_004362,0.7865921311860913
SG_004365,0.41336345054244417
SG_004368,0.8732799481672913
SG_004369,0.7605963511685019
SG_004370,0.29811405660952367
SG_004378,0.675031563541052
SG_004379,0.4472131568224271
SG_004388,0.8551301396650163
SG_004390,0.3446729663341114
SG_004391,0.30696688587669446
SG_004401,0.20635340690644857
SG_004404,0.9446492481450397
SG_004405,0.6437005077791828
SG_004406,0.5450858579488668
SG_004408,0.4568293519632517
SG_004415,0.6418844275751059
SG_004417,0.26286997339151974
SG_004419,0.37933567506666027
SG_004420,0.9295019748502014
SG_004422,0.17832870415601434
SG_004423,0.09224954900773687
SG_004426,0.21465380816685686
SG_004427,0.3183393605391729
SG_004429,0.5799015592501112
SG_004432,0.1930354703496898
SG_004439,0.9500167525660954
SG_004445,0.541365473883203
SG_004447,0.6605729802184225
SG_004448,0.07562633249226686
SG_004451,0.7088380837088448
SG_004457,0.7827687277153638
SG_004458,0.011742514818176378
SG_004460,0.24841907134963337
SG_004461,0.9561939047789316
SG_004462,0.01685203410663105
SG_004464,0.26550968580300816
SG_004465,0.4629622722072164
SG_004469,0.06327661505545704
SG_004474,0.4501892494839234
SG_004475,0.34716990599300873
SG_004476,0.25401093356279814
SG_004477,0.6267470526666266
SG_004480,0.9677189797127922
SG_004482,0.6963763740890343
SG_004484,0.3154197776419862
SG_004486,0.23750984620135088
SG_004494,0.9076387308609234
SG_004504,0.29297066187008114
SG_004508,0.30092795820778195
SG_004509,0.8138829997164352
SG_004511,0.7232378620218456
SG_004514,0.7097655218748856
SG_004515,0.698222782883396
SG_004518,0.6765585559721545
SG_004521,0.08522656510817113
SG_004526,0.6526012953725527
SG_004530,0.6911548673072634
SG_004534,0.6380984644979432
SG_004536,0.14995856401405994
SG_004538,0.23580021535700635
SG_004539,0.8962188119789569
SG_004541,0.5393840203297169
SG_004549,0.5716060956801977
SG_004552,0.5105981383043661
SG_004553,0.11032991664117799
SG_004556,0.4184472618944588
SG_004559,0.34230680252173973
SG_004562,0.4631712802606437
SG_004565,0.23656818414891026
SG_004568,0.20219764268821608
SG_004576,0.24115089813749363
SG_004577,0.3527082555544091
SG_004593,0.7557893248166275
SG_004594,0.6971012683414537
SG_004600,0.9032884399830532
SG_004602,0.9834971863910416
SG_004608,0.39499634932109157
SG_004609,0.6649378070845899
SG_004612,0.10750184798903015
SG_004614,0.13334738228488074
SG_004617,0.41777454025494076
SG_004620,0.18517500788075722
SG_004623,0.5255581464931428
SG_004626,0.691276858246228
SG_004631,0.6625721456961734
SG_004632,0.12593537461959747
SG_004633,0.39416071719597445
SG_004635,0.4266470088125962
SG_004637,0.4210086689254836
SG_004638,0.4092251208302673
SG_004641,0.7367339495335669
SG_004645,0.4456183894671045
SG_004652,0.25382489925506324
SG_004653,0.1472498777858838
SG_004655,0.8437413479070214
SG_004656,0.2729093201872562
SG_004658,0.20557752392874634
SG_004659,0.3556580798037028
SG_004662,0.52365420500025
SG_004664,0.28309782693224456
SG_004668,0.4235422597564125
SG_004669,0.22196224725457145
SG_004672,0.9675512948267022
SG_004676,0.6017462812966661
SG_004682,0.20144771654678156
SG_004685,0.9740202615514412
SG_004689,0.483631958917518
SG_004695,0.29376115203240255
SG_004697,0.5890986050453652
SG_004700,0.4759105000113456
SG_004701,0.6602621479212492
SG_004709,0.493755207620175
SG_004710,0.28798842150288506
SG_004712,0.11479738844929482
SG_004716,0.4755756363340996
SG_004720,0.2808646645425389
SG_004721,0.1903982594394037
SG_004723,0.5933575564529718
SG_004731,0.8156155079164682
SG_004736,0.8014188289090282
SG_004737,0.8834773763035031
SG_004738,0.7119040310228006
SG_004739,0.7694776713495974
SG_004742,0.42811847813112663
SG_004751,0.8876483842025543
SG_004753,0.04515687743992321
SG_004755,0.7888340337251358
SG_004757,0.20022748598499004
SG_004760,0.2586711101842
SG_004761,0.21853592896598256
SG_004762,0.3759103073149752
SG_004763,0.6631452910462816
SG_004764,0.6876691296773628
SG_004766,0.7388491010794425
SG_004769,0.3842873170769965
SG_004772,0.15275915341358143
SG_004773,0.3421342892798579
SG_004782,0.26289492499960226
SG_004784,0.7664866220028452
SG_004786,0.7870860220536389
SG_004787,0.36568713770811007
SG_004789,0.06807662939722728
SG_004797,0.21713775254936862
SG_004798,0.631921441465245
SG_004799,0.9819106983052626
SG_004801,0.8908111695646949
SG_004804,0.8937983626160383
SG_004813,0.35225908091673486
SG_004816,0.8892300593673558
SG_004817,0.23721040408311106
SG_004818,0.7383685403957321
SG_004821,0.46941613058976156
SG_004827,0.4475929292425235
SG_004828,0.44531815408051517
SG_004829,0.7301579205496126
SG_004830,0.873023112879658
SG_004831,0.7081319553956127
SG_004836,0.08117469494589974
SG_004840,0.10504132477077058
SG_004842,0.502533911735239
SG_004844,0.14200265728946063
SG_004846,0.866388534976959
SG_004853,0.17548239668591198
SG_004855,0.8365842184325174
SG_004856,0.11398575305378186
SG_004866,0.16495256184480775
SG_004867,0.056503361452856865
SG_004868,0.9833992076460536
SG_004873,0.6458532471812264
SG_004877,0.4143936129440501
SG_004881,0.24970609401704474
SG_004882,0.8196236919602804
SG_004887,0.8325140828632904
SG_004898,0.9576985242869295
SG_004900,0.5435258482309345
SG_004906,0.9205389136588031
SG_004907,0.24033815133275907
SG_004912,0.752203658436561
SG_004913,0.36303334005524507
SG_004919,0.0895375960652057
SG_004922,0.7218931662028425
SG_004923,0.8716157381324904
SG_004925,0.5518196710951688
SG_004927,0.370957995754936
SG_004929,0.9044379283223998
SG_004930,0.8047626800370814
SG_004939,0.6772812222255338
SG_004942,0.05677535546638644
SG_004944,0.3697480667527159
SG_004945,0.14143014364465645
SG_004959,0.6760939667295485
SG_004960,0.7499618928443637
SG_004964,0.18255949973500035
SG_004968,0.9421545665803973
SG_004969,0.5997332535947875
SG_004973,0.8874105101807406
SG_004975,0.46844814669838697
SG_004981,0.6253521067464921
SG_004985,0.7429225603595238
SG_004988,0.4032556008597797
SG_004990,0.37201634890083124
SG_004993,0.3214851702664238
SG_004997,0.10088030416043665
SG_005000,0.19905902609604828
SG_005002,0.9050812858431593
SG_005004,0.8826033175604419
SG_005011,0.15238742337654212
SG_005013,0.156850055114722
SG_005018,0.5572034229608633
SG_005019,0.3324775560478087
SG_005020,0.1656402835759069
SG_005022,0.18908082431348205
SG_005027,0.4236539275809375
SG_005029,0.18493127078940036
SG_005030,0.027049286151996862
SG_005031,0.2107396961418379
SG_005033,0.00707931243768513
SG_005037,0.09175299843646756
SG_005041,0.13871570070582645
SG_005048,0.376881740017306
SG_005049,0.36572639399196255
SG_005052,0.33785594154383075
SG_005057,0.39703285133489
SG_005058,0.7057259790187369
SG_005062,0.8872975758685828
SG_005080,0.2800736892644988
SG_005085,0.32656789368902794
SG_005086,0.7913019920192303
SG_005089,0.7378127204620445
SG_005090,0.04544730636984655
SG_005091,0.9476582553714596
SG_005094,0.5237926472822212
SG_005097,0.8019561243018467
SG_005098,0.3279163905346753
SG_005100,0.7655023476067861
SG_005101,0.7072743272124971
SG_005102,0.7904637612355376
SG_005108,0.8661135822055512
SG_005110,0.9133709707855773
SG_005114,0.3561480912423096
SG_005120,0.2769353283716833
SG_005122,0.3668865668446513
SG_005123,0.21721027322936626
SG_005126,0.8109505134071711
SG_005131,0.08080070138267254
SG_005132,0.044546551736400875
SG_005134,0.37251877480005263
SG_005137,0.3002393602978662
SG_005140,0.41592855370481263
SG_005141,0.48498649548351286
SG_005142,0.5744635145303452
SG_005143,0.32488329932477883
SG_005148,0.714654757947121
SG_005161,0.6074028490907839
SG_005168,0.6282553622669936
SG_005170,0.1142110930234537
SG_005171,0.7121858454948342
SG_005174,0.3522337991091865
SG_005175,0.13980647170108032
SG_005178,0.5977175935159992
SG_005179,0.15628917064517817
SG_005188,0.767486533789881
SG_005190,0.5798772604905369
SG_005191,0.3555355523780005
SG_005194,0.7478920131993645
SG_005196,0.16492262068246832
SG_005199,0.32114132484353575
SG_005200,0.2314047081619146
SG_005203,0.3129576820711557
SG_005205,0.778003478645093
SG_005213,0.07889116166514663
SG_005214,0.8737043188566946
SG_005216,0.9776796955685936
SG_005220,0.16275101844279613
SG_005224,0.4540063476489755
SG_005228,0.57362491461426
SG_005233,0.14034458413681794
SG_005235,0.5253713872029513
SG_005240,0.04695725316890269
SG_005241,0.5688375720948065
SG_005246,0.7868340900178803
SG_005247,0.30978422841981923
SG_005248,0.6208816716372765
SG_005250,0.4969489670678938
SG_005251,0.4138934034283279
SG_005253,0.10066434785893334
SG_005255,0.4930164676782268
SG_005264,0.7023684802603634
SG_005268,0.09504689394032975
SG_005270,0.39644505358319315
SG_005277,0.8043414761179559
SG_005282,0.02004843104647157
SG_005283,0.7139943011539045
SG_005284,0.5031317769378496
SG_005287,0.9426168464903295
SG_005289,0.735055476632356
SG_005291,0.721581111615524
SG_005292,0.1560290802291725
SG_005296,0.06657422248745089
SG_005302,0.4384851259092753
SG_005305,0.628353751919738
SG_005311,0.6536529382767753
SG_005312,0.6170605240384957
SG_005313,0.5297233890085935
SG_005316,0.34149935304544854
SG_005320,0.6637046786219027
SG_005321,0.6946235967692418
SG_005322,0.8517523579158145
SG_005323,0.5911329416350196
SG_005325,0.1342262905426324
SG_005328,0.5326814294919571
SG_005329,0.41642502778303403
SG_005332,0.7959400820362267
SG_005333,0.8793067943868798
SG_005335,0.14601386722496218
SG_005340,0.5610823559772764
SG_005341,0.21368040211030634
SG_005346,0.733694528878845
SG_005350,0.9104973378610154
SG_005351,0.145629419818052
SG_005353,0.2468111041916073
SG_005356,0.059493445142781314
SG_005360,0.9177785540338865
SG_005362,0.5694768192517661
SG_005363,0.30000737435515656
SG_005365,0.5230923874189443
SG_005371,0.4926881377061477
SG_005372,0.29479828419169996
SG_005376,0.8655704071413752
SG_005378,0.7912230453919354
SG_005379,0.11507707496496974
SG_005380,0.9664787481014704
SG_005384,0.9007400255630531
SG_005386,0.5235183061753048
SG_005387,0.8877237680912793
SG_005397,0.7411916842568316
SG_005401,0.8002367812339166
SG_005408,0.6882177067829924
SG_005412,0.3219968769479187
SG_005414,0.9834707924338536
SG_005421,0.5419483676564709
SG_005424,0.2379356859274648
SG_005428,0.5265251307661181
SG_005432,0.15539649831059535
SG_005439,0.9610963169734679
SG_005444,0.3201339849379106
SG_005445,0.861143776243785
SG_005446,0.32323833906280897
SG_005447,0.9452458020879315
SG_005449,0.29120888544671975
SG_005450,0.6908325696332711
SG_005451,0.46556551042362476
SG_005452,0.27720982955897866
SG_005456,0.4873165883255378
SG_005457,0.06539812434642295
SG_005459,0.009048723127718396
SG_005460,0.21483358921496862
SG_005465,0.6311113951234976
SG_005466,0.8128006368107199
SG_005470,0.7613577196970804
SG_005473,0.8151851176147453
SG_005477,0.8413253943944347
SG_005486,0.3429284317738355
SG_005489,0.444880816201312
SG_005491,0.7312057955348222
SG_005496,0.32469708096150396
SG_005497,0.8719245338752047
SG_005499,0.9164769951129779
SG_005503,0.2885970421517905
SG_005504,0.0657296583253609
SG_005506,0.446833545209264
SG_005510,0.36451998343510567
SG_005511,0.887964586522854
SG_005515,0.16608837831607987
SG_005518,0.7903239875204349
SG_005519,0.9121135604460242
SG_005524,0.9324718483758043
SG_005529,0.7045686779805067
SG_005530,0.44973639720844316
SG_005531,0.41260065323924006
SG_005532,0.0327098102980686
SG_005534,0.7379844406649503
SG_005535,0.5749924205905323
SG_005541,0.5307220729435578
SG_005542,0.4255477135438859
SG_005550,0.10541762399569277
SG_005555,0.39398293746311264
SG_005557,0.12880159899194088
SG_005565,0.5846168749933074
SG_005569,0.33749724758691896
SG_005572,0.12488222193770016
SG_005575,0.18678627528291403
SG_005579,0.9880764998451378
SG_005580,0.4733927813726091
SG_005583,0.37259764924370886
SG_005591,0.8915504368276911
SG_005592,0.23186970600705936
SG_005593,0.37884395059487874
SG_005594,0.30393516436907997
SG_005599,0.5892666055377357
SG_005603,0.9130463321068629
SG_005606,0.3161083161369404
SG_005611,0.3131137563270441
SG_005615,0.9038276922433524
SG_005622,0.710153751632612
SG_005625,0.5427945680142391
SG_005630,0.6869414537792238
SG_005634,0.4347375092389463
SG_005635,0.745830719016825
SG_005636,0.8475431531640717
SG_005638,0.43932522181487615
SG_005640,0.4709998913766535
SG_005643,0.15337892151133675
SG_005644,0.3635989139878824
SG_005645,0.7837663290359451
SG_005650,0.7700624395569275
SG_005654,0.6921883818507579
SG_005655,0.07414327483621383
SG_005656,0.4815860428437473
SG_005661,0.9163654406919348
SG_005664,0.04227574460910277
SG_005666,0.863037672119696
SG_005671,0.2568288206541281
SG_005681,0.3866468537430597
SG_005683,0.8169729160335524
SG_005687,0.3863328718687701
SG_005688,0.515837696063274
SG_005691,0.5350903709308857
SG_005692,0.7697058729014732
SG_005693,0.464225913086355
SG_005694,0.9638655898627557
SG_005696,0.5226970069608378
SG_005703,0.34980215028458517
SG_005704,0.42799720259987195
SG_005706,0.9391684475533999
SG_005707,0.6852805108189208
SG_005713,0.4943491759007113
SG_005715,0.1926677050723512
SG_005719,0.36098985469358114
SG_005722,0.07281656819308892
SG_005724,0.7568936680010786
SG_005725,0.3809456220774043
SG_005726,0.25864541353454684
SG_005730,0.8278426170414321
SG_005735,0.3698800380030205
SG_005736,0.6468033175551862
SG_005740,0.4446488539546995
SG_005748,0.7116804212663773
SG_005750,0.3031153407928634
SG_005753,0.7317289037806416
SG_005758,0.10222821293647873
SG_005759,0.26254830999141876
SG_005764,0.07988330141318359
SG_005765,0.017390504633042383
SG_005772,0.6418262034440259
SG_005773,0.11416188968341053
SG_005776,0.5534527789527812
SG_005778,0.934564132503488
SG_005784,0.09242652466251086
SG_005786,0.19211648723358618
SG_005789,0.49689415788480273
SG_005794,0.38906530775123094
SG_005796,0.340983019028266
SG_005801,0.5211942625140754
SG_005807,0.08467128626799604
SG_005809,0.35319877734766914
SG_005811,0.41801200169095365
SG_005813,0.059729056792319594
SG_005814,0.6669470543788969
SG_005817,0.11249813843686604
SG_005818,0.4213686269515659
SG_005820,0.15853369919157292
SG_005821,0.3739303218605733
SG_005824,0.3214414740106527
SG_005825,0.24105390305012836
SG_005827,0.15549422461554602
SG_005828,0.5400368314347227
SG_005830,0.5584062907885741
SG_005838,0.9339521248788807
SG_005840,0.9486832090836113
SG_005842,0.45644011577634447
SG_005846,0.6454421989403398
SG_005847,0.18477588675120138
SG_005848,0.4061775107284614
SG_005857,0.9260888591264506
SG_005861,0.09920059499757725
SG_005862,0.533361328800355
SG_005871,0.2831975419791459
SG_005872,0.9411006125014675
SG_005873,0.23598323825376905
SG_005874,0.3337020373775472
SG_005875,0.5383152668976395
SG_005877,0.09611093358787352
SG_005880,0.1874170559723803
SG_005884,0.4157926328819467
SG_005892,0.9612325508541589
SG_005894,0.20487215169880355
SG_005898,0.7446376750709224
SG_005899,0.48267998299557613
SG_005905,0.6315282234379436
SG_005909,0.22393217071955082
SG_005910,0.7709420806807505
SG_005920,0.4019073806743986
SG_005921,0.5927246408619348
SG_005922,0.2005771922891088
SG_005925,0.520848945715263
SG_005928,0.48548423777449456
SG_005932,0.0483748184602875
SG_005934,0.8189775036607847
SG_005935,0.23416985150130637
SG_005937,0.461293741609734
SG_005939,0.32033409428876297
SG_005943,0.5495117523949232
SG_005951,0.17673683712909438
SG_005955,0.7340900113681299
SG_005959,0.9505736045324789
SG_005966,0.5875771759729174
SG_005967,0.9686303423482308
SG_005969,0.756367761950778
SG_005976,0.9511112721817983
SG_005977,0.6586200483666345
SG_005979,0.8390894840893766
SG_005980,0.48024884931729983
SG_005985,0.920457541879497
SG_005986,0.8666704536867849
SG_005991,0.9780383588878573
SG_005999,0.21083271796054465
SG_006000,0.3962012970266764
SG_006004,0.9002660881279053
SG_006009,0.7673037989727713
SG_006012,0.35497929450267207
SG_006013,0.6704154300125277
SG_006022,0.4710275683918995
SG_006023,0.8666251971885575
SG_006026,0.3427415160873315
SG_006028,0.6102396931699129
SG_006029,0.6381231003514508
SG_006033,0.5729722189195346
SG_006035,0.3332071896385866
SG_006036,0.49993941533051944
SG_006038,0.7281413198078631
SG_006039,0.8271979275929673
SG_006041,0.30602590925104767
SG_006047,0.2107099028511587
SG_006049,0.32793465406560185
SG_006050,0.7029303671444369
SG_006054,0.07161631250165984
SG_006063,0.38908911777379795
SG_006067,0.9402179921672897
SG_006069,0.8205118886519398
SG_006073,0.213191438206425
SG_006074,0.40688965623555085
SG_006075,0.0628368998908786
SG_006076,0.5137404548767093
SG_006077,0.8163452349666889
SG_006079,0.8121335796730988
SG_006081,0.04978296941263622
SG_006086,0.47403328776076026
SG_006092,0.569732450313603
SG_006095,0.601074024864654
SG_006097,0.8758985352694952
SG_006099,0.9405177208336021
SG_006101,0.4896122391050641
SG_006112,0.8848242091634755
SG_006122,0.3591859117186374
SG_006127,0.7259228453267621
SG_006131,0.11140374196415714
SG_006133,0.44128200765868564
SG_006136,0.3213539836630429
SG_006137,0.9252398475066271
SG_006140,0.6741037701319889
SG_006143,0.3891725551997666
SG_006148,0.3146937203817831
SG_006150,0.7261974222875958
SG_006151,0.6968163911528136
SG_006154,0.04514701280145661
SG_006161,0.4508139518350057
SG_006163,0.5598780634392816
SG_006169,0.7873587284964578
SG_006170,0.16906121033619162
SG_006179,0.5238446272024623
SG_006181,0.2523070020366388
SG_006184,0.11691719044947184
SG_006187,0.3879044573370619
SG_006189,0.6854578559340652
SG_006197,0.12846643961662702
SG_006202,0.2152064232232744
SG_006206,0.37265792585863566
SG_006212,0.6092019112234377
SG_006213,0.6565380018918612
SG_006218,0.2595736644184025
SG_006222,0.6816746735649958
SG_006224,0.233338038074874
SG_006225,0.9445445384922235
SG_006226,0.8958145501466439
SG_006229,0.30788081924811156
SG_006237,0.7177008649355698
SG_006238,0.08118164618992144
SG_006240,0.005921857225450605
SG_006241,0.10019329839700572
SG_006242,0.46543891623843225
SG_006244,0.9338567244072071
SG_006245,0.1434265756380819
SG_006247,0.39297850519385225
SG_006250,0.19969887966968702
SG_006251,0.2108724846173517
SG_006252,0.7136436773386579
SG_006254,0.8023833907625684
SG_006256,0.8204381671022345
SG_006260,0.3804062740228861
SG_006262,0.42961526345075746
SG_006263,0.3816709416529127
SG_006264,0.10843059532508155
SG_006266,0.9542819187661902
SG_006269,0.7272018299092688
SG_006275,0.956747088421493
SG_006277,0.1842243509355532
SG_006283,0.3715907810283935
SG_006284,0.2087891126498172
SG_006287,0.4474808220452119
SG_006288,0.2566943561978999
SG_006300,0.33326841164015486
SG_006301,0.22259168774118582
SG_006304,0.7667131326816253
SG_006306,0.42770519404341156
SG_006313,0.36397467738540573
SG_006315,0.36915957776645486
SG_006317,0.6312647955726151
SG_006320,0.31311022873351624
SG_006322,0.9584770193355285
SG_006326,0.296904665706701
SG_006328,0.7797203326700453
SG_006331,0.42669894641060224
SG_006337,0.8129516619315702
SG_006340,0.7767603567414694
SG_006345,0.7986736257563106
SG_006348,0.049318850757948215
SG_006349,0.4375908133165036
SG_006356,0.7266318360096992
SG_006357,0.25996674962858285
SG_006358,0.7126211910152357
SG_006360,0.8011163646686821
SG_006371,0.3190110490417728
SG_006373,0.6146947722519667
SG_006380,0.6360031180653168
SG_006382,0.23414785341898425
SG_006388,0.041092775750053726
SG_006393,0.4247964864108137
SG_006394,0.07303987484931562
SG_006396,0.037201154705479196
SG_006398,0.4776317835604518
SG_006400,0.6266705934356543
SG_006403,0.1153832313735292
SG_006404,0.06406483254603287
SG_006411,0.4927887711031992
SG_006417,0.6593162637317114
SG_006418,0.7937877263100703
SG_006420,0.5340271325817701
SG_006421,0.22205212260718243
SG_006423,0.24388715092368937
SG_006424,0.6040734204507724
SG_006429,0.7122486357367723
SG_006435,0.2467468151980188
SG_006438,0.7586141544651688
SG_006439,0.8256054737829546
SG_006441,0.3533799159539526
SG_006445,0.40836371385040876
SG_006446,0.414840046397905
SG_006448,0.5285601674115779
SG_006451,0.15026606273087395
SG_006452,0.5136184406062281
SG_006455,0.6264733814870812
SG_006463,0.9176521233191574
SG_006467,0.33854873279705966
SG_006469,0.44695925839335543
SG_006470,0.49076135661827935
SG_006477,0.5221425499701717
SG_006480,0.8663079273581044
SG_006486,0.4591624107874308
SG_006487,0.20986497498860934
SG_006488,0.860839141691626
SG_006490,0.680579793802907
SG_006491,0.9136039704968186
SG_006493,0.6567788552051087
SG_006494,0.5008496138225632
SG_006496,0.045455695059609925
SG_006497,0.7685710489569244
SG_006498,0.9102166335456867
SG_006500,0.8208317301227783
SG_006502,0.033223714340955474
SG_006503,0.5672794782086321
SG_006505,0.7156390407849229
SG_006506,0.635332343835438
SG_006507,0.5972180638826696
SG_006512,0.2595639928188754
SG_006516,0.2879546622358149
SG_006520,0.08225568518477624
SG_006522,0.25723847661472166
SG_006528,0.7571673246685179
SG_006534,0.4060161134752299
SG_006535,0.590557583439015
SG_006536,0.8616149158744516
SG_006537,0.22024470630446458
SG_006539,0.6388909572871476
SG_006541,0.35592535077023546
SG_006543,0.8700333755976509
SG_006545,0.7439773235681993
SG_006548,0.5893048296066019
SG_006550,0.03387120498137905
SG_006551,0.02622121826898856
SG_006557,0.6605947511354684
SG_006560,0.13890832573092196
SG_006564,0.9759343072547801
SG_006566,0.624548661488791
SG_006567,0.8710850232587732
SG_006577,0.2568687955213196
SG_006579,0.15188707302748405
SG_006581,0.07610035310308165
SG_006588,0.3756667676556533
SG_006592,0.43650263319742155
SG_006597,0.014103481475555374
SG_006601,0.261529670980006
SG_006607,0.046329006837988136
SG_006608,0.21232328434226688
SG_006610,0.07181351721209313
SG_006615,0.6137061721578817
SG_006616,0.2616154127855947
SG_006620,0.7431275257227884
SG_006622,0.46759170304392716
SG_006623,0.524368398351192
SG_006624,0.26964958031472575
SG_006626,0.7820058654509664
SG_006627,0.925146268964216
SG_006633,0.2499016677142274
SG_006637,0.314476733675938
SG_006638,0.9087349415790951
SG_006639,0.7475372652949366
SG_006644,0.42034924943030016
SG_006645,0.646709780903214
SG_006651,0.4139044653805982
SG_006659,0.6624852621586053
SG_006664,0.5029809653110221
SG_006668,0.42725655299590987
SG_006673,0.2444380474634784
SG_006687,0.2648566953975314
SG_006688,0.6807907271642346
SG_006690,0.7051613767303812
SG_006693,0.6857097810421368
SG_006698,0.009337972463738266
SG_006700,0.6879088540594732
SG_006706,0.45760872814555187
SG_006710,0.12096603610333993
SG_006713,0.47348089941087174
SG_006716,0.34521639355743017
SG_006728,0.33478808838452756
SG_006734,0.740423883116638
SG_006736,0.8148883888746337
SG_006744,0.3129298484145291
SG_006745,0.17449826167268714
SG_006749,0.11080357796032331
SG_006758,0.14212572394834067
SG_006760,0.2976800870981859
SG_006765,0.6847557069938509
SG_006766,0.7734837088587729
SG_006769,0.6011080762268046
SG_006778,0.3250109090891475
SG_006780,0.3734492052581847
SG_006781,0.2717439889772946
SG_006786,0.8353914726023686
SG_006789,0.539441182415796
SG_006792,0.40207125726248505
SG_006793,0.41438362988549365
SG_006800,0.7734615209942195
SG_006802,0.6463903157532174
SG_006808,0.5597785920940861
SG_006820,0.496076117633676
SG_006833,0.5159669619158389
SG_006835,0.47154689583495396
SG_006837,0.4649433686259565
SG_006841,0.40509444022960506
SG_006847,0.307792596396404
SG_006848,0.1455120853705329
SG_006851,0.3671335110512808
SG_006852,0.7087930860994626
SG_006860,0.1962881088528412
SG_006861,0.28597930510258673
SG_006863,0.13735244773367317
SG_006866,0.6428453131558248
SG_006868,0.5746921865689276
SG_006874,0.4021399692485098
SG_006877,0.12730088961774705
SG_006879,0.2208929605610756
SG_006880,0.38475727800247195
SG_006881,0.7504682811685095
SG_006889,0.025634935594299434
SG_006890,0.6360580479083311
SG_006897,0.8872236433620531
SG_006901,0.5110128405863421
SG_006908,0.28500658608548957
SG_006910,0.44729815294540787
SG_006914,0.8809443230773979
SG_006918,0.3986680381301433
SG_006924,0.1426850629509037
SG_006925,0.6387036568223647
SG_006927,0.1545554158186416
SG_006929,0.4533111639075377
SG_006937,0.5691693982969875
SG_006938,0.23995325314936986
SG_006940,0.539811931510264
SG_006942,0.11755546994097452
SG_006945,0.15769533848549394
SG_006949,0.5539118559085559
SG_006950,0.9050345886738709
SG_006951,0.4898699870205938
SG_006953,0.12516011061174173
SG_006954,0.6481672916591337
SG_006956,0.7514368869445971
SG_006957,0.7701837941184287
SG_006962,0.19100855320567797
SG_006963,0.194362812548781
SG_006964,0.17888191978551418
SG_006966,0.03216188525161533
SG_006970,0.5336518199764203
SG_006971,0.8704955187090304
SG_006972,0.5601364668032958
SG_006974,0.9652686396026253
SG_006977,0.4046218057293394
SG_006978,0.40248298586020603
SG_006981,0.6822011141117063
SG_006982,0.8904796450305105
SG_006983,0.003947226442270579
SG_006984,0.11894864026690205
SG_006987,0.5147637877129221
SG_006994,0.2594722458641593
SG_006997,0.06958923502959408
SG_007002,0.6531620841603456
SG_007005,0.642576534139352
SG_007009,0.6452338437555527
SG_007011,0.5120137990193908
SG_007017,0.03130871020323403
SG_007018,0.007420043858464271
SG_007019,0.3759792671324318
SG_007029,0.6334101400936936
SG_007030,0.13523175497718876
SG_007033,0.9078122884096045
SG_007040,0.2602582724596761
SG_007047,0.8093382300952534
SG_007054,0.07631687843638867
SG_007055,0.7407379426378882
SG_007056,0.8467248223677462
SG_007061,0.6475968816039954
SG_007062,0.2073490715965162
SG_007067,0.5361404982496631
SG_007068,0.443229905614096
SG_007069,0.8588036743444956
SG_007073,0.051672992193339415
SG_007075,0.7054196698848438
SG_007076,0.3940758386218963
SG_007078,0.8365276125277097
SG_007080,0.4946781522907921
SG_007091,0.5090790679269823
SG_007095,0.5316983995045306
SG_007100,0.43770055624035453
SG_007104,0.627385452289483
SG_007112,0.6890394608853632
SG_007114,0.9155500573823951
SG_007127,0.22782734876030963
SG_007130,0.23352886178977952
SG_007133,0.8414014054156846
SG_007136,0.35151308295958944
SG_007138,0.7902279666145496
SG_007139,0.12938898418922573
SG_007143,0.5223731461496547
SG_007146,0.4439337294823234
SG_007150,0.3691308605244453
SG_007155,0.523104777103809
SG_007157,0.6112466744406003
SG_007160,0.7956577336102162
SG_007162,0.24326538493659502
SG_007163,0.8895334340961998
SG_007166,0.7400626937654902
SG_007168,0.4184656604962035
SG_007170,0.1261026182751731
SG_007179,0.3431338365274119
SG_007181,0.18177163237040428
SG_007183,0.38958556381251674
SG_007186,0.18713238205937205
SG_007202,0.22390216044876698
SG_007203,0.840711706247723
SG_007204,0.10353493743527495
SG_007205,0.8479820970268324
SG_007210,0.9185810917493451
SG_007212,0.5048506290326005
SG_007215,0.014670275925350567
SG_007218,0.6975013283591529
SG_007226,0.12208358715196199
SG_007229,0.3167228845940255
SG_007231,0.6895320317391661
SG_007234,0.22830614263783489
SG_007237,0.8007896421785217
SG_007239,0.07180803479110286
SG_007240,0.6789241366365857
SG_007249,0.845646015322604
SG_007252,0.02208323595204578
SG_007255,0.33160288458755494
SG_007256,0.4422870629961298
SG_007257,0.6874333631612617
SG_007263,0.6178254783580971
SG_007264,0.3653762623325895
SG_007265,0.4709314714517135
SG_007268,0.29146641769560855
SG_007271,0.6117973793736499
SG_007275,0.41422477582852585
SG_007280,0.4593888385897396
SG_007281,0.8761553218200815
SG_007282,0.3991952014396091
SG_007283,0.13060800812322934
SG_007287,0.3220907755726157
SG_007288,0.601439742168147
SG_007301,0.748417859504895
SG_007307,0.3890823197679849
SG_007310,0.42704796185599425
SG_007312,0.8518343253334504
SG_007314,0.7958419052338608
SG_007319,0.2597737175620875
SG_007326,0.16144636679741342
SG_007331,0.4275707897593115
SG_007333,0.7172959473914029
SG_007334,0.669120588328194
SG_007338,0.22899401176354578
SG_007340,0.9741940478126734
SG_007345,0.009193849768783409
SG_007349,0.2574582532257388
SG_007356,0.19010843027753632
SG_007358,0.03611385341671085
SG_007368,0.11509385637744907
SG_007370,0.43794964127323077
SG_007371,0.48916535285484425
SG_007372,0.6112208554731118
SG_007375,0.08629516214393598
SG_007378,0.1317780569011715
SG_007379,0.13288833369475572
SG_007380,0.7175844750513647
SG_007383,0.17594671844963602
SG_007384,0.6001101944468158
SG_007389,0.4766709828491386
SG_007390,0.05526095434729453
SG_007401,0.897820300995339
SG_007403,0.6611028053370127
SG_007406,0.42823005460161134
SG_007409,0.9095935926135227
SG_007410,0.8901285309798954
SG_007413,0.7271549297120236
SG_007416,0.5344041841020972
SG_007419,0.5312490925738673
SG_007420,0.8941406621942773
SG_007423,0.6172817274513357
SG_007424,0.9645062386950717
SG_007428,0.8074565495881791
SG_007433,0.5682722361685726
SG_007434,0.047067718709045026
SG_007437,0.3767873756269753
SG_007441,0.8385105301334635
SG_007443,0.6678820823730365
SG_007450,0.01970673979232953
SG_007452,0.8269243325803228
SG_007455,0.5170213936900572
SG_007462,0.5678194091660227
SG_007464,0.9126647561542683
SG_007466,0.16481744187471029
SG_007469,0.10711957332992042
SG_007470,0.9716088577100563
SG_007472,0.23403513668088524
SG_007476,0.771060460440687
SG_007486,0.8971566674271328
SG_007489,0.679859282770975
SG_007490,0.33787251426887716
SG_007495,0.9811223344884707
SG_007499,0.7436049810415103
SG_007506,0.03366200004018063
SG_007508,0.14270752275204313
SG_007509,0.046402451727427255
SG_007517,0.5213173977196108
SG_007518,0.71244092531459
SG_007522,0.8647567071519009
SG_007524,0.5912653964040777
SG_007527,0.2148839751762498
SG_007535,0.1528344081221684
SG_007540,0.6989119084449446
SG_007546,0.427369068979881
SG_007552,0.6553799774166187
SG_007553,0.6966784380848983
SG_007557,0.6486755883770825
SG_007558,0.8936149825845295
SG_007560,0.8361924625971493
SG_007568,0.09124590939717746
SG_007571,0.9132601647935823
SG_007573,0.3384697055111642
SG_007577,0.1064257696731444
SG_007578,0.4672026351497679
SG_007579,0.003419054053957385
SG_007582,0.8652147836502541
SG_007586,0.12031681531505248
SG_007587,0.8275374455908715
SG_007589,0.6616634916184091
SG_007591,0.2710813625805178
SG_007595,0.4002702263973045
SG_007597,0.6552177751808925
SG_007599,0.35337566987829694
SG_007602,0.6276575821971583
SG_007605,0.41864115704417026
SG_007609,0.13560826499494646
SG_007614,0.6486177897652456
SG_007620,0.3560006088009152
SG_007628,0.8162662069089865
SG_007630,0.5040247377637493
SG_007646,0.5474861630784488
SG_007648,0.3367213224894041
SG_007654,0.47236872337164937
SG_007655,0.7783442634253883
SG_007656,0.9834901339208676
SG_007657,0.85021815568243
SG_007658,0.38622575035935847
SG_007659,0.6991902342556007
SG_007660,0.48767756217847125
SG_007663,0.14251505310194768
SG_007665,0.8339959001436631
SG_007667,0.39832752931755594
SG_007670,0.6082456777724575
SG_007678,0.22283783746277547
SG_007679,0.9619284743561358
SG_007681,0.1252749446308918
SG_007685,0.5828400615880631
SG_007686,0.9024524575339716
SG_007687,0.45246562908404514
SG_007688,0.39084837305294434
SG_007691,0.35260369931948476
SG_007696,0.3382172966209698
SG_007698,0.272314846814797
SG_007700,0.6985262822849836
SG_007703,0.21195838865707867
SG_007704,0.29484552640193656
SG_007706,0.8797411929061492
SG_007711,0.47535975563953886
SG_007712,0.7424102350029407
SG_007714,0.18379995574685692
SG_007717,0.43039449462474294
SG_007719,0.4703952495904979
SG_007720,0.20238365629579952
SG_007721,0.24245080730210836
SG_007728,0.504368411569966
SG_007737,0.8320570722606007
SG_007741,0.3468533020928006
SG_007742,0.1698587004481929
SG_007744,0.5232925801905318
SG_007746,0.9153045540762001
SG_007748,0.2725426829706437
SG_007750,0.020634878952578255
SG_007751,0.10535798119147266
SG_007752,0.034439332146380744
SG_007758,0.8654563725446243
SG_007760,0.530806672045545
SG_007762,0.8801166928237472
SG_007770,0.20494858079873457
SG_007772,0.7342707384910041
SG_007776,0.11419373330101296
SG_007780,0.6823729952523147
SG_007781,0.360827228650652
SG_007782,0.13120228014760654
SG_007787,0.6511374087538424
SG_007800,0.7994986009600975
SG_007801,0.795437860447037
SG_007804,0.0666451579965104
SG_007805,0.7936665793179161
SG_007807,0.5508444025506821
SG_007808,0.9206756810956709
SG_007813,0.48190642840404385
SG_007815,0.3835570644012972
SG_007817,0.7216657181674995
SG_007818,0.5105799260772432
SG_007820,0.31370442653423697
SG_007822,0.505565111086708
SG_007823,0.2654716543752812
SG_007824,0.22304462355430676
SG_007834,0.4054673975650256
SG_007836,0.29802208558225063
SG_007839,0.061836729559446385
SG_007842,0.03659900556528892
SG_007844,0.3169235365341443
SG_007846,0.06502157434564408
SG_007849,0.12589398238147284
SG_007858,0.6306380576203947
SG_007864,0.8736180112132326
SG_007866,0.3726591130055692
SG_007875,0.6758058393342008
SG_007876,0.46089066920944055
SG_007880,0.44868542331149036
SG_007884,0.4365015635007862
SG_007889,0.6452925001198837
SG_007892,0.23339317257419917
SG_007897,0.2764531898066953
SG_007898,0.4968918082071341
SG_007899,0.5874158840598697
SG_007901,0.6204787978229304
SG_007908,0.8434685282605359
SG_007910,0.6372762356465392
SG_007922,0.2618682350352275
SG_007923,0.12406321252536245
SG_007926,0.6570132548804428
SG_007931,0.5619452136982924
SG_007933,0.5073801134672972
SG_007939,0.748869491247523
SG_007940,0.19553756495825042
SG_007946,0.40254949992671113
SG_007947,0.46081271027272064
SG_007948,0.5480221287833955
SG_007954,0.07208322728278473
SG_007957,0.06523476958467361
SG_007960,0.8565425864356856
SG_007964,0.2543950788882172
SG_007965,0.5237171871612109
SG_007980,0.9525722627143001
SG_007985,0.641017041818835
SG_007992,0.15552913955548636
SG_007996,0.5346498015835809
SG_007998,0.2858720952664695
SG_007999,0.176793973564575
SG_008014,0.08801685469155014
SG_008015,0.3839731587341928
SG_008020,0.7470324693484798
SG_008026,0.6005183296037102
SG_008033,0.34628620485509215
SG_008043,0.41969652803528606
SG_008050,0.3748636474986764
SG_008055,0.5866331686691232
SG_008056,0.8625383393584432
SG_008058,0.6743710540136625
SG_008067,0.42399322504466364
SG_008074,0.6672973881756838
SG_008076,0.6392619430920803
SG_008081,0.7493108595558728
SG_008091,0.3681561038146713
SG_008099,0.2855408945823234
SG_008100,0.6441668847731936
SG_008101,0.3645747371846669
SG_008104,0.7188684207212676
SG_008115,0.7723599601951299
SG_008117,0.11307036693257813
SG_008118,0.8417170620853873
SG_008127,0.12602064420891398
SG_008131,0.6713254532684421
SG_008133,0.45595589448400053
SG_008137,0.7098630211811557
SG_008140,0.7854311375881158
SG_008141,0.6835310242671164
SG_008145,0.16106215965504123
SG_008152,0.2284226272478635
SG_008156,0.891595014792816
SG_008160,0.5174700828675642
SG_008164,0.8150533407194509
SG_008167,0.7469517648154893
SG_008175,0.2998846577908673
SG_008176,0.8112632638891799
SG_008183,0.8939891077795764
SG_008188,0.6438084037485157
SG_008191,0.308301907428979
SG_008192,0.27009589616998786
SG_008193,0.2233456345207343
SG_008195,0.5759432413856984
SG_008202,0.708848330608524
SG_008213,0.6717504245963124
SG_008217,0.831265492178541
SG_008224,0.5071453035906287
SG_008228,0.6513845126160995
SG_008229,0.25624758254169805
SG_008237,0.0773675199787829
SG_008242,0.0614604267647564
SG_008246,0.5388275207430104
SG_008248,0.08440968799742801
SG_008249,0.577306148640662
SG_008253,0.5681655827438764
SG_008257,0.6539560175709209
SG_008261,0.6610711741110415
SG_008264,0.7493386308852784
SG_008265,0.6209829180996305
SG_008281,0.3807317195933435
SG_008283,0.255655390527795
SG_008287,0.2622974660987498
SG_008291,0.8307856504898331
SG_008293,0.5615090058544486
SG_008294,0.5154403023822252
SG_008296,0.6899921517536609
SG_008298,0.7168118243964807
SG_008309,0.4357957670336752
SG_008310,0.6295073170886714
SG_008312,0.32741368341810323
SG_008316,0.37686409794190345
SG_008317,0.00711900873719239
SG_008318,0.24624791944078062
SG_008327,0.041397061442613556
SG_008330,0.5890011639208954
SG_008333,0.006199458908366878
SG_008336,0.6466644409484249
SG_008345,0.04816869829900116
SG_008347,0.21237458266624443
SG_008355,0.8913137233776736
SG_008358,0.5905679204917385
SG_008359,0.8753893922506043
SG_008360,0.36648948078949467
SG_008361,0.22494273641627652
SG_008362,0.9369777204448446
SG_008365,0.5126021828634528
SG_008366,0.7501722126991668
SG_008375,0.20200006616433497
SG_008376,0.6239671644203004
SG_008382,0.10036301756816304
SG_008383,0.5962460844595157
SG_008388,0.6109024079247842
SG_008389,0.8274676812679689
SG_008392,0.3464492552005742
SG_008396,0.2506979581575167
SG_008402,0.3097419946847355
SG_008410,0.18513467727596972
SG_008413,0.874585951072939
SG_008417,0.6704102865118093
SG_008420,0.9347650037270988
SG_008422,0.5287346338185722
SG_008435,0.8518428412959338
SG_008440,0.024300853454290155
SG_008441,0.7324925859356091
SG_008442,0.3225207941281061
SG_008443,0.3152053023251497
SG_008444,0.43459975406181306
SG_008449,0.6450481581591225
SG_008452,0.8353178353150276
SG_008457,0.8843974098333723
SG_008459,0.9569455076075026
SG_008462,0.4966989870974632
SG_008467,0.6952396751190765
SG_008468,0.6080300981223808
SG_008478,0.1129577006252649
SG_008482,0.9406306475770354
SG_008484,0.9585460041625462
SG_008485,0.5199067912906625
SG_008494,0.56145399377417
SG_008497,0.1843535372337397
SG_008498,0.3122654137955696
SG_008500,0.6313791930804935
SG_008501,0.6822743753729636
SG_008504,0.43867284638211984
SG_008506,0.8439215817533289
SG_008512,0.6579065655357332
SG_008514,0.9750582054229356
SG_008517,0.7266797729136305
SG_008522,0.595931974853759
SG_008527,0.30845197566089133
SG_008529,0.6641124330648596
SG_008531,0.0566922851641812
SG_008534,0.9932507863335138
SG_008535,0.3922412896724542
SG_008536,0.22591558908951676
SG_008538,0.44662114373132694
SG_008541,0.10973974798752908
SG_008542,0.5165667148139315
SG_008545,0.9563111538799962
SG_008547,0.48184803683310196
SG_008549,0.8559725933594435
SG_008550,0.27812933728185535
SG_008551,0.6640646777647865
SG_008553,0.2065624070605666
SG_008555,0.29049495065403813
SG_008557,0.7645959959993933
SG_008561,0.19882255340331184
SG_008564,0.22477059811455757
SG_008565,0.901559706170973
SG_008568,0.45162188221437966
SG_008569,0.3679137080303886
SG_008570,0.5586327881405494
SG_008572,0.3721953449557401
SG_008574,0.6848597538588317
SG_008575,0.5461514660329345
SG_008576,0.05721899735088884
SG_008577,0.6794168056395159
SG_008580,0.09703390530806946
SG_008586,0.4027055324027977
SG_008594,0.7593302399046882
SG_008598,0.2500891350903029
SG_008600,0.734833381968635
SG_008614,0.5123933330685033
SG_008615,0.73782069264996
SG_008617,0.19479852290342226
SG_008624,0.5011699540848112
SG_008630,0.8443540903548082
SG_008635,0.16631896212207897
SG_008636,0.06007999939208282
SG_008639,0.761801913203939
SG_008645,0.28619261040287336
SG_008646,0.4342059498566299
SG_008650,0.869820854829213
SG_008653,0.9183674105712691
SG_008669,0.7692028629140781
SG_008671,0.804505438151101
SG_008689,0.7050846685995813
SG_008691,0.7072640550895778
SG_008693,0.7230014963787261
SG_008708,0.12526719115081553
SG_008714,0.6849211001703936
SG_008726,0.27981265013792816
SG_008727,0.9235316010432666
SG_008729,0.18771365587680272
SG_008734,0.7792047615312392
SG_008735,0.5314479826268588
SG_008737,0.9234483339343693
SG_008739,0.04372689487166152
SG_008745,0.8820007211978459
SG_008749,0.04567550309943765
SG_008755,0.38212359481648306
SG_008759,0.33719150776389345
SG_008766,0.5372484065100673
SG_008769,0.4489882765427512
SG_008770,0.5426238225012506
SG_008771,0.049703032841069215
SG_008773,0.924840647693104
SG_008774,0.5947378758697909
SG_008776,0.2212551493998534
SG_008777,0.4937860247337882
SG_008780,0.6933957590038995
SG_008782,0.5346992217415705
SG_008784,0.2931344427764166
SG_008785,0.31826385867418727
SG_008787,0.19997509335033073
SG_008789,0.6408509838816541
SG_008793,0.6713136308065673
SG_008798,0.4386146994845058
SG_008810,0.8388423473697701
SG_008816,0.843864125764132
SG_008823,0.8636429463847931
SG_008824,0.3393644346886935
SG_008825,0.8789772506613409
SG_008828,0.6563151597505821
SG_008836,0.24845866615961917
SG_008839,0.6692510379043886
SG_008840,0.22225551555066098
SG_008841,0.28503504863376483
SG_008843,0.5793378892841854
SG_008844,0.6793252674847008
SG_008845,0.8100489732048699
SG_008849,0.666759947790245
SG_008850,0.5324886742654112
SG_008853,0.6730111305104436
SG_008855,0.30503349175865424
SG_008859,0.627256826896248
SG_008862,0.3899124986767835
SG_008864,0.22094188992634545
SG_008865,0.10243873176876118
SG_008866,0.1228881789796215
SG_008867,0.9779996882376227
SG_008869,0.942232783074197
SG_008876,0.6916777724937369
SG_008881,0.4332562317995693
SG_008883,0.5052506793421767
SG_008888,0.03602486347582153
SG_008889,0.9168222959353189
SG_008895,0.8250642443962457
SG_008897,0.4656692084962216
SG_008901,0.34651189880140604
SG_008905,0.04780719571217547
SG_008907,0.17935884835884086
SG_008908,0.022274357913474513
SG_008910,0.44037837054933765
SG_008913,0.7637899983326554
SG_008914,0.20908158152611445
SG_008917,0.25174221378532513
SG_008919,0.2412082714437665
SG_008920,0.9725602624275766
SG_008925,0.5810890556001512
SG_008926,0.7562895271274295
SG_008927,0.3529424944560295
SG_008930,0.4358637829288555
SG_008932,0.21161188937145886
SG_008934,0.77525779671039
SG_008937,0.20966796264468918
SG_008940,0.629686298449184
SG_008943,0.3253541418942234
SG_008947,0.06715215155203418
SG_008955,0.8978351692571158
SG_008960,0.8985135160225514
SG_008962,0.02573080976230485
SG_008964,0.4728836372670211
SG_008965,0.05169686753907326
SG_008966,0.11460728323664908
SG_008971,0.31360932774808503
SG_008972,0.14798882945829395
SG_008976,0.6449033109247639
SG_008978,0.022557788425298535
SG_008983,0.32500250157526167
SG_008989,0.9943845369601386
SG_008990,0.2656909087684293
SG_008994,0.7868828738305718
SG_008996,0.7932425520920052
SG_008998,0.32823128465658635
SG_008999,0.10046990557856543
SG_009001,0.5401332953320764
SG_009005,0.4338964200983692
SG_009006,0.1915758064437295
SG_009011,0.5918092333341574
SG_009017,0.41134118892008625
SG_009018,0.45788181155025015
SG_009032,0.37733715886764985
SG_009034,0.21197544590649653
SG_009043,0.9220624160949324
SG_009047,0.20850009469170944
SG_009048,0.4311951471931751
SG_009053,0.0748088441783865
SG_009055,0.502545739658605
SG_009058,0.30977950749391936
SG_009063,0.9228479153040166
SG_009064,0.7170962039790126
SG_009065,0.8484662657471616
SG_009069,0.23196583493418374
SG_009070,0.5049698716280782
SG_009072,0.5322340886956749
SG_009075,0.44992453170006497
SG_009079,0.5210172559232338
SG_009080,0.9912259375015255
SG_009081,0.25096743291855483
SG_009083,0.14775154414712294
SG_009085,0.41604338439926297
SG_009091,0.628578012370353
SG_009093,0.30434482666340645
SG_009100,0.06471636837538419
SG_009109,0.6328170313579946
SG_009115,0.3214540104812569
SG_009119,0.347918019746708
SG_009120,0.752029419572511
SG_009123,0.5750020683650237
SG_009124,0.497670197009312
SG_009127,0.14542607788101203
SG_009128,0.2042525796497972
SG_009135,0.8099854854260237
SG_009136,0.8091874822600122
SG_009139,0.17211826975991756
SG_009146,0.9370899535988055
SG_009147,0.8506446527984421
SG_009149,0.17248201212714376
SG_009150,0.832345392713189
SG_009152,0.9517902206742286
SG_009153,0.5267157535446054
SG_009159,0.5883699148344305
SG_009168,0.7516508165122325
SG_009169,0.8805015055594709
SG_009170,0.30883072336934136
SG_009172,0.122406691436803
SG_009176,0.3409877280420361
SG_009179,0.550669348058388
SG_009183,0.7668169337394977
SG_009193,0.6700708547509027
SG_009196,0.6759428709906357
SG_009199,0.2101260997765247
SG_009202,0.8170726315078118
SG_009203,0.13882605226866473
SG_009204,0.18332893570328027
SG_009206,0.17220722975388653
SG_009207,0.8280822597951505
SG_009209,0.37935364589546466
SG_009210,0.7350804794788577
SG_009214,0.7754201955548234
SG_009220,0.3933393802207945
SG_009223,0.32680944998941813
SG_009224,0.4374628143135451
SG_009225,0.22927172967746318
SG_009226,0.9360478384509647
SG_009229,0.17325371219543367
SG_009230,0.8825965793132626
SG_009236,0.6063324817104548
SG_009242,0.2651288606657588
SG_009246,0.8580721062304373
SG_009250,0.6348073572055141
SG_009253,0.9243989604223849
SG_009266,0.8885541814550146
SG_009268,0.5508020301253223
SG_009272,0.8681043072605461
SG_009273,0.05685356258081727
SG_009274,0.6734068999751593
SG_009277,0.6120800023840821
SG_009278,0.5825872325747322
SG_009279,0.6459429096494631
SG_009280,0.2612377135651911
SG_009281,0.43682170108135643
SG_009289,0.7102799384476505
SG_009290,0.9326146665075232
SG_009299,0.22213914373263507
SG_009300,0.4747930593388709
SG_009305,0.09770118549693502
SG_009307,0.6709017660984145
SG_009319,0.12932389738589772
SG_009328,0.0727703091459012
SG_009333,0.38167863189953033
SG_009335,0.27218038383862836
SG_009341,0.4856934223461263
SG_009347,0.2971134740699587
SG_009354,0.6531146372598022
SG_009355,0.8259423421114072
SG_009357,0.2541315740326601
SG_009362,0.7288135761091059
SG_009363,0.8425465532796994
SG_009365,0.2273298697826574
SG_009366,0.9751455426989326
SG_009367,0.439768879100197
SG_009370,0.8315976424619643
SG_009386,0.6528184307890804
SG_009392,0.14005153247455393
SG_009398,0.2877430292949541
SG_009400,0.253902066025825
SG_009402,0.8134275740056196
SG_009403,0.32518685200480346
SG_009404,0.31633134745080227
SG_009406,0.4469721611303995
SG_009407,0.698752032159401
SG_009408,0.013339525919636705
SG_009409,0.035671773173645255
SG_009410,0.9056235306092291
SG_009411,0.6240622397598607
SG_009412,0.3987264437343121
SG_009413,0.3515842370614133
SG_009415,0.29585268179066754
SG_009417,0.524026149568319
SG_009419,0.39982302429129846
SG_009425,0.7347539496316674
SG_009426,0.7468605811475842
SG_009427,0.4183937754375568
SG_009429,0.05495073404259043
SG_009434,0.747998276544618
SG_009438,0.2852277213928963
SG_009441,0.5621878778180045
SG_009442,0.3376786764776386
SG_009444,0.7603024540618429
SG_009445,0.8494927199745246
SG_009446,0.19661529536337566
SG_009447,0.341089635464056
SG_009449,0.4581738579014194
SG_009455,0.5241224147672573
SG_009458,0.5160783346205557
SG_009461,0.9593256023590842
SG_009462,0.8951512046737851
SG_009466,0.36054555245723063
SG_009473,0.31984671924249314
SG_009478,0.7210868605500695
SG_009479,0.6964395272081041
SG_009481,0.2908235479245396
SG_009485,0.1537799253519318
SG_009490,0.8622739395496372
SG_009496,0.28867934834506526
SG_009500,0.2792619576769667
SG_009502,0.9883417262585219
SG_009504,0.660145413405775
SG_009505,0.4156614838928148
SG_009516,0.2733854801599527
SG_009518,0.9105918795274934
SG_009519,0.7881649458068307
SG_009528,0.3065868861927177
SG_009529,0.5566811095306686
SG_009530,0.08632757717963918
SG_009533,0.6354593124497492
SG_009537,0.23515585897579044
SG_009539,0.15023556617659523
SG_009540,0.3651321964564419
SG_009541,0.561095559315752
SG_009544,0.24169997633531315
SG_009556,0.2667225050146203
SG_009558,0.56260463014784
SG_009566,0.3069043151659234
SG_009567,0.4866988026176989
SG_009569,0.048457840799083204
SG_009573,0.4416657902395731
SG_009577,0.11665658149783295
SG_009581,0.427355066777134
SG_009582,0.40179145194905225
SG_009584,0.1550170734183331
SG_009585,0.651485098247726
SG_009589,0.469974072262204
SG_009592,0.3511616369145587
SG_009593,0.6242466995737957
SG_009602,0.12810017233743334
SG_009614,0.30873556460904583
SG_009616,0.9168963307363966
SG_009618,0.9602535225978144
SG_009619,0.12635785307212893
SG_009620,0.6520638397981439
SG_009622,0.16956229180606142
SG_009630,0.5537560988716077
SG_009632,0.3539334914847704
SG_009639,0.16912990573609654
SG_009649,0.8421242319971178
SG_009651,0.7338795978898951
SG_009661,0.1359205638457596
SG_009670,0.25204645565989603
SG_009671,0.6026478305320573
SG_009679,0.8835970271596776
SG_009681,0.4321715148230898
SG_009683,0.29876428861788756
SG_009687,0.9642289680192544
SG_009690,0.6281440229168067
SG_009691,0.9545344292445104
SG_009694,0.39795017324575466
SG_009696,0.9610866435319074
SG_009701,0.4882473772206228
SG_009702,0.13716019902941964
SG_009707,0.23777057271758667
SG_009716,0.19808735099238797
SG_009718,0.6094197337152449
SG_009727,0.1462144160472054
SG_009736,0.4089192163846965
SG_009741,0.5806263350335268
SG_009744,0.6874505397344002
SG_009746,0.4234951720010748
SG_009747,0.8168957003277587
SG_009751,0.35122255242584594
SG_009754,0.7136782468378653
SG_009757,0.23103113842419176
SG_009759,0.840990281486776
SG_009760,0.5462330460226249
SG_009762,0.20571864556188948
SG_009763,0.384119038478296
SG_009766,0.4950729525446068
SG_009776,0.6753302339973313
SG_009778,0.8571863360897695
SG_009780,0.9618995574440887
SG_009782,0.9368727199659355
SG_009783,0.049753332864548784
SG_009785,0.6378063930229143
SG_009786,0.9068029088724958
SG_009791,0.3435643608158627
SG_009794,0.4540208473050986
SG_009795,0.6102538241568283
SG_009799,0.6410252227770932
SG_009800,0.9751827712137411
SG_009814,0.8055911471947803
SG_009819,0.2943599119764135
SG_009824,0.20510330784300473
SG_009825,0.9440754247545722
SG_009829,0.8081771329520442
SG_009834,0.8538230563019088
SG_009837,0.7918531743666739
SG_009838,0.4242705327250814
SG_009843,0.5244729998344746
SG_009845,0.30747158884075704
SG_009851,0.6583324043574403
SG_009855,0.9062202811451335
SG_009856,0.7595276050757755
SG_009862,0.45229876244447675
SG_009865,0.10519265017816215
SG_009867,0.4006645854823282
SG_009868,0.479367989405884
SG_009869,0.2061437753103959
SG_009870,0.7048455905499559
SG_009875,0.546928720921363
SG_009876,0.7666927756154351
SG_009877,0.7654368497787959
SG_009878,0.8500034007433773
SG_009880,0.8659413703369077
SG_009881,0.5250016097710662
SG_009895,0.9249185602790738
SG_009905,0.4660147573121529
SG_009909,0.48647694826376847
SG_009914,0.6566592411424624
SG_009916,0.5872844063173359
SG_009921,0.18063174500991575
SG_009923,0.7913349829490395
SG_009926,0.7155936472072484
SG_009929,0.9317979009224024
SG_009932,0.4579706648730465
SG_009933,0.3815911132848751
SG_009935,0.07222653569695517
SG_009936,0.3868242806348906
SG_009937,0.38010164894686943
SG_009941,0.056616060307066694
SG_009942,0.5782741128531976
SG_009953,0.7218793651546302
SG_009956,0.13929636458833097
SG_009959,0.22773275695780404
SG_009964,0.5585399083857324
SG_009972,0.7888818395056849
SG_009977,0.5748108464438232
SG_009979,0.9536739815380564
SG_009982,0.2562751192181819
SG_009985,0.8568169878794955
SG_009987,0.1159430004027295
SG_009989,0.7032564580958891
SG_009993,0.2588955540153217
SG_009997,0.5770266177651873
SG_009999,0.6532644947485691
SG_010002,0.9853174414255379
SG_010007,0.827287407933214
SG_010008,0.2657099297319355
SG_010009,0.3202244225429327
SG_010010,0.899496373821315
SG_010011,0.38529756211761423
SG_010012,0.19168453132285865
SG_010014,0.24406429163019758
SG_010015,0.5786788338854308
SG_010019,0.33966587254195574
SG_010020,0.26132018011607805
SG_010021,0.23538834531813163
SG_010024,0.19395908300626416
SG_010025,0.4200438851720043
SG_010034,0.4034444043586712
SG_010037,0.0734020363733145
SG_010038,0.41940531702519573
SG_010042,0.6343033073036389
SG_010045,0.6438198009048266
SG_010047,0.3908929319462719
SG_010048,0.5519621196200537
SG_010050,0.7868633503934201
SG_010052,0.4213857484199284
SG_010058,0.32659919963902884
SG_010061,0.8263520379242525
SG_010068,0.42696331609280447
SG_010069,0.17213258536233128
SG_010074,0.380171760370248
SG_010078,0.2078548373156631
SG_010081,0.10616572708794828
SG_010084,0.3330380005689132
SG_010085,0.17005469701495224
SG_010086,0.9320772569080268
SG_010088,0.5863322136307991
SG_010091,0.12911281639797778
SG_010092,0.8541047156440104
SG_010099,0.7577252590669941
SG_010101,0.39362111810039957
SG_010103,0.32122295582397026
SG_010104,0.3390080354537453
SG_010106,0.9180342576081161
SG_010109,0.3313362669962693
SG_010115,0.15507111151328573
SG_010116,0.6759666682620509
SG_010117,0.8422561813305807
SG_010123,0.9841732198763673
SG_010130,0.08496987242869153
SG_010132,0.16603560386110885
SG_010134,0.7799418567232989
SG_010142,0.9616986620002488
SG_010144,0.321729632374233
SG_010146,0.29138143106890235
SG_010151,0.08830201306354515
SG_010153,0.9549368308268897
SG_010155,0.47662230437846165
SG_010157,0.873594291159589
SG_010165,0.06265814319427021
SG_010166,0.5056328230915834
SG_010169,0.18231632770970996
SG_010170,0.3756137676148462
SG_010172,0.5992118344741971
SG_010173,0.6847247583810182
SG_010174,0.7802946209217396
SG_010175,0.513835689441932
SG_010176,0.7420103979554069
SG_010182,0.05125887658198822
SG_010183,0.4077243739404286
SG_010184,0.651849437915632
SG_010187,0.47330859878816434
SG_010195,0.10357274577593086
SG_010198,0.3710088310126366
SG_010199,0.3417657236424938
SG_010200,0.019813823770401744
SG_010204,0.8827233476164985
SG_010206,0.9095639749863313
SG_010208,0.5974197409277973
SG_010209,0.31561720114133784
SG_010210,0.8229296438366904
SG_010213,0.4130524449340845
SG_010217,0.5084224849215319
SG_010226,0.6927136198497164
SG_010227,0.442988264657979
SG_010234,0.09748435742540504
SG_010235,0.24317487730485787
SG_010238,0.9109273010980509
SG_010241,0.2388484018971822
SG_010242,0.040036613416307716
SG_010243,0.06975623878260534
SG_010246,0.7087938125305899
SG_010252,0.8744149355326132
SG_010253,0.9646568041371228
SG_010256,0.5517719029471703
SG_010257,0.4559707469176005
SG_010258,0.03451496156315011
SG_010259,0.8925690203880489
SG_010261,0.5200462258516823
SG_010263,0.37766760335603844
SG_010265,0.012601381418033615
SG_010267,0.1618176703951083
SG_010271,0.10546727335714584
SG_010273,0.50371388443584
SG_010274,0.0638628555091224
SG_010277,0.7646948897881328
SG_010284,0.1558447338482777
SG_010286,0.5542610070658034
SG_010287,0.9870096105633466
SG_010288,0.2576096105703784
SG_010293,0.4289546503938284
SG_010294,0.8609147479905579
SG_010298,0.4431812646232375
SG_010306,0.40132992782321353
SG_010313,0.3269579142934852
SG_010315,0.904685905155679
SG_010316,0.7643938514415417
SG_010319,0.15217079479275952
SG_010320,0.9035550009222881
SG_010322,0.553725726924688
SG_010323,0.7688964152363726
SG_010326,0.2014198806678467
SG_010328,0.6822440952231369
SG_010329,0.9296681620033466
SG_010330,0.7246875408770912
SG_010332,0.13277288378278398
SG_010336,0.7504558425347493
SG_010344,0.636049593861405
SG_010347,0.8892087913531441
SG_010350,0.6133685203999719
SG_010352,0.9439973619917239
SG_010354,0.6180133481512726
SG_010358,0.5554534840382216
SG_010371,0.1545955372257281
SG_010373,0.5189060415607412
SG_010379,0.21880029313517266
SG_010386,0.35350562385701234
SG_010393,0.5964765542882107
SG_010394,0.783345338214873
SG_010399,0.9483066851294003
SG_010401,0.4084288143425151
SG_010404,0.3387057285298132
SG_010406,0.2777184778534085
SG_010407,0.413507457876809
SG_010409,0.9640737459871538
SG_010412,0.6463098197925851
SG_010418,0.11800788499876098
SG_010420,0.05529735639012487
SG_010424,0.9433258806449765
SG_010425,0.6496866653033099
SG_010428,0.7877921393748426
SG_010430,0.8713977263870211
SG_010431,0.7460402904564438
SG_010435,0.4399008595161914
SG_010442,0.9567184562468741
SG_010455,0.6750199082381447
SG_010459,0.4422507395378863
SG_010460,0.9307832901536546
SG_010461,0.6950972041192223
SG_010462,0.10479776641992627
SG_010465,0.031822296748116916
SG_010467,0.4635319203242116
SG_010469,0.6536628462046614
SG_010470,0.8544099094230766
SG_010472,0.19744648626588818
SG_010475,0.7766654877859547
SG_010477,0.7638426278107007
SG_010481,0.9361857697346385
SG_010482,0.04764678453685943
SG_010483,0.5881993356884707
SG_010485,0.5107685399265034
SG_010486,0.05537324469573933
SG_010487,0.6465109710639396
SG_010490,0.6160204558457951
SG_010492,0.35690365163952503
SG_010493,0.10169984341088882
SG_010495,0.3559232410919047
SG_010498,0.5831530850279703
SG_010499,0.34255578966885813
SG_010501,0.9381553529954403
SG_010503,0.23930645994908095
SG_010505,0.3933624475070089
SG_010506,0.08227153792750325
SG_010507,0.043490536995251294
SG_010509,0.34814669527397923
SG_010510,0.39758213757910504
SG_010515,0.9522970137860772
SG_010517,0.820720069999578
SG_010518,0.6277340488485607
SG_010531,0.7915817310397048
SG_010546,0.8723659244448448
SG_010547,0.20551244581222894
SG_010550,0.8105049999519525
SG_010552,0.42256670737812807
SG_010553,0.424105746786715
SG_010555,0.16984874572206654
SG_010561,0.3505470265330388
SG_010562,0.4158345174922311
SG_010563,0.31251351874059113
SG_010569,0.1983005217975093
SG_010571,0.34882028610107274
SG_010577,0.12204221957711915
SG_010578,0.14674335050626175
SG_010579,0.47198400180767563
SG_010582,0.7764109099018485
SG_010585,0.8394147018875161
SG_010586,0.8660368952179556
SG_010588,0.3168759764142398
SG_010589,0.13298564098079202
SG_010590,0.7173187266319601
SG_010592,0.9683336996628262
SG_010594,0.5307617265606872
SG_010598,0.8276251904682267
SG_010600,0.24689566503830787
SG_010607,0.30799634698750344
SG_010611,0.8105205924068539
SG_010615,0.8515494290756197
SG_010616,0.8732346275311983
SG_010619,0.379405807797232
SG_010627,0.43997756318668046
SG_010634,0.10260708251971146
SG_010635,0.14895213609346314
SG_010636,0.5258737913317948
SG_010649,0.8833478589014438
SG_010651,0.42138526661060816
SG_010653,0.3445447560123548
SG_010655,0.39177639588281143
SG_010659,0.5453175007900574
SG_010662,0.9785591821721331
SG_010664,0.8221868854449406
SG_010666,0.0971639356001496
SG_010668,0.5238065596423764
SG_010670,0.49686947706200063
SG_010673,0.9433265880898231
SG_010674,0.3089992563834886
SG_010679,0.7129632033528439
SG_010684,0.8908341956825868
SG_010685,0.2101453487914126
SG_010690,0.12498292514961817
SG_010696,0.4457438478763826
SG_010700,0.6187470290703766
SG_010707,0.24204569036696758
SG_010708,0.056992303669270085
SG_010713,0.19781565155884023
SG_010717,0.1718346444814195
SG_010718,0.6833752987243636
SG_010721,0.6693434383015671
SG_010722,0.297391272660778
SG_010726,0.7772405907457918
SG_010729,0.17209347086147414
SG_010733,0.4961264039500759
SG_010734,0.73640250490004
SG_010737,0.427431308285753
SG_010739,0.18610479891656634
SG_010745,0.7789552278945018
SG_010752,0.3942011445509087
SG_010753,0.9521528220655878
SG_010757,0.23189629053581046
SG_010760,0.7479044005947058
SG_010763,0.4784337456966946
SG_010769,0.8906863880776903
SG_010772,0.8307180204588527
SG_010773,0.11436838313820435
SG_010774,0.4146738100620532
SG_010781,0.3086642078116804
SG_010784,0.046993719201304074
SG_010789,0.2437793274824434
SG_010791,0.5129779301197397
SG_010795,0.9184529699993622
SG_010796,0.7250573150993513
SG_010798,0.38244952412197997
SG_010801,0.7032829015619309
SG_010803,0.8704390736093253
SG_010808,0.4456526157366305
SG_010809,0.23680577693767887
SG_010810,0.7247942159377345
SG_010814,0.8519448462574324
SG_010816,0.04710249826327706
SG_010818,0.09587571078095564
SG_010824,0.9747760514034562
SG_010828,0.9740757486284278
SG_010830,0.9639387639512199
SG_010831,0.40065011422507424
SG_010837,0.7659542054462944
SG_010843,0.46611892771348995
SG_010844,0.920980175277679
SG_010845,0.11787986177557346
SG_010846,0.38463854033415207
SG_010847,0.8040780694630469
SG_010853,0.3104153147762388
SG_010857,0.0393910465880305
SG_010860,0.5097430640757312
SG_010863,0.3977353542020561
SG_010865,0.5092627789655899
SG_010870,0.854032765034654
SG_010871,0.5006440179392959
SG_010872,0.2720219822850979
SG_010876,0.9864134621974895
SG_010881,0.1996078219924269
SG_010882,0.5691845386122557
SG_010884,0.9473969044395805
SG_010887,0.28629159059259923
SG_010888,0.754775463234871
SG_010889,0.7599844370190318
SG_010894,0.5681610632175795
SG_010896,0.6518877649716045
SG_010898,0.35489332227509895
SG_010902,0.34141560865031967
SG_010904,0.6671391514262126
SG_010907,0.9738612066051385
SG_010911,0.15493438384575986
SG_010922,0.5485587899023229
SG_010930,0.025798461660436797
SG_010946,0.733662976137026
SG_010951,0.049596766434485365
SG_010956,0.8131048169180279
SG_010960,0.9032206386816806
SG_010961,0.4831173270105275
SG_010962,0.5986437771405326
SG_010969,0.34840666449023544
SG_010971,0.15850418682348616
SG_010973,0.6165715173222434
SG_010974,0.11820379026300099
SG_010977,0.02755880595308392
SG_010982,0.1934421555076753
SG_010985,0.23521027464227112
SG_010986,0.41704640173357754
SG_010987,0.8781542683763139
SG_010993,0.2375243205191589
SG_010995,0.09173221320136768
SG_010998,0.8324409612639313
SG_011003,0.44879392345950003
SG_011010,0.10298696233570394
SG_011012,0.44186166191807896
SG_011016,0.5487950269391266
SG_011017,0.18555172350892304
SG_011025,0.09279735209649768
SG_011031,0.8908336620095043
SG_011050,0.12302535232227814
SG_011052,0.35543477235814414
SG_011053,0.6119802647636072
SG_011055,0.4052660645370808
SG_011057,0.772697162033884
SG_011060,0.2862811828206024
SG_011073,0.5232343865663305
SG_011075,0.5226363052226374
SG_011077,0.28970459161509887
SG_011088,0.21399507451273797
SG_011089,0.3770652932109304
SG_011097,0.1820007122737144
SG_011107,0.4535024829704166
SG_011110,0.3821530209677043
SG_011117,0.3704947974433327
SG_011120,0.8096488811845379
SG_011132,0.43609831255796483
SG_011133,0.1699062474706662
SG_011139,0.9695168978754638
SG_011143,0.8063686053230144
SG_011144,0.3569249593236982
SG_011147,0.8076433150996354
SG_011148,0.6153294136631566
SG_011151,0.05512244379773165
SG_011152,0.9165505989019321
SG_011154,0.15477511019161794
SG_011158,0.5257591097118312
SG_011159,0.929986282328022
SG_011160,0.6106794772117315
SG_011161,0.6206079108175617
SG_011162,0.3561017207008885
SG_011164,0.10996840817936651
SG_011169,0.26748875810355105
SG_011170,0.03808797423860018
SG_011175,0.4373175318342952
SG_011176,0.7958874183332404
SG_011177,0.17328181397197986
SG_011182,0.5385893812195547
SG_011184,0.5995772842674191
SG_011186,0.5368369788059291
SG_011190,0.08239013570455123
SG_011192,0.8287103907497805
SG_011199,0.08419046774814175
SG_011200,0.34227599743716197
SG_011201,0.3881838487624869
SG_011203,0.21026747919612132
SG_011208,0.9696752911538477
SG_011212,0.25658190420349974
SG_011214,0.31426163989769246
SG_011221,0.9255108074631374
SG_011222,0.5496870613986614
SG_011224,0.15032819021636543
SG_011226,0.8609085885165247
SG_011235,0.7823854213183163
SG_011239,0.40817711520055466
SG_011250,0.18459609978102054
SG_011257,0.7280155735684376
SG_011259,0.5349882625052323
SG_011261,0.34678389062845383
SG_011262,0.8078798471733376
SG_011266,0.2765825826667801
SG_011274,0.23069813099792263
SG_011275,0.157895514441588
SG_011279,0.09451150468944738
SG_011280,0.711224512758925
SG_011285,0.12239036275974154
SG_011291,0.5861027095243166
SG_011294,0.2723696141231435
SG_011298,0.5150293266555619
SG_011303,0.335151979136289
SG_011304,0.1343202589646709
SG_011306,0.3652070460310469
SG_011307,0.3242758852207515
SG_011308,0.8433008484914887
SG_011309,0.5542758584153131
SG_011310,0.6410566712497311
SG_011312,0.94972996632509
SG_011313,0.9917662896190593
SG_011327,0.11435965652934933
SG_011333,0.36357124982499944
SG_011335,0.6831777751841611
SG_011337,0.4298908133920755
SG_011340,0.038205787418414704
SG_011343,0.12099024118979229
SG_011345,0.27269220290229274
SG_011347,0.3074460558613826
SG_011350,0.2112123822111074
SG_011357,0.5821863392070581
SG_011360,0.4293442462683744
SG_011361,0.8482372080912779
SG_011367,0.09222353219471871
SG_011371,0.3373678463172568
SG_011376,0.3097717301712821
SG_011377,0.9274365020205757
SG_011380,0.2443817334217706
SG_011381,0.2527322268415533
SG_011383,0.20384380049519396
SG_011398,0.6904069545213711
SG_011401,0.4860862106415485
SG_011413,0.8828170557507116
SG_011416,0.30333371594403385
SG_011420,0.5178565755811284
SG_011429,0.5608108132008037
SG_011432,0.22905136216749095
SG_011437,0.4593881595777579
SG_011443,0.3964707496728881
SG_011447,0.7904715112112308
SG_011450,0.543827624970473
SG_011457,0.5320355283520131
SG_011458,0.39647922823663206
SG_011460,0.4285243297411525
SG_011464,0.17258177044777018
SG_011468,0.34859131416931155
SG_011469,0.6256249880634669
SG_011473,0.8814699311288501
SG_011475,0.9347707751478433
SG_011479,0.6153443912125531
SG_011482,0.9443946100705041
SG_011483,0.8770397489774615
SG_011492,0.40894204072531753
SG_011493,0.7873472843640541
SG_011497,0.39206317279413827
SG_011503,0.4988440500567426
SG_011504,0.49838134691526015
SG_011505,0.6500409351496994
SG_011512,0.5576896741119596
SG_011519,0.5538211531795599
SG_011526,0.6314427462635858
SG_011527,0.2726702183787559
SG_011528,0.1890253001011254
SG_011532,0.18870453014021787
SG_011541,0.19875069207215118
SG_011544,0.40045383885942654
SG_011547,0.853344095432012
SG_011548,0.9253645932886312
SG_011552,0.4888202028347243
SG_011566,0.25901452796491725
SG_011567,0.7610177779408872
SG_011569,0.6289735353014063
SG_011575,0.3145756443970765
SG_011576,0.7445361612805876
SG_011577,0.23117133444891294
SG_011581,0.4553815084791482
SG_011584,0.8315126113919262
SG_011586,0.6593923589970242
SG_011593,0.5422162591401251
SG_011597,0.3757777978188094
SG_011598,0.8490221690048106
SG_011602,0.2783000648097434
SG_011605,0.6739623992684334
SG_011607,0.2549537709311216
SG_011612,0.9866116215073374
SG_011616,0.5237778919450473
SG_011617,0.5306863716315662
SG_011620,0.9130353534767236
SG_011622,0.304020194732696
SG_011625,0.5820164197046936
SG_011626,0.48765980508875784
SG_011627,0.8958735949419315
SG_011632,0.8158181851914743
SG_011633,0.5311943220088127
SG_011635,0.9192376835585117
SG_011638,0.35015640713292406
SG_011640,0.8979310820091619
SG_011645,0.21751612113901564
SG_011649,0.7530138704553857
SG_011656,0.3707010737357316
SG_011662,0.20107402794408552
SG_011663,0.2983170504606019
SG_011666,0.2154800570197749
SG_011672,0.04654281592982139
SG_011673,0.7237234428320765
SG_011676,0.8178646164429589
SG_011678,0.4831424107274783
SG_011682,0.47863605255540276
SG_011683,0.11091016369124992
SG_011684,0.0838748439200939
SG_011691,0.7104011605364793
SG_011694,0.04103177235772052
SG_011695,0.49664143493377216
SG_011697,0.6513373731120745
SG_011699,0.12333566399671687
SG_011701,0.5142310121612907
SG_011704,0.7586510706644005
SG_011705,0.5542055757390675
SG_011708,0.5203179087192421
SG_011714,0.9046378804536117
SG_011715,0.6276355697353302
SG_011720,0.19407284834748445
SG_011721,0.015471072419837712
SG_011727,0.24890114761878906
SG_011728,0.7412436664961543
SG_011729,0.4036284718256027
SG_011731,0.40762243598014103
SG_011736,0.5141633491246664
SG_011737,0.4895454477573873
SG_011747,0.48785479519234043
SG_011749,0.7212727298400659
SG_011750,0.5519379915395243
SG_011752,0.43952137876121034
SG_011757,0.9241758495044545
SG_011764,0.5725841692699124
SG_011767,0.08701156373399982
SG_011769,0.9184967595165915
SG_011770,0.7239113062261344
SG_011772,0.7937721005346348
SG_011773,0.1898840573479783
SG_011777,0.4019530536587794
SG_011779,0.33358909011625276
SG_011780,0.5196722225986333
SG_011786,0.8303576760575262
SG_011787,0.883648413744976
SG_011789,0.02471631836696766
SG_011796,0.25473586073978216
SG_011799,0.4362351041653715
SG_011801,0.460237426696342
SG_011802,0.9599177665157749
SG_011806,0.006201561872689657
SG_011812,0.6675717980944557
SG_011814,0.7398223499189596
SG_011815,0.8153045613289313
SG_011816,0.8110822847894534
SG_011830,0.6658822195380606
SG_011833,0.18353497367621613
SG_011843,0.7786719262523628
SG_011853,0.8865197036404926
SG_011855,0.9157854620068503
SG_011858,0.24965080853503863
SG_011861,0.08705848865991159
SG_011863,0.7203952685041984
SG_011864,0.7504872153193656
SG_011868,0.6883477535147284
SG_011869,0.6646747175971003
SG_011871,0.8398691136318153
SG_011886,0.31711957867984664
SG_011889,0.3543356273160024
SG_011890,0.6055951028336684
SG_011894,0.5249880563876901
SG_011896,0.3534890181420166
SG_011898,0.21889605837753207
SG_011900,0.5474061338210764
SG_011918,0.9067650000793253
SG_011922,0.3287442528726602
SG_011925,0.5351645718696184
SG_011926,0.5783002752187941
SG_011927,0.6324506536712646
SG_011931,0.4339124007548536
SG_011933,0.2331127023832228
SG_011936,0.01507525864438992
SG_011939,0.2667469432041124
SG_011940,0.45200801953662695
SG_011953,0.48858444760541014
SG_011955,0.8243816535297877
SG_011956,0.6882382782136166
SG_011959,0.3801087622485103
SG_011961,0.8672793824718503
SG_011962,0.9213902407313541
SG_011966,0.9572368840626897
SG_011969,0.27774561236046724
SG_011971,0.06304182785357332
SG_011977,0.4655789968057897
SG_011978,0.13773803889688624
SG_011983,0.2036987458397828
SG_011986,0.4452773248187489
SG_011988,0.2271726457490166
SG_011993,0.7626224804245764
SG_011995,0.7425994685624653
SG_011996,0.21882914625563352
SG_011997,0.5137615992054939
SG_012000,0.49559286863108853
SG_012013,0.5759358730283498
SG_012018,0.39081085427200113
SG_012019,0.6424465085526507
SG_012020,0.5791077332511265
SG_012022,0.3256686269504111
SG_012031,0.48477461532086874
SG_012040,0.6990365646495569
SG_012041,0.17919094083317022
SG_012048,0.04429360552044661
SG_012050,0.07576038457637341
SG_012051,0.14874949753692834
SG_012052,0.9520287901772382
SG_012064,0.7329052104765024
SG_012066,0.32780342150483355
SG_012068,0.3153509055415866
SG_012076,0.6593033396691728
SG_012077,0.5863765209911033
SG_012078,0.11264271261655275
SG_012079,0.0258095642882866
SG_012080,0.8533672801842191
SG_012081,0.27428992194134266
SG_012082,0.5558624599498266
SG_012086,0.4542651894638444
SG_012089,0.6233722819010388
SG_012097,0.1146644675029392
SG_012104,0.2563514781927937
SG_012108,0.5724129261866424
SG_012113,0.6447418992266417
SG_012119,0.8803212304794563
SG_012124,0.8782444715917839
SG_012125,0.5295448943450702
SG_012141,0.8081993272000206
SG_012143,0.49013097553408846
SG_012145,0.1089669643672297
SG_012148,0.4842882670576521
SG_012150,0.46445736570226154
SG_012162,0.3151860568460338
SG_012165,0.370439418799249
SG_012166,0.15835072353427254
SG_012167,0.6656305892393444
SG_012168,0.21601402164145223
SG_012169,0.2433797871359885
SG_012170,0.2670311037840468
SG_012175,0.19698496294768275
SG_012176,0.22812415713848583
SG_012177,0.476316083008709
SG_012181,0.5434170722302919
SG_012186,0.9923907610692781
SG_012190,0.5508448688265839
SG_012192,0.8840358509407751
SG_012194,0.8147554016491834
SG_012195,0.22937554689409706
SG_012198,0.5197260057050934
SG_012199,0.3998631920334405
SG_012205,0.9809682680437235
SG_012206,0.5906042729428052
SG_012211,0.07384164735162163
SG_012212,0.666423559229264
SG_012213,0.3046679946927504
SG_012216,0.7009771590126576
SG_012217,0.767681134459496
SG_012218,0.7938918605458289
SG_012220,0.2654373843392872
SG_012225,0.5138572426724511
SG_012230,0.0678472711242177
SG_012232,0.16241874131401104
SG_012234,0.28452354879766967
SG_012238,0.5235916321186915
SG_012241,0.3542125206897956
SG_012243,0.026664304909846104
SG_012247,0.4429477535849444
SG_012253,0.5121665421439947
SG_012258,0.7853632516467108
SG_012260,0.6784698223331611
SG_012263,0.19081118431652844
SG_012264,0.7249084968029479
SG_012266,0.9423279579103443
SG_012270,0.2670936141403994
SG_012272,0.0737821240534122
SG_012276,0.6002734143671207
SG_012277,0.3567319869687533
SG_012278,0.7751072209173478
SG_012279,0.8014867384453193
SG_012280,0.921883265026997
SG_012281,0.9390429893421066
SG_012283,0.814617713457567
SG_012284,0.8776397131786575
SG_012285,0.22014095200900594
SG_012290,0.4835362140622504
SG_012293,0.4431041703151781
SG_012301,0.8414603676109578
SG_012305,0.517422170809205
SG_012307,0.6038426133126342
SG_012308,0.5244923744283435
SG_012310,0.5572607980463917
SG_012312,0.7378888785499282
SG_012313,0.5157601949588828
SG_012316,0.5756067837337981
SG_012321,0.2963398461094865
SG_012322,0.7797238398921756
SG_012326,0.439030072716996
SG_012334,0.3756945013054251
SG_012336,0.20346294192494252
SG_012337,0.39950918494225285
SG_012339,0.8063063500048446
SG_012340,0.4541320832269572
SG_012345,0.19757414419165106
SG_012355,0.8295907039578981
SG_012362,0.7740202424416109
SG_012363,0.36628526421725177
SG_012368,0.8613547553645156
SG_012375,0.35528728307457935
SG_012378,0.00646129354128974
SG_012381,0.18225443842860653
SG_012384,0.15353393630467524
SG_012390,0.32067433929344724
SG_012393,0.5535822401973632
SG_012397,0.3710227781419967
SG_012400,0.585570613936157
SG_012402,0.6724243558752585
SG_012410,0.38313778585989433
SG_012414,0.26220473635682223
SG_012419,0.4280672540804958
SG_012420,0.955772644209586
SG_012422,0.554271178082083
SG_012423,0.7332703159690401
SG_012424,0.05051959595819147
SG_012427,0.2655905648638752
SG_012432,0.36298841884030664
SG_012436,0.8482712506654069
SG_012437,0.6549305572665944
SG_012438,0.9280336883594993
SG_012444,0.11467363526122944
SG_012446,0.024754531922684633
SG_012452,0.8455925061595284
SG_012453,0.4437595770846443
SG_012456,0.45325255985002133
SG_012459,0.042765748739747575
SG_012468,0.38380494201705373
SG_012470,0.29185336951231944
SG_012480,0.3786960296066323
SG_012484,0.36925102877803506
SG_012489,0.11970826443209961
SG_012493,0.37025842057881114
SG_012495,0.831603591768505
SG_012499,0.8145863340758485
SG_012501,0.025290664388798827
SG_012502,0.2298735389754495
SG_012504,0.9572030424249789
SG_012506,0.3676546529848661
SG_012509,0.9490746206836798
SG_012510,0.9368997855957539
SG_012513,0.1745861814241982
SG_012519,0.5291262328459639
SG_012520,0.6895648152819187
SG_012521,0.08264391224314582
SG_012525,0.5645626812801171
SG_012527,0.3709251948707274
SG_012531,0.5736324567912328
SG_012533,0.9631978454380064
SG_012538,0.24665934954691032
SG_012539,0.9143799299204856
SG_012548,0.6561372766660336
SG_012550,0.701332903343385
SG_012552,0.5516596824135921
SG_012556,0.5711366925808183
SG_012561,0.7251044573699484
SG_012562,0.2194849257586489
SG_012563,0.7708138232659956
SG_012564,0.7660796990181398
SG_012567,0.07827196603819343
SG_012568,0.8974604568811761
SG_012571,0.6813543008073719
SG_012575,0.14793240946936076
SG_012579,0.6901888225119481
SG_012588,0.48580507310565224
SG_012591,0.42997386753551925
SG_012594,0.3513946458568746
SG_012596,0.10930186646635812
SG_012600,0.807764444716338
SG_012601,0.38844156595745877
SG_012603,0.1472233764484942
SG_012606,0.2442178920956319
SG_012609,0.9809854920046186
SG_012610,0.09327662577471414
SG_012615,0.18073615284461025
SG_012616,0.45215862481523533
SG_012619,0.2574933423648017
SG_012623,0.7866476228855472
SG_012628,0.397841606442813
SG_012630,0.7571814208548395
SG_012632,0.8857654533150878
SG_012636,0.3443565354678565
SG_012640,0.05321323753898654
SG_012643,0.7939824460740321
SG_012648,0.9610520011225072
SG_012651,0.18309374922670596
SG_012654,0.5277691997022622
SG_012660,0.8556536781537589
SG_012661,0.8526179108833946
SG_012663,0.5608272262056141
SG_012669,0.21500127684749867
SG_012674,0.5722615406403421
SG_012680,0.45894486740757146
SG_012684,0.6544265702858945
SG_012688,0.5620367996010074
SG_012690,0.7982869244363927
SG_012697,0.4087356995371101
SG_012699,0.6392546922182494
SG_012701,0.18733728336585037
SG_012705,0.34331472416063025
SG_012709,0.7011795080113103
SG_012710,0.8937632645111009
SG_012715,0.6135666319600894
SG_012716,0.5609113178790714
SG_012718,0.7050072639348842
SG_012723,0.2766022836434484
SG_012724,0.3742806011125428
SG_012730,0.1774851162311168
SG_012734,0.8512404208620254
SG_012736,0.4780891033030892
SG_012738,0.17385499677234822
SG_012747,0.5736493977756536
SG_012749,0.9269793475433517
SG_012750,0.08455177681897941
SG_012753,0.4967695805595356
SG_012754,0.8647436165897338
SG_012757,0.2218184510907103
SG_012763,0.35992239929302206
SG_012764,0.1546997353202884
SG_012767,0.7632535024451457
SG_012768,0.35943823960578264
SG_012773,0.3549222905581652
SG_012775,0.23451353764884175
SG_012777,0.6417008116896799
SG_012786,0.47751065243047003
SG_012787,0.9240616779111661
SG_012792,0.6096756755950739
SG_012797,0.5620894306917124
SG_012805,0.5508487610581974
SG_012808,0.4591923021443275
SG_012810,0.8823151555598783
SG_012819,0.8533370732707322
SG_012821,0.9728028650747842
SG_012822,0.7638963065982894
SG_012831,0.22725257083581213
SG_012844,0.7539922188450321
SG_012845,0.16551120683054005
SG_012848,0.009330536267986831
SG_012849,0.8525570173386393
SG_012851,0.7996284218426282
SG_012859,0.0710149688228434
SG_012861,0.5995994420027619
SG_012869,0.9350113002362586
SG_012870,0.5290383537543379
SG_012873,0.7200297441253463
SG_012874,0.7669595416208143
SG_012883,0.06490289373920817
SG_012886,0.5606397507837655
SG_012887,0.0719932254310913
SG_012888,0.29249868337642754
SG_012891,0.2765178000660402
SG_012898,0.4619732721974035
SG_012905,0.9433755345496502
SG_012910,0.8616384328033646
SG_012913,0.40647322104174577
SG_012918,0.913209140988642
SG_012919,0.4991677504412676
SG_012920,0.29670006848590524
SG_012923,0.13424165937063653
SG_012924,0.7343410341320808
SG_012926,0.9481586447319167
SG_012936,0.7471207563205278
SG_012938,0.7487982029471228
SG_012940,0.6695762988593477
SG_012945,0.3453436563382286
SG_012949,0.4708211010647527
SG_012958,0.45594845869991296
SG_012962,0.7003292924944448
SG_012967,0.1914589696833977
SG_012968,0.2258686824434636
SG_012970,0.29580480606448256
SG_012972,0.28674072378288723
SG_012978,0.4740434723332182
SG_012979,0.38853084068546656
SG_012980,0.9725939253247748
SG_012981,0.9089883572787454
SG_012983,0.5366392033699533
SG_012984,0.6628125487615114
SG_012989,0.5244482480290296
SG_012994,0.29252502685313947
SG_012997,0.6500848805032828
SG_013002,0.7939129209114453
SG_013009,0.6669460308350268
SG_013017,0.23039780629731105
SG_013023,0.8318367151154831
SG_013028,0.2341320134117148
SG_013030,0.6229950668744219
SG_013033,0.9158838730661685
SG_013042,0.7158995965724235
SG_013043,0.6711993292751981
SG_013045,0.7825198820564824
SG_013063,0.7554069922723061
SG_013064,0.3078055483990645
SG_013065,0.26597851545996326
SG_013068,0.7082165765609054
SG_013070,0.2001031893328096
SG_013071,0.22166148559963542
SG_013072,0.8611805000469456
SG_013077,0.4076563312922583
SG_013080,0.9659635632228335
SG_013082,0.7992135755378236
SG_013083,0.4956267401974184
SG_013085,0.8960223203074615
SG_013086,0.7202984507131124
SG_013093,0.18060510774699148
SG_013094,0.1608571885807797
SG_013096,0.7846372588034372
SG_013104,0.8985132662164863
SG_013108,0.34168182071426084
SG_013111,0.3292139917185133
SG_013112,0.5441595061466604
SG_013115,0.8192684723009345
SG_013117,0.5996240732338004
SG_013125,0.05953017806011064
SG_013127,0.4698713183587822
SG_013135,0.3270458386020807
SG_013138,0.7738841089480497
SG_013139,0.15549752405648098
SG_013141,0.8024038218073472
SG_013149,0.6519375162020777
SG_013150,0.7708569418528427
SG_013157,0.593156083421287
SG_013159,0.9365310909422409
SG_013166,0.2905387842029355
SG_013172,0.5187737137853391
SG_013177,0.505045401186287
SG_013178,0.09261786589173718
SG_013187,0.21211045904065615
SG_013196,0.2004100587306167
SG_013201,0.9413656540856741
SG_013202,0.0571602076094785
SG_013212,0.04643549769479699
SG_013219,0.6513032461926717
SG_013222,0.09662588030920566
SG_013223,0.7232376683732575
SG_013224,0.9648454576885097
SG_013233,0.15526008457130566
SG_013237,0.08746449149951704
SG_013245,0.2080709520874927
SG_013249,0.39855541341851086
SG_013250,0.4179745901079218
SG_013260,0.47817726770779617
SG_013264,0.4040130462400327
SG_013266,0.4536873894329352
SG_013267,0.9752555788691696
SG_013269,0.32609219909043324
SG_013273,0.9314525987526014
SG_013276,0.043265067580241595
SG_013280,0.5333284747878346
SG_013281,0.642279331851203
SG_013282,0.3189249928824202
SG_013288,0.6026120833123683
SG_013292,0.3873732698335781
SG_013294,0.8776778237472684
SG_013297,0.2409809520958184
SG_013304,0.07827184184249833
SG_013311,0.3975964261476343
SG_013313,0.7367047366129991
SG_013314,0.32681500207698055
SG_013315,0.38512810708311424
SG_013317,0.7705842466968107
SG_013321,0.5714412578126844
SG_013323,0.2942831479175101
SG_013327,0.32882932399293485
SG_013328,0.12934964696770876
SG_013332,0.13414336495398352
SG_013337,0.358817809824414
SG_013338,0.578791340276354
SG_013339,0.02185071686482326
SG_013340,0.8661798229835732
SG_013342,0.010897055932211165
SG_013344,0.22843483897971695
SG_013345,0.6287544535802378
SG_013347,0.4574381082429335
SG_013348,0.12670466480592527
SG_013356,0.8323657237171169
SG_013358,0.8113657538853181
SG_013359,0.5262586686170478
SG_013360,0.21659006077255094
SG_013361,0.4828949157532093
SG_013362,0.7688537428349245
SG_013366,0.2530539102667724
SG_013371,0.7079408921759429
SG_013372,0.5702430804536852
SG_013374,0.7528933702230748
SG_013380,0.019477270207376836
SG_013383,0.605815360019014
SG_013384,0.29458909935669886
SG_013391,0.8489734932133585
SG_013392,0.5847986410765644
SG_013393,0.9972066303917779
SG_013396,0.9018420394237077
SG_013400,0.7466088538361282
SG_013404,0.246151072260902
SG_013412,0.4774108636029649
SG_013413,0.9165591050733828
SG_013414,0.08264346767040663
SG_013418,0.8978045299482196
SG_013420,0.1709217759189685
SG_013421,0.709306854675562
SG_013424,0.7837310137529183
SG_013427,0.7077811629570333
SG_013430,0.7242266229385581
SG_013435,0.5838668289524998
SG_013438,0.7204128111483987
SG_013440,0.635604195618482
SG_013443,0.8033847081906977
SG_013444,0.6572164517908667
SG_013446,0.03024220380799829
SG_013447,0.1744317010260586
SG_013452,0.38089450825201954
SG_013454,0.9434684313990244
SG_013456,0.4373298497610491
SG_013462,0.5336325599713345
SG_013463,0.873378776272721
SG_013464,0.540796185354466
SG_013468,0.17632588226657142
SG_013472,0.27201759124821095
SG_013474,0.6417561711476675
SG_013477,0.3256214993742104
SG_013480,0.2114429754121698
SG_013485,0.2214231884945659
SG_013486,0.6514778677452926
SG_013487,0.6780725934561717
SG_013491,0.8104875368464362
SG_013495,0.5158689753884473
SG_013499,0.36105303621412693
SG_013504,0.9467210134298084
SG_013508,0.6817072736435555
SG_013509,0.05478747708368921
SG_013515,0.6693096121614482
SG_013523,0.30174952728482124
SG_013528,0.6564001465098883
SG_013538,0.505512928288635
SG_013542,0.4401671977643247
SG_013543,0.39379779746758914
SG_013544,0.6204082831277351
SG_013545,0.7331017186530385
SG_013546,0.25406260482014015
SG_013548,0.9722149660001617
SG_013549,0.8378154175543517
SG_013552,0.9843188956070275
SG_013553,0.6195168335614005
SG_013554,0.5320786934360738
SG_013557,0.4071868769701543
SG_013558,0.4575738059831661
SG_013561,0.9543420547319021
SG_013563,0.5363607990393187
SG_013565,0.329431013388941
SG_013567,0.2116933509235344
SG_013568,0.2340749365256264
SG_013571,0.5501874429767147
SG_013574,0.5544681932396586
SG_013575,0.03445163649865487
SG_013578,0.9097791349764559
SG_013579,0.8849786351789559
SG_013580,0.5652525750821528
SG_013586,0.029383842266068154
SG_013588,0.2439611516664219
SG_013591,0.6329160308488915
SG_013598,0.9632825913589524
SG_013601,0.6985682141522556
SG_013602,0.9071191411572408
SG_013604,0.34174284539809274
SG_013608,0.7065902602647358
SG_013610,0.586668555096951
SG_013612,0.5405578712359185
SG_013613,0.2980086724704214
SG_013616,0.1936553729426104
SG_013619,0.44013390283174264
SG_013624,0.8421303718080062
SG_013626,0.7372545704981386
SG_013628,0.8079440502945092
SG_013629,0.2907640678189762
SG_013633,0.3306721078025845
SG_013635,0.042441084853487715
SG_013637,0.4069419483884586
SG_013638,0.5242981015901984
SG_013639,0.3928781301570764
SG_013641,0.4272548955087331
SG_013646,0.4753780126701367
SG_013653,0.5262731906035072
SG_013667,0.6594808912677432
SG_013668,0.6339753025447522
SG_013670,0.33887114704650156
SG_013675,0.7833447015565151
SG_013677,0.58999415562752
SG_013678,0.7254827188584575
SG_013681,0.34152748654556364
SG_013682,0.8393025710124087
SG_013683,0.8163193185408006
SG_013684,0.5191072445493939
SG_013685,0.355051772549982
SG_013686,0.7522617090767714
SG_013690,0.3454842446759575
SG_013695,0.1444445471719748
SG_013705,0.3754602593939952
SG_013706,0.07057238681255466
SG_013708,0.023970640705787187
SG_013711,0.2736237869234549
SG_013713,0.8767147535241444
SG_013715,0.37961340254223686
SG_013716,0.6150369286620937
SG_013726,0.785105296625019
SG_013727,0.08523122008556117
SG_013728,0.5881536829925775
SG_013731,0.3777651855230856
SG_013733,0.007515767997885912
SG_013737,0.7700611004896867
SG_013740,0.7082887048442092
SG_013741,0.6885254376827449
SG_013744,0.13072511070009335
SG_013745,0.7732524263279573
SG_013746,0.3615773890150429
SG_013747,0.46783681026936186
SG_013749,0.6442472604881737
SG_013755,0.3204691976570462
SG_013759,0.42683509754298454
SG_013765,0.5282079701395381
SG_013766,0.7346094933968526
SG_013769,0.2839042786164752
SG_013773,0.9444314282532086
SG_013785,0.301323266612243
SG_013793,0.13382432841594938
SG_013800,0.06887694316229288
SG_013808,0.5020933821258873
SG_013815,0.780296550937626
SG_013827,0.3729972507365212
SG_013840,0.2226002291248939
SG_013841,0.059241851667151776
SG_013842,0.3738285901517314
SG_013844,0.8409329527206089
SG_013845,0.7728027770877137
SG_013849,0.2323234891902946
SG_013850,0.2810469575691759
SG_013851,0.13787911399698918
SG_013853,0.7276715274045091
SG_013854,0.32789793923014643
SG_013855,0.5035417863169575
SG_013857,0.5720971018652292
SG_013860,0.9217508863079342
SG_013862,0.7831069347823031
SG_013867,0.9304181820472767
SG_013868,0.2957108487966309
SG_013870,0.28582239326761694
SG_013883,0.22193953717031834
SG_013884,0.2786715708597425
SG_013885,0.7720456806839656
SG_013892,0.8756498380265381
SG_013896,0.07427729289336414
SG_013898,0.546882995430352
SG_013901,0.8932237328440955
SG_013905,0.7737434267549087
SG_013906,0.7342952539994788
SG_013907,0.2797248061416541
SG_013910,0.7092752625420691
SG_013912,0.43737361596428675
SG_013914,0.490766308854876
SG_013919,0.8555297352331523
SG_013922,0.6045900423320981
SG_013943,0.23209303759176786
SG_013944,0.23010458083189386
SG_013946,0.34343620867590674
SG_013948,0.2054513059814861
SG_013949,0.541554593858786
SG_013953,0.6299562328375005
SG_013962,0.8120093813680305
SG_013965,0.8613891481972242
SG_013969,0.8250270750348601
SG_013974,0.16542930786278603
SG_013978,0.5687267350856648
SG_013979,0.10805017398821835
SG_013980,0.829962507561862
SG_013986,0.343250623862576
SG_013997,0.43429860376224133
SG_014000,0.8737301479771896
SG_014004,0.1076079038818423
SG_014009,0.635003855687791
SG_014010,0.7150542854613449
SG_014012,0.5094771284243814
SG_014014,0.7241896795728417
SG_014015,0.6028834881049869
SG_014016,0.44831301350452635
SG_014017,0.9779714862719313
SG_014018,0.018570475030255947
SG_014020,0.4910358434757589
SG_014021,0.2092706087486769
SG_014022,0.4066159987787796
SG_014023,0.6151848703523224
SG_014026,0.8341777663506807
SG_014030,0.6302547186110661
SG_014031,0.5421594336709308
SG_014036,0.27040403912957867
SG_014037,0.1451398876089211
SG_014039,0.6454007614198609
SG_014045,0.5866328158777825
SG_014046,0.845387447435425
SG_014047,0.6396771452652504
SG_014050,0.006001362749067871
SG_014053,0.5752283223257458
SG_014058,0.8951478521027076
SG_014059,0.8241083586056996
SG_014062,0.4630886238916989
SG_014067,0.7451413845052506
SG_014072,0.01181699662798057
SG_014073,0.44540085164734067
SG_014075,0.46814123109812444
SG_014081,0.5330386044733391
SG_014085,0.4149752456119281
SG_014088,0.3929724799183955
SG_014096,0.7891191265445905
SG_014099,0.8871582842418642
SG_014102,0.29423202608034804
SG_014105,0.7092877988819037
SG_014111,0.921846309337487
SG_014113,0.8302146263185216
SG_014116,0.05086715847594418
SG_014122,0.6610118104501584
SG_014123,0.40971123253314445
SG_014124,0.7806815827588569
SG_014130,0.890208680597995
SG_014132,0.4853196823567167
SG_014135,0.9860827126831849
SG_014136,0.38965587791757306
SG_014139,0.772371533838256
SG_014140,0.6648516460777967
SG_014141,0.5097715248805776
SG_014146,0.756182243742689
SG_014155,0.5285061547378501
SG_014157,0.37146048324173686
SG_014161,0.39103977764639863
SG_014162,0.6446855522917582
SG_014165,0.6122588371550094
SG_014167,0.9048853024549102
SG_014168,0.549891223999909
SG_014172,0.13057015056847787
SG_014176,0.27770377372065774
SG_014177,0.9613895635350058
SG_014184,0.9833766811899822
SG_014186,0.7794030231356348
SG_014188,0.36669193914115183
SG_014190,0.16790923348060594
SG_014191,0.20663102958427462
SG_014192,0.09757387677705052
SG_014194,0.7585578667333982
SG_014196,0.4684806421117963
SG_014197,0.9711679476161407
SG_014205,0.37929117491248476
SG_014210,0.3353469360362432
SG_014217,0.5469101675341348
SG_014219,0.7888493220428339
SG_014223,0.6931694502174653
SG_014235,0.04668669107240821
SG_014237,0.7483783285197152
SG_014243,0.6584397455620079
SG_014248,0.8843875462319125
SG_014249,0.522732910034406
SG_014259,0.6331821402380099
SG_014269,0.8419541678824082
SG_014270,0.7919065835228946
SG_014272,0.04154494179110697
SG_014277,0.3667493203467339
SG_014288,0.44566182104195456
SG_014290,0.20787361205856641
SG_014292,0.6182347059361017
SG_014293,0.29440987449246525
SG_014295,0.5242425426915468
SG_014299,0.5024614678971755
SG_014308,0.7130656674174891
SG_014309,0.23950203483156499
SG_014311,0.975107202709518
SG_014314,0.836592429369085
SG_014319,0.16362901924121503
SG_014320,0.1519905926543266
SG_014321,0.9719319577168768
SG_014328,0.7904243678879326
SG_014334,0.05995419274854852
SG_014335,0.3208630514382985
SG_014339,0.7235540197523493
SG_014342,0.05670260794986669
SG_014343,0.9737328765793867
SG_014345,0.37279347452621214
SG_014363,0.2728483884858186
SG_014368,0.3601636508954742
SG_014370,0.07760260934323682
SG_014373,0.521479456919825
SG_014375,0.5724625170872311
SG_014380,0.798682906702573
SG_014383,0.8620554525108708
SG_014385,0.7291466964599775
SG_014386,0.5908626807313038
SG_014387,0.24633279276704662
SG_014389,0.6464050621226864
SG_014391,0.22952641637657795
SG_014394,0.9691423414187881
SG_014398,0.27807946083620516
SG_014402,0.08329941112276464
SG_014409,0.2900449067634037
SG_014411,0.559552668268221
SG_014415,0.7094771923892074
SG_014416,0.6957340121223325
SG_014418,0.1425309417633544
SG_014425,0.4814216989113632
SG_014426,0.8307294790719735
SG_014431,0.6277999915937386
SG_014432,0.8579310149715729
SG_014446,0.6660324560444194
SG_014447,0.294742574490827
SG_014457,0.41736586836363365
SG_014465,0.6008788915929594
SG_014466,0.15823875591778003
SG_014469,0.26914743301457733
SG_014474,0.15622014168971887
SG_014484,0.6054534156574101
SG_014486,0.055571484729572504
SG_014488,0.23006122632574472
SG_014491,0.3454875960460392
SG_014495,0.6867320509271111
SG_014512,0.8801975363775983
SG_014514,0.30496606606987076
SG_014516,0.6768438617073723
SG_014519,0.36076554968533553
SG_014522,0.12889327647806958
SG_014529,0.7139915811943685
SG_014538,0.6820111004806437
SG_014544,0.7221723609560061
SG_014551,0.22285140422264654
SG_014552,0.509541910845438
SG_014556,0.26417002164421055
SG_014562,0.6046003489093319
SG_014565,0.2272457641230565
SG_014566,0.8884370200867016
SG_014568,0.030603278342819916
SG_014569,0.21919539309987573
SG_014570,0.6376873565795018
SG_014578,0.21028024842531673
SG_014579,0.7799410790537524
SG_014581,0.3480088894680755
SG_014582,0.5724232201610185
SG_014583,0.22561353712268828
SG_014587,0.7123596130488496
SG_014594,0.3715153622736903
SG_014596,0.7232072269237546
SG_014597,0.5740528131762551
SG_014607,0.7267081482218971
SG_014611,0.2148771863003
SG_014616,0.2852940908583131
SG_014617,0.41270817379396857
SG_014618,0.4803131620880645
SG_014619,0.11011169321233008
SG_014621,0.7079413502577772
SG_014626,0.6789357514480345
SG_014634,0.021263688721205216
SG_014635,0.46333134250914515
SG_014636,0.46545327544332515
SG_014637,0.1916689082127841
SG_014640,0.28821176384841785
SG_014641,0.622726969170711
SG_014645,0.3687107359603877
SG_014647,0.14937536876894938
SG_014653,0.3894715893565052
SG_014655,0.08562080001502487
SG_014656,0.9547096882448209
SG_014657,0.9216548438471808
SG_014660,0.8876445377277365
SG_014667,0.37356187357412696
SG_014672,0.5365759954251718
SG_014677,0.35737911641008946
SG_014680,0.7260747930443943
SG_014681,0.7220860881270016
SG_014687,0.5880099523812568
SG_014690,0.6436442342786237
SG_014691,0.12664413754591125
SG_014700,0.958627257834822
SG_014701,0.9020860036149563
SG_014702,0.9138587173819255
SG_014703,0.16394725245910438
SG_014712,0.6278821104232442
SG_014713,0.08498760004853317
SG_014718,0.2311574996188126
SG_014720,0.9238068997455433
SG_014723,0.29135398079157415
SG_014729,0.9576420992123424
SG_014731,0.5080939322068304
SG_014733,0.618763260437333
SG_014735,0.8978850132387791
SG_014742,0.0011696497169307093
SG_014746,0.03744188226189293
SG_014748,0.12243393398079537
SG_014749,0.42133125816338
SG_014753,0.31906386333330117
SG_014754,0.36269175417267574
SG_014757,0.3641536533001214
SG_014771,0.4894506117107427
SG_014774,0.7425680957778491
SG_014777,0.5315329245983845
SG_014778,0.8011368674182202
SG_014780,0.643746008539074
SG_014787,0.8223257659319223
SG_014800,0.2523441148131891
SG_014801,0.8798349735545854
SG_014802,0.306306615147647
SG_014803,0.6506324017336556
SG_014808,0.17548479717464138
SG_014812,0.05810596265026745
SG_014813,0.05869258579250358
SG_014815,0.7333078673622647
SG_014824,0.012005653042713105
SG_014825,0.5566854403614314
SG_014827,0.6234793628831653
SG_014830,0.04726015308149819
SG_014834,0.1190244685146869
SG_014839,0.9129146619664273
SG_014844,0.9213680248455997
SG_014865,0.9421198314694972
SG_014866,0.0789100865849282
SG_014867,0.5430295315860327
SG_014871,0.8486658140622931
SG_014874,0.2787886066176856
SG_014875,0.6030482806945836
SG_014879,0.18634222879299916
SG_014880,0.03535854109599539
SG_014882,0.46041499061870594
SG_014885,0.8595453365159937
SG_014887,0.787495448741723
SG_014894,0.07745100515448192
SG_014895,0.34438712204257965
SG_014898,0.2402623012649061
SG_014900,0.5660750358557327
SG_014906,0.9379780625891023
SG_014909,0.119679335491017
SG_014914,0.47659613271457524
SG_014919,0.2657100161467857
SG_014921,0.25650617711648227
SG_014939,0.9660422384238103
SG_014940,0.7179705375560014
SG_014945,0.41277265943026015
SG_014946,0.024216719559809
SG_014951,0.847827265170948
SG_014953,0.9692119298645241
SG_014955,0.4694669938686633
SG_014959,0.37403291216093165
SG_014961,0.6927895841896317
SG_014964,0.7679581578795343
SG_014965,0.17333586852228292
SG_014966,0.7523669599198735
SG_014969,0.824784376690207
SG_014972,0.7251341483163894
SG_014976,0.7398102779476087
SG_014979,0.053843952920980404
SG_014980,0.814327297807365
SG_014984,0.7203588149438851
SG_014990,0.015189111275308989
SG_014998,0.1599902409981303
SG_014999,0.05544670905033837
SG_015001,0.7511715468983575
SG_015002,0.5815181012248476
SG_015014,0.36908623740956625
SG_015015,0.2916781465632885
SG_015021,0.4087195596052731
SG_015026,0.46696877270158954
SG_015031,0.9197389388812249
SG_015036,0.4221624662616609
SG_015039,0.2106793897779755
SG_015042,0.6325232147773362
SG_015044,0.33089224668552225
SG_015046,0.6444320130714462
SG_015047,0.746200828360216
SG_015050,0.26730585688541697
SG_015054,0.675263010974531
SG_015066,0.48730379816681735
SG_015068,0.918154879649825
SG_015071,0.40409145519711914
SG_015075,0.09581365983820245
SG_015076,0.044503258111409025
SG_015081,0.597562069519313
SG_015082,0.28989608092966457
SG_015085,0.2943080893072016
SG_015093,0.8443318799166812
SG_015095,0.4828626106976841
SG_015099,0.35556958401162186
SG_015102,0.3336412186321013
SG_015103,0.8812844001180882
SG_015111,0.5296731203624037
SG_015112,0.4083315440950752
SG_015118,0.23806624694820244
SG_015125,0.4478310485943971
SG_015126,0.6017808819777856
SG_015127,0.4599427680116828
SG_015129,0.41205688329467716
SG_015134,0.8632557228608698
SG_015135,0.460461088629587
SG_015137,0.3116151163829598
SG_015138,0.8348775159063878
SG_015144,0.7041060914163046
SG_015146,0.39824429114996107
SG_015152,0.5786429661567203
SG_015155,0.29728952500685374
SG_015158,0.7351067878086968
SG_015159,0.8353112850551296
SG_015161,0.8385869601893223
SG_015165,0.7586255871128009
SG_015167,0.562836694526842
SG_015169,0.7089425291577885
SG_015176,0.8561169118083891
SG_015180,0.35072948136778936
SG_015183,0.24587278539626
SG_015189,0.5537038370772842
SG_015190,0.23585622007908325
SG_015192,0.41348920469687345
SG_015195,0.3018034298972919
SG_015197,0.4380102765230951
SG_015201,0.7500797242229575
SG_015202,0.2451428038521204
SG_015214,0.3250009802631251
SG_015215,0.660808720325982
SG_015217,0.14459745992109185
SG_015222,0.22804282814016186
SG_015224,0.11336622928307533
SG_015235,0.47499172545190554
SG_015239,0.3126771726551012
SG_015246,0.3437303897821829
SG_015251,0.4385741992892011
SG_015252,0.6637496294034866
SG_015256,0.8126338217872386
SG_015257,0.6164069453183456
SG_015261,0.4457637736155593
SG_015262,0.5984772580915761
SG_015263,0.6805122190746871
SG_015269,0.45679052091774786
SG_015270,0.3479364437382885
SG_015272,0.4187462912446075
SG_015276,0.858556834686111
SG_015277,0.08744953677136925
SG_015278,0.16639621960584353
SG_015279,0.660955625851958
SG_015280,0.7397122705063865
SG_015283,0.4852388790335616
SG_015284,0.7926116037351342
SG_015289,0.9122823515570779
SG_015290,0.29163645966410284
SG_015294,0.5427007324747062
SG_015296,0.29506279638084476
SG_015297,0.9834621838509496
SG_015302,0.3187176438634446
SG_015304,0.8948847017680563
SG_015308,0.4446933471471922
SG_015309,0.6257645355177004
SG_015312,0.7995790616116989
SG_015317,0.86312605330913
SG_015322,0.24033807350350833
SG_015323,0.7780262413327499
SG_015326,0.7542584693107236
SG_015329,0.06963849856006687
SG_015337,0.2774808539010293
SG_015339,0.5115112115728183
SG_015340,0.47080604762934997
SG_015341,0.5917226509064581
SG_015346,0.5535677810013099
SG_015348,0.4697473451946665
SG_015349,0.6881314056040326
SG_015351,0.7658480798372199
SG_015355,0.12393480200499882
SG_015356,0.5282081566467599
SG_015360,0.6656835087680147
SG_015361,0.6333068479287163
SG_015362,0.948748251148849
SG_015363,0.37968640647761853
SG_015369,0.2032952208392783
SG_015372,0.5583583839955522
SG_015375,0.15802848086828244
SG_015381,0.7321216745541483
SG_015382,0.08622374502354095
SG_015383,0.1976736616739174
SG_015384,0.773747645765291
SG_015388,0.5359979917409625
SG_015395,0.3010168687582818
SG_015397,0.255553322134853
SG_015399,0.8578330624214472
SG_015400,0.849846514939281
SG_015401,0.24717752054789455
SG_015402,0.7817269052696452
SG_015403,0.7810326902280641
SG_015406,0.4950088111279203
SG_015412,0.8767512609228529
SG_015421,0.9189488144436864
SG_015424,0.3961333135973136
SG_015425,0.40889617883172324
SG_015428,0.49506288346350835
SG_015430,0.4654842921772856
SG_015431,0.2565912625333532
SG_015439,0.20281578650242316
SG_015440,0.033823573597937306
SG_015446,0.7796720193798874
SG_015447,0.523901349882535
SG_015448,0.5060998754945887
SG_015452,0.41982514686280764
SG_015454,0.922109893731728
SG_015458,0.5452210766105248
SG_015462,0.5104649282910408
SG_015463,0.7368271455357018
SG_015464,0.48052923853661594
SG_015466,0.46526774260805515
SG_015467,0.7722491724516047
SG_015470,0.2247583969787632
SG_015473,0.2748967142435667
SG_015479,0.2396108423917876
SG_015481,0.7699650977825809
SG_015483,0.44004334930617217
SG_015492,0.7720777758510622
SG_015495,0.242555696732444
SG_015498,0.7324310212624869
SG_015503,0.06173298176431658
SG_015507,0.8349212702113594
SG_015512,0.2314887844999382
SG_015514,0.5147140854846959
SG_015517,0.7989757537417456
SG_015520,0.7353152817195863
SG_015524,0.4055386538784875
SG_015526,0.46922396427184326
SG_015527,0.19283864354136926
SG_015535,0.4792754729259988
SG_015537,0.6460776241594315
SG_015538,0.6092243678821675
SG_015540,0.7612157452801914
SG_015542,0.04974645850954455
SG_015543,0.9522590324629889
SG_015544,0.4261992063785759
SG_015546,0.8606001655588804
SG_015547,0.5481966522522739
SG_015550,0.15336379182795395
SG_015556,0.2188842398003154
SG_015558,0.5922972783750134
SG_015559,0.8457881225723085
SG_015560,0.675980934106105
SG_015562,0.29464054672377427
SG_015565,0.07188682558204347
SG_015568,0.9751172173765683
SG_015572,0.41788236636154763
SG_015576,0.02417197020921688
SG_015578,0.016269925357954743
SG_015580,0.4136405641312212
SG_015582,0.30803591303847716
SG_015584,0.6757369627577959
SG_015585,0.5895832807650352
SG_015586,0.2704397513009989
SG_015587,0.2959008038028401
SG_015589,0.6702663755002332
SG_015590,0.4517850469148338
SG_015591,0.7222371253736609
SG_015593,0.7517327559575814
SG_015597,0.4194945657241608
SG_015598,0.8302394643766586
SG_015600,0.7998897226541744
SG_015606,0.9285006843573523
SG_015613,0.6947980317492561
SG_015615,0.8054367622647125
SG_015617,0.28584120557585535
SG_015619,0.3444446283639581
SG_015623,0.42812278977762397
SG_015627,0.9367452269114471
SG_015637,0.36909609714466923
SG_015641,0.7324953043653952
SG_015644,0.8317806658533007
SG_015649,0.23334220780577603
SG_015654,0.78306352191467
SG_015655,0.9142174979691973
SG_015656,0.2550324187851544
SG_015659,0.45208533505572823
SG_015662,0.8444714253308968
SG_015664,0.20287433028843066
SG_015671,0.7025360890135482
SG_015675,0.06694301402371076
SG_015678,0.5072048340772877
SG_015680,0.6448658091076086
SG_015681,0.35803109745321743
SG_015682,0.7816992458932203
SG_015684,0.31753825474074926
SG_015693,0.7286978046504831
SG_015708,0.9280246427725807
SG_015715,0.4700351435601552
SG_015716,0.7188983596299099
SG_015718,0.05103565561849509
SG_015721,0.5038709310468694
SG_015724,0.7621456110996153
SG_015726,0.7888760111538258
SG_015729,0.46486503978320676
SG_015730,0.760604013294538
SG_015735,0.06494655310467738
SG_015738,0.8795801143205286
SG_015743,0.268790668794488
SG_015744,0.15878768407132127
SG_015746,0.1144736542201039
SG_015756,0.4809642033569437
SG_015762,0.6570357404150904
SG_015763,0.4450553180185487
SG_015766,0.4237179150216043
SG_015769,0.6453505022367261
SG_015770,0.2627071608413687
SG_015772,0.45084268044488124
SG_015773,0.8932080656212735
SG_015780,0.20412335011371202
SG_015790,0.5379972443915066
SG_015797,0.4328271501549821
SG_015806,0.09401476741297157
SG_015810,0.7276437980667538
SG_015815,0.36470480135723937
SG_015817,0.6511042670419438
SG_015818,0.6134001646422951
SG_015819,0.47299304864394665
SG_015820,0.7210570266510261
SG_015827,0.5160095846758332
SG_015828,0.22227814552057734
SG_015829,0.22612750252117414
SG_015832,0.318062282146959
SG_015833,0.6721781662692519
SG_015834,0.05844155743263077
SG_015838,0.6566649138384271
SG_015840,0.2625599165931055
SG_015842,0.6229434050121432
SG_015845,0.030830053027487807
SG_015849,0.5141240876565558
SG_015857,0.38507207660922776
SG_015859,0.005933866621905462
SG_015860,0.8680128545866159
SG_015867,0.3635823655999706
SG_015873,0.6796988373393291
SG_015878,0.6289717085699914
SG_015879,0.03723767709334238
SG_015880,0.8979767773892635
SG_015881,0.030947975067563655
SG_015884,0.338679100479662
SG_015885,0.2582611232165075
SG_015891,0.5236220680551824
SG_015893,0.4726686777545672
SG_015898,0.5047059863062584
SG_015900,0.7667346785727934
SG_015901,0.3148157894779762
SG_015907,0.49399817773742516
SG_015908,0.7086666089013836
SG_015910,0.9226296563681529
SG_015914,0.6394642349459394
SG_015917,0.9649591450880111
SG_015921,0.9498675188519343
SG_015922,0.6278676810232098
SG_015928,0.9008907570101592
SG_015939,0.42759585654830085
SG_015940,0.27766484744089315
SG_015942,0.8715268543368113
SG_015943,0.847882931892854
SG_015947,0.4803410641605773
SG_015950,0.49634027050159313
SG_015951,0.8631531894445428
SG_015955,0.18722317327906252
SG_015964,0.6073541691042208
SG_015965,0.42852307021259567
SG_015972,0.5035577998307912
SG_015973,0.09995214551933358
SG_015975,0.0743887990719338
SG_015977,0.5999446431443953
SG_015978,0.8658733132080203
SG_015979,0.9909611865951177
SG_015980,0.44356837802051896
SG_015981,0.45714677603309384
SG_015985,0.7877999588191231
SG_015988,0.6013659098507624
SG_015989,0.5710069057252439
SG_015990,0.7253483705364568
SG_015998,0.884060073189
SG_015999,0.11121567546106315
SG_016002,0.7516885766261097
SG_016003,0.33772973149587976
SG_016004,0.7182357911698656
SG_016008,0.9825084437384931
SG_016010,0.8071422109889768
SG_016013,0.8142310406202041
SG_016015,0.734317356483582
SG_016020,0.1491555677894088
SG_016021,0.4500657038293785
SG_016022,0.32255644021841645
SG_016027,0.8041953099740746
SG_016028,0.4321551454704489
SG_016029,0.06569591175975253
SG_016030,0.8691386211785801
SG_016045,0.33715242844573556
SG_016048,0.44392654008099697
SG_016049,0.09359273317120569
SG_016054,0.9688730038025819
SG_016056,0.6485072005893664
SG_016060,0.7536335810123779
SG_016065,0.15951372668864888
SG_016081,0.1373020619363809
SG_016085,0.13896539179340833
SG_016089,0.3726924089769888
SG_016091,0.918262430529142
SG_016092,0.6725460648250655
SG_016101,0.8471369447794427
SG_016102,0.8819987875292821
SG_016103,0.510132244467135
SG_016108,0.16396562935768647
SG_016109,0.5756099310389162
SG_016111,0.9188536445109028
SG_016113,0.21654446388785564
SG_016114,0.29793311727730853
SG_016115,0.5849112062903257
SG_016116,0.5177745134873595
SG_016119,0.15361083711244103
SG_016124,0.3155932847415802
SG_016127,0.5601847506732721
SG_016132,0.9471480409281989
SG_016133,0.4487673958775579
SG_016134,0.6427864318310008
SG_016138,0.09194486481412391
SG_016140,0.7871879631066456
SG_016146,0.7685818835145448
SG_016147,0.4206277848346268
SG_016156,0.9211741542780908
SG_016158,0.5469098337466
SG_016159,0.6996947209635058
SG_016160,0.06702948597848904
SG_016161,0.2481106922413669
SG_016163,0.7733613153701082
SG_016164,0.6650969604747782
SG_016165,0.6992017934198405
SG_016166,0.22282705358361565
SG_016171,0.7430568526069572
SG_016172,0.8442573116562004
SG_016174,0.5066551691102392
SG_016176,0.4437523370545474
SG_016179,0.948226996175586
SG_016181,0.7429839109648009
SG_016183,0.1319278205188318
SG_016185,0.4807225503404024
SG_016186,0.1439180055317122
SG_016187,0.0903246177220374
SG_016188,0.7691176658703737
SG_016190,0.07221986996399918
SG_016194,0.6310673256396038
SG_016195,0.08309707584688601
SG_016196,0.838636648186337
SG_016197,0.6432609624684908
SG_016211,0.09807734463076997
SG_016214,0.9146693274587504
SG_016215,0.5668929067595796
SG_016219,0.7449101285495721
SG_016221,0.7495860040841452
SG_016222,0.4809120788714407
SG_016224,0.3351104301555727
SG_016225,0.795371692280012
SG_016233,0.6006161303661285
SG_016234,0.2619433289884022
SG_016235,0.18918413837960668
SG_016238,0.05035448115134815
SG_016242,0.7323073290026623
SG_016244,0.06989836941351668
SG_016245,0.08959676497510924
SG_016246,0.8420361451224656
SG_016249,0.4119969461599808
SG_016251,0.964277173353558
SG_016252,0.8221491052562551
SG_016259,0.4744323832240233
SG_016262,0.6208227865446999
SG_016263,0.015867703141430857
SG_016268,0.8317488937424731
SG_016270,0.16438348014577617
SG_016272,0.8709881464607283
SG_016273,0.9347284405171923
SG_016275,0.8952198507269944
SG_016278,0.5470083587675276
SG_016282,0.7235924242240781
SG_016285,0.25058587536272436
SG_016289,0.71048228093028
SG_016292,0.3200874332898119
SG_016297,0.1591960858837701
SG_016299,0.6186963464394053
SG_016310,0.6978773223583439
SG_016315,0.23948000186757004
SG_016316,0.6257095702330551
SG_016318,0.21883361877444873
SG_016324,0.26110865778073816
SG_016326,0.4792830624253436
SG_016327,0.8726283685871663
SG_016330,0.0010331156979928669
SG_016331,0.9141031749326505
SG_016332,0.03135126291638139
SG_016333,0.8526960060605393
SG_016334,0.5010778267266103
SG_016337,0.04905954250318865
SG_016341,0.6494435913599315
SG_016343,0.26156871224452327
SG_016345,0.7965869126867757
SG_016346,0.126462083301922
SG_016349,0.5437451838565053
SG_016351,0.36075319031119535
SG_016352,0.0163939736344394
SG_016354,0.31778689636866264
SG_016363,0.5851806656505453
SG_016372,0.7058652327835316
SG_016375,0.2717439361934313
SG_016382,0.24817861951325262
SG_016384,0.6443622757981223
SG_016386,0.11846382297608526
SG_016389,0.2722459865951384
SG_016392,0.6428488535658894
SG_016393,0.5780068396329678
SG_016394,0.662704564596242
SG_016401,0.5981612947676035
SG_016402,0.41642706524189965
SG_016405,0.9486264558652708
SG_016414,0.43601640702449734
SG_016421,0.12622826391378955
SG_016424,0.3720806563251796
SG_016425,0.21163850785995092
SG_016429,0.10543473277828794
SG_016431,0.48180328328739896
SG_016432,0.7036297942176972
SG_016435,0.7342113468918295
SG_016436,0.8916122826527791
SG_016443,0.10654552611457078
SG_016445,0.5366959320871703
SG_016450,0.8212405608777743
SG_016452,0.3258810935203107
SG_016456,0.8714314927640685
SG_016462,0.04948452893711924
SG_016463,0.2694636682437471
SG_016474,0.828994258677283
SG_016482,0.4521777334442777
SG_016488,0.38333511079845495
SG_016502,0.2468772907710909
SG_016503,0.8658918514062783
SG_016507,0.8278341543573859
SG_016508,0.2785843387416389
SG_016511,0.1630666098565474
SG_016512,0.9192447594098923
SG_016517,0.5677165720555448
SG_016518,0.9259898159501647
SG_016520,0.4476129058581456
SG_016522,0.8445923421461348
SG_016524,0.5269576391871378
SG_016526,0.8071565999760248
SG_016528,0.6650456057953389
SG_016529,0.7529579133347447
SG_016532,0.8828897721690054
SG_016535,0.162538650235703
SG_016537,0.2661469066212929
SG_016539,0.21703184805012493
SG_016542,0.21503449573191608
SG_016545,0.24170364689713764
SG_016547,0.25283879226829786
SG_016548,0.09449856045349617
SG_016554,0.47722864985424945
SG_016562,0.8196443881447274
SG_016563,0.6474025990917232
SG_016566,0.3443675270288312
SG_016567,0.41137044651335963
SG_016580,0.3211545373633954
SG_016581,0.33524546938599037
SG_016585,0.9104371038944707
SG_016600,0.7651685457111717
SG_016603,0.7078122284777311
SG_016604,0.3748609625691077
SG_016606,0.9371007860510234
SG_016609,0.5734408969867671
SG_016612,0.7593700175378293
SG_016613,0.507394555798167
SG_016614,0.30916476871976284
SG_016623,0.16930204940253318
SG_016625,0.9724688413943057
SG_016632,0.8717325518422
SG_016634,0.17150044108880624
SG_016637,0.7234068654730097
SG_016641,0.5736072298250907
SG_016646,0.2730099746464328
SG_016647,0.06989267465241591
SG_016660,0.26953086745798216
SG_016662,0.7428008572350122
SG_016670,0.9079495871489521
SG_016671,0.08518042731225373
SG_016673,0.1754372613717395
SG_016675,0.5143020297933161
SG_016685,0.514696279048287
SG_016689,0.9577057811168255
SG_016690,0.7897759507346802
SG_016691,0.025242517942718083
SG_016692,0.41712869268636144
SG_016696,0.8596913963995898
SG_016698,0.35581260553127986
SG_016699,0.3101109696668868
SG_016703,0.22666612054340832
SG_016704,0.8042633031630813
SG_016705,0.8494119281021452
SG_016708,0.7533524862260748
SG_016710,0.21346306473421756
SG_016711,0.7904620626629483
SG_016714,0.5425509554133356
SG_016716,0.11622783411965984
SG_016719,0.7168972029289682
SG_016720,0.3333561055084646
SG_016721,0.09232384983902585
SG_016723,0.05923740924355138
SG_016732,0.8694622921918375
SG_016733,0.8132588219556552
SG_016736,0.015063498905705738
SG_016737,0.0768954553807319
SG_016738,0.6772159909223286
SG_016741,0.9173323697947495
SG_016745,0.8691664674895854
SG_016746,0.36300629872673473
SG_016752,0.2578795905873283
SG_016754,0.4498344415059714
SG_016758,0.5266865998724033
SG_016763,0.5578638886388751
SG_016765,0.36559768445143825
SG_016769,0.22088314015226182
SG_016776,0.7003816228869446
SG_016778,0.9364998981488233
SG_016779,0.49725933292517643
SG_016780,0.9171274790171151
SG_016783,0.8179041426233795
SG_016785,0.26388657186521136
SG_016786,0.8531278851293327
SG_016792,0.591298699235969
SG_016793,0.17318204940053022
SG_016794,0.802725256841176
SG_016805,0.3381354792816079
SG_016807,0.435637939035037
SG_016810,0.26767027658474984
SG_016813,0.117604230865202
SG_016818,0.6953030140049501
SG_016819,0.3304094092971136
SG_016823,0.9020710709519445
SG_016827,0.44967178025078475
SG_016828,0.42969781048056166
SG_016832,0.7663341450724417
SG_016834,0.842641463122642
SG_016837,0.8893487913605052
SG_016840,0.12690455544893836
SG_016843,0.9404814451590848
SG_016847,0.39421633427642677
SG_016849,0.19128927096471693
SG_016851,0.45346239369856284
SG_016857,0.19276748777719557
SG_016858,0.9055538697818698
SG_016859,0.6879890649382288
SG_016861,0.7732875671824879
SG_016863,0.611062137605048
SG_016874,0.9635813248985652
SG_016877,0.25632623213915984
SG_016881,0.9240918098430536
SG_016885,0.5545299685591524
SG_016887,0.8719116203598114
SG_016888,0.578583185699231
SG_016891,0.3133405039281372
SG_016893,0.05571953870153574
SG_016895,0.6917205061181843
SG_016900,0.5910225791630627
SG_016902,0.5317858091778453
SG_016904,0.492226850669218
SG_016909,0.3968333855203924
SG_016911,0.814409273434763
SG_016924,0.031186777214865832
SG_016925,0.5840596995885496
SG_016928,0.8025389147435602
SG_016937,0.23758740490928293
SG_016939,0.8176408506835857
SG_016941,0.5828182712372463
SG_016944,0.9137938148321222
SG_016946,0.3365394190614999
SG_016951,0.6133011448315214
SG_016961,0.9601098116993285
SG_016963,0.6764987842014758
SG_016967,0.3552801920517538
SG_016968,0.9322262311733847
SG_016971,0.3997864226281208
SG_016973,0.25945932830011886
SG_016974,0.41726142319558446
SG_016975,0.7184582915256963
SG_016976,0.46645526962713213
SG_016986,0.31156849034460865
SG_016989,0.8753102070386465
SG_016990,0.8308057851458164
SG_017003,0.629333395624021
SG_017005,0.34247627856684404
SG_017006,0.0559700093660819
SG_017016,0.21978228210833428
SG_017018,0.42515555206609834
SG_017021,0.35802985090779305
SG_017026,0.2829719826762918
SG_017028,0.38309067936151325
SG_017040,0.5060235575400049
SG_017043,0.16094556977021357
SG_017044,0.7714635182948787
SG_017046,0.6882183235148362
SG_017048,0.35479731361192823
SG_017049,0.4299634602737904
SG_017050,0.07161297931466311
SG_017055,0.7520416248555565
SG_017056,0.18692817345182308
SG_017062,0.40900498724666245
SG_017067,0.335164641545241
SG_017070,0.1819403875627781
SG_017071,0.8814914938355116
SG_017076,0.6788626123084585
SG_017077,0.645410280687417
SG_017079,0.06539716281932129
SG_017080,0.17992416957681467
SG_017085,0.7917134688877738
SG_017098,0.44695985182507153
SG_017103,0.497893955431165
SG_017110,0.4408296471143278
SG_017111,0.8481654730612149
SG_017114,0.10183764697878986
SG_017116,0.8207437670007687
SG_017123,0.2095113547829339
SG_017124,0.769178814174248
SG_017126,0.14370210178652928
SG_017127,0.14362256988575947
SG_017130,0.7747471855408941
SG_017139,0.8373200827093448
SG_017144,0.37476436104804306
SG_017145,0.5501703371385444
SG_017146,0.5910242672538917
SG_017154,0.3400744204512469
SG_017158,0.5616780990469933
SG_017170,0.5590157316586344
SG_017171,0.8648694300937398
SG_017172,0.06590638893096953
SG_017182,0.012647054550708912
SG_017187,0.2047977668528253
SG_017190,0.7953357409639705
SG_017192,0.36570783725047634
SG_017193,0.32650407118502034
SG_017195,0.5253522955873869
SG_017202,0.6869775910425288
SG_017206,0.42991776575101226
SG_017208,0.353018382894244
SG_017213,0.6827303668920943
SG_017218,0.07123750768163563
SG_017220,0.4678538758096208
SG_017223,0.11855461972448231
SG_017224,0.7007230161239371
SG_017225,0.3658524052088981
SG_017227,0.6084750351410602
SG_017228,0.8863528649706043
SG_017230,0.35911611402551036
SG_017232,0.7603954926131333
SG_017235,0.5905929535799188
SG_017239,0.7642547529549736
SG_017241,0.8603504731395333
SG_017245,0.2636360936180768
SG_017250,0.9016360985471978
SG_017254,0.31735172320718125
SG_017255,0.42093647387217276
SG_017266,0.3043700117234149
SG_017269,0.5417499231321463
SG_017272,0.491731007227905
SG_017276,0.5669962651696558
SG_017279,0.20683081949570925
SG_017281,0.034656802766948776
SG_017287,0.7318664705902183
SG_017288,0.5619178036194953
SG_017292,0.36567505240995435
SG_017294,0.756490980266596
SG_017296,0.07252705001320231
SG_017303,0.4573358568646779
SG_017304,0.5853696692625272
SG_017309,0.8916093946638646
SG_017311,0.5145628106903803
SG_017316,0.009716620246412478
SG_017317,0.7873485517560939
SG_017318,0.6566628903630981
SG_017323,0.6638330873473164
SG_017328,0.8340735249823954
SG_017338,0.39894207886943944
SG_017339,0.6854938269289457
SG_017347,0.5824605336930002
SG_017348,0.1930433297456026
SG_017349,0.21871080549140162
SG_017350,0.2515740921088997
SG_017354,0.3269641462320514
SG_017358,0.8852245321500557
SG_017360,0.057781818302651874
SG_017361,0.5974452282489802
SG_017364,0.8991063137605754
SG_017368,0.4033323854522387
SG_017373,0.42452389779596117
SG_017376,0.680646102504072
SG_017383,0.6128157512192403
SG_017385,0.412534301149275
SG_017391,0.5817293225829185
SG_017399,0.9532919489836873
SG_017402,0.007835786713482925
SG_017405,0.12142046031972717
SG_017406,0.36179215318333924
SG_017416,0.34607439238438686
SG_017419,0.7207937478583537
SG_017421,0.36786612745617686
SG_017423,0.7475158363751875
SG_017425,0.6797015922477533
SG_017428,0.5263970142657779
SG_017431,0.5269392134032143
SG_017432,0.8457658357692959
SG_017438,0.9741428695031441
SG_017439,0.022827241071510195
SG_017445,0.18068312502950076
SG_017448,0.09781889044183124
SG_017452,0.677102805488035
SG_017454,0.695407920498454
SG_017457,0.45460757529477547
SG_017458,0.841750123190206
SG_017464,0.6035514220485982
SG_017465,0.05552205127799771
SG_017466,0.9329698800782044
SG_017467,0.7975560023914501
SG_017475,0.156223653896292
SG_017479,0.6703220026167862
SG_017480,0.009386354219472521
SG_017481,0.5713964838955842
SG_017482,0.4684301479469857
SG_017484,0.5065203167830128
SG_017486,0.4574347245082454
SG_017501,0.2803003915361545
SG_017504,0.5232333349515691
SG_017507,0.6136157486043878
SG_017509,0.2767000414425943
SG_017513,0.4333079363931398
SG_017514,0.7779012712155958
SG_017516,0.08692236273507492
SG_017518,0.5325743678266959
SG_017521,0.6953906023873885
SG_017526,0.27232267351551875
SG_017529,0.23365155475918273
SG_017532,0.3130070843251242
SG_017535,0.3028502943863724
SG_017537,0.4470082132766237
SG_017538,0.34186060449444394
SG_017542,0.34107358355972883
SG_017545,0.8313074693281668
SG_017549,0.7098410860853936
SG_017557,0.29356926939921113
SG_017559,0.7635565630163798
SG_017560,0.2284019973720693
SG_017562,0.506375190946974
SG_017563,0.8948929824208861
SG_017565,0.24471973371313252
SG_017572,0.14754030855784034
SG_017575,0.9635791686558055
SG_017577,0.6219794817915939
SG_017578,0.2262168746421968
SG_017579,0.7620601903976248
SG_017580,0.1053452594983285
SG_017581,0.8164228770307478
SG_017589,0.6845853926771066
SG_017590,0.12723147892520714
SG_017594,0.6266797139230933
SG_017597,0.5110019286111347
SG_017604,0.5784041168693362
SG_017605,0.5532489662638342
SG_017606,0.902192513657861
SG_017607,0.5877104476052111
SG_017611,0.7177890883297109
SG_017615,0.18117220458873048
SG_017616,0.12667597709917222
SG_017617,0.5665465399134127
SG_017621,0.5024211308592745
SG_017622,0.44153064914013523
SG_017629,0.39098432648809167
SG_017630,0.09647698017073086
SG_017634,0.4602393246442108
SG_017639,0.5576488810976271
SG_017642,0.46387932160767287
SG_017646,0.9206029783844568
SG_017657,0.8274158947826367
SG_017658,0.6234792399381561
SG_017667,0.07812018906499091
SG_017673,0.8367060624531426
SG_017674,0.38041799303630053
SG_017677,0.25026965081069286
SG_017679,0.08010321342560348
SG_017683,0.38845908410053553
SG_017687,0.14446898630170024
SG_017689,0.7866130146357031
SG_017691,0.4969334064333349
SG_017693,0.6418514041656154
SG_017696,0.3832490375584089
SG_017697,0.2771860415683283
SG_017702,0.09849528117880861
SG_017703,0.8950773685554285
SG_017709,0.03077714582078052
SG_017714,0.19995306662146453
SG_017715,0.860567983727428
SG_017718,0.865459143200146
SG_017719,0.40747718593271287
SG_017728,0.7392775565788211
SG_017729,0.2971174824025803
SG_017739,0.4826175467145856
SG_017743,0.1151205043358129
SG_017745,0.1141342792420173
SG_017746,0.22583737315567537
SG_017749,0.8314170301240276
SG_017750,0.7188984899142699
SG_017754,0.15666049668645357
SG_017757,0.849111013244827
SG_017760,0.989927195490115
SG_017774,0.8839957865458823
SG_017775,0.00484877877038084
SG_017776,0.25757516732257835
SG_017777,0.7840386836572147
SG_017778,0.39956985235873876
SG_017781,0.6759678676830877
SG_017782,0.8200113217676606
SG_017789,0.40136300344274534
SG_017795,0.610816043019623
SG_017798,0.7860408199689626
SG_017811,0.489771087586242
SG_017817,0.583230476678146
SG_017819,0.5502032204744728
SG_017822,0.9232909387943252
SG_017827,0.3275394999337494
SG_017830,0.9239646162185593
SG_017832,0.4308198219692734
SG_017834,0.9492369424411111
SG_017838,0.6242326164038261
SG_017840,0.9347839659645405
SG_017847,0.3792980398724256
SG_017851,0.640315216235916
SG_017855,0.8758225293338991
SG_017862,0.005961159367310011
SG_017865,0.42171500098878933
SG_017866,0.41527187816002076
SG_017867,0.7790555537171822
SG_017878,0.6096645002550161
SG_017879,0.28929893347137076
SG_017880,0.237988854474699
SG_017881,0.09014733822481827
SG_017882,0.7963601445835158
SG_017886,0.3413819211552243
SG_017888,0.44050417092191674
SG_017889,0.5204814363465182
SG_017895,0.8044574135816336
SG_017900,0.47286071383964645
SG_017902,0.5939738589896622
SG_017907,0.9616186906280881
SG_017909,0.5482194278890674
SG_017910,0.35326410777162376
SG_017913,0.8263425731858194
SG_017914,0.7193875540883756
SG_017917,0.8103979471217964
SG_017918,0.8786855181894939
SG_017919,0.2853801059994683
SG_017920,0.5374440724813916
SG_017936,0.2589203586718453
SG_017938,0.6260094981420468
SG_017945,0.8118161084788694
SG_017947,0.4383599317038698
SG_017949,0.1926674733996808
SG_017956,0.8316550234695618
SG_017958,0.9008376728892782
SG_017960,0.35856210789240234
SG_017965,0.060015700771450534
SG_017971,0.9200612245261818
SG_017973,0.8352476785125212
SG_017978,0.8502812012573091
SG_017981,0.1437937437298157
SG_017985,0.9616458923657316
SG_017987,0.9482805635858469
SG_017991,0.8178518221859012
SG_017992,0.8692912907859498
SG_018002,0.3714997653427836
SG_018003,0.8985839321255668
SG_018005,0.11310190068628578
SG_018014,0.15476848092160556
SG_018015,0.3986836653542495
SG_018016,0.5866028207287532
SG_018017,0.8118585490907417
SG_018024,0.07924842771967451
SG_018028,0.6939779715611791
SG_018032,0.42538374963471165
SG_018033,0.5253881717081499
SG_018037,0.5929538160170307
SG_018040,0.571296396871246
SG_018042,0.33323128185012646
SG_018046,0.20022177294403068
SG_018050,0.9606167269825487
SG_018055,0.9273570209308667
SG_018056,0.7737387965734004
SG_018061,0.30803855790133866
SG_018063,0.7935140855877133
SG_018064,0.5210818263321576
SG_018067,0.4325172988003802
SG_018072,0.6160790433171914
SG_018073,0.6284818717761668
SG_018074,0.9029373368415569
SG_018076,0.8730453527222719
SG_018080,0.15886583022351564
SG_018084,0.63326831239899
SG_018088,0.6522871825885601
SG_018090,0.6198614704262992
SG_018092,0.6621313971985228
SG_018094,0.7827890575339904
SG_018096,0.19651695270424924
SG_018100,0.7390206752195018
SG_018109,0.6915643796723865
SG_018111,0.059062719423338836
SG_018120,0.6096163716954314
SG_018124,0.9272286767549824
SG_018125,0.622117920569182
SG_018130,0.7084503739014267
SG_018132,0.6144768363428135
SG_018134,0.3248714157523731
SG_018140,0.40985852298569375
SG_018144,0.08691281845795795
SG_018146,0.7153073225524602
SG_018150,0.5152073612644483
SG_018154,0.9491166950918901
SG_018155,0.40901752648123185
SG_018160,0.00709493827850532
SG_018165,0.4525818697316054
SG_018166,0.40428679703934123
SG_018170,0.40723878653309553
SG_018174,0.5279659712078224
SG_018175,0.10350903698585795
SG_018178,0.613071783778076
SG_018181,0.6490972654997968
SG_018186,0.6669089923318233
SG_018188,0.2818378623416217
SG_018195,0.15520811936115542
SG_018198,0.7851903233359575
SG_018201,0.013285156059642055
SG_018206,0.9100394519996102
SG_018208,0.369447410865322
SG_018214,0.9736478730202816
SG_018215,0.9513736995897053
SG_018216,0.7341874607677463
SG_018221,0.8667177517754346
SG_018224,0.08785631371075327
SG_018228,0.46087938581675464
SG_018229,0.05023978839106156
SG_018238,0.1430841333052252
SG_018241,0.27545705671519133
SG_018246,0.4547954165086223
SG_018247,0.2455395321628825
SG_018252,0.8593858550474368
SG_018253,0.2067110339960749
SG_018259,0.9186801187511751
SG_018261,0.06814418271887365
SG_018263,0.8565807756385734
SG_018266,0.32442989159197455
SG_018269,0.6608273720741861
SG_018270,0.1536529288647141
SG_018276,0.3312171757786658
SG_018278,0.43438076999519826
SG_018281,0.24337806657934205
SG_018282,0.3668644968577545
SG_018284,0.6598603586619237
SG_018286,0.1706231057592782
SG_018287,0.7436456219872412
SG_018294,0.10513505803145001
SG_018297,0.5726416619514265
SG_018303,0.8396685400293845
SG_018305,0.7612261914897651
SG_018307,0.05389025614630008
SG_018312,0.5051065097862039
SG_018316,0.5427648441764528
SG_018321,0.26902087025636484
SG_018322,0.25411498449212033
SG_018325,0.10983204506884729
SG_018327,0.1922365086010017
SG_018330,0.2966565003418762
SG_018334,0.6907568215495132
SG_018336,0.4458260663664641
SG_018338,0.8597435737361714
SG_018341,0.3726607736508499
SG_018342,0.5243445728448967
SG_018347,0.43192853233313216
SG_018348,0.21433104734550854
SG_018351,0.7415399230042994
SG_018360,0.9729943604623205
SG_018361,0.421752900535191
SG_018364,0.867736477383988
SG_018366,0.8939706429659526
SG_018368,0.9293382951184972
SG_018372,0.44022822754950497
SG_018379,0.41953688011601453
SG_018381,0.3875076217454786
SG_018386,0.07797317306609407
SG_018387,0.8876321952703009
SG_018388,0.748826828754013
SG_018394,0.9394568731481874
SG_018407,0.3734516933313712
SG_018410,0.17464241818091908
SG_018411,0.1329964495572294
SG_018417,0.45799403233150343
SG_018418,0.4214585060876238
SG_018420,0.46326613216685397
SG_018422,0.8785206559194614
SG_018424,0.773610459604267
SG_018426,0.18884744313036
SG_018427,0.5270812608087683
SG_018430,0.24670004103850185
SG_018433,0.5593773088310902
SG_018434,0.6856446434277479
SG_018436,0.8952896756519908
SG_018441,0.4871390513384541
SG_018442,0.37083329826509553
SG_018445,0.6507451663226961
SG_018448,0.39398411848738546
SG_018452,0.004493897884843024
SG_018455,0.601147742842761
SG_018458,0.34550190310810625
SG_018462,0.627161557779937
SG_018468,0.5123016646154642
SG_018469,0.4999453110620341
SG_018470,0.7852762320667025
SG_018471,0.43967036189566894
SG_018472,0.6462887568288231
SG_018474,0.047584932344042596
SG_018476,0.7203146044488028
SG_018481,0.7136155785222309
SG_018485,0.3375375529012511
SG_018487,0.5822537666706594
SG_018490,0.23432611553942598
SG_018491,0.18476154923194596
SG_018493,0.5470004798253758
SG_018494,0.3956185749040756
SG_018497,0.5489102305494162
SG_018501,0.33178437379686654
SG_018503,0.11652452327271984
SG_018505,0.1887782201800335
SG_018506,0.7156396076773281
SG_018510,0.688745220103363
SG_018511,0.31562674757537834
SG_018514,0.44790534717198904
SG_018519,0.5231792361734438
SG_018520,0.13795687193190614
SG_018524,0.3699217925130659
SG_018525,0.02118273181539295
SG_018526,0.24791053520616885
SG_018529,0.5977045665989544
SG_018531,0.5500563689691824
SG_018534,0.2592996720541798
SG_018536,0.47905066740121616
SG_018537,0.5549419448601427
SG_018543,0.7389664049233093
SG_018544,0.41403322554989297
SG_018547,0.24274773051413584
SG_018548,0.6062599035550787
SG_018549,0.7563143617465679
SG_018553,0.2412309827290154
SG_018555,0.7114957326072913
SG_018558,0.3884490645144271
SG_018566,0.29117139090169997
SG_018568,0.7545721728310083
SG_018569,0.050722100514134644
SG_018573,0.6265189685807439
SG_018576,0.5003742410313821
SG_018579,0.04457708504838148
SG_018587,0.3760532097090582
SG_018591,0.5533928432981445
SG_018594,0.48636324890244687
SG_018601,0.8207278370698284
SG_018603,0.5577320389032103
SG_018608,0.22497470696031963
SG_018611,0.7484108385603054
SG_018612,0.740459826598755
SG_018615,0.13747098586455536
SG_018617,0.30971984887721693
SG_018621,0.694424336351473
SG_018623,0.747281799250838
SG_018624,0.8777183029659649
SG_018631,0.38429212705171856
SG_018636,0.2477207162763957
SG_018637,0.22228219057690504
SG_018639,0.9454343177051545
SG_018644,0.2524524153086862
SG_018645,0.8677397035056733
SG_018647,0.8184283027316352
SG_018650,0.702282218111104
SG_018651,0.01579574099578202
SG_018662,0.802215544723266
SG_018663,0.4467190652818308
SG_018664,0.6310744069700007
SG_018665,0.6634033880507841
SG_018670,0.864555387799647
SG_018676,0.7479857943719326
SG_018677,0.04146646828449118
SG_018678,0.8299607774498248
SG_018680,0.3152248109353048
SG_018685,0.6368029395079129
SG_018686,0.8375536085406385
SG_018687,0.7486459290446761
SG_018688,0.21092565513921915
SG_018689,0.11556098175342477
SG_018693,0.179318143423539
SG_018694,0.32041778357650913
SG_018697,0.3331334265115018
SG_018703,0.47182388501252615
SG_018705,0.8948902502029411
SG_018709,0.017639258083166926
SG_018710,0.9768076826110655
SG_018711,0.7203089190670708
SG_018717,0.3110339204575577
SG_018721,0.5177481355563331
SG_018722,0.585165136148208
SG_018731,0.5836794836484154
SG_018733,0.6203641995904825
SG_018738,0.6082021535947119
SG_018744,0.6909281865093966
SG_018745,0.3712344173990654
SG_018748,0.3973162435417373
SG_018756,0.7376642988560498
SG_018758,0.623084054429014
SG_018761,0.1485287618486607
SG_018765,0.5736363446122258
SG_018766,0.885844943075913
SG_018767,0.3249370101822156
SG_018768,0.7572139861981905
SG_018770,0.18466838975997
SG_018779,0.2801287730024535
SG_018787,0.44711375884617155
SG_018788,0.750955539902699
SG_018789,0.6308972526557933
SG_018791,0.6871151316729378
SG_018792,0.4800438215274334
SG_018793,0.04823686687243175
SG_018798,0.9104935301543592
SG_018799,0.6301395316522809
SG_018800,0.379857012194278
SG_018803,0.35060612274903574
SG_018806,0.920188652884677
SG_018809,0.06751216705166432
SG_018811,0.45455596404557286
SG_018817,0.09426801886852085
SG_018818,0.346251175494795
SG_018821,0.14828561292551337
SG_018822,0.22284844839349868
SG_018823,0.3740171139630221
SG_018826,0.7805067898861535
SG_018831,0.25642430312690034
SG_018834,0.46144498099380726
SG_018837,0.6681799819033355
SG_018838,0.9386978783692121
SG_018842,0.7308055222883002
SG_018843,0.7257517035193343
SG_018847,0.8123590443827298
SG_018850,0.2919482663407408
SG_018852,0.5346978208738473
SG_018853,0.2086493071143719
SG_018859,0.9196867840711336
SG_018861,0.7196389997891185
SG_018875,0.3740293211534856
SG_018883,0.3464387936730917
SG_018885,0.12518241449361717
SG_018889,0.3019614077108348
SG_018890,0.5998364404849659
SG_018894,0.5325315996310286
SG_018895,0.9647456873074589
SG_018899,0.4511957166139039
SG_018901,0.9263475253110512
SG_018902,0.6515908741084889
SG_018904,0.9091253723490604
SG_018905,0.643090384278459
SG_018906,0.7818114099562617
SG_018907,0.6719369234862103
SG_018908,0.3503622364498159
SG_018915,0.680871487756098
SG_018918,0.15467248913931295
SG_018920,0.8972290683220558
SG_018924,0.4563246386011148
SG_018928,0.7246458469848338
SG_018940,0.4718843277651079
SG_018941,0.30113692178388146
SG_018942,0.49428499226300104
SG_018965,0.6987327708861042
SG_018966,0.33771887350736207
SG_018968,0.26759711452532103
SG_018970,0.8764762212577157
SG_018972,0.30808507669208807
SG_018978,0.48735773141615985
SG_018981,0.14470359728013787
SG_018984,0.2293150462563036
SG_018990,0.5607688080796669
SG_019006,0.7104949928010025
SG_019012,0.6040124510200107
SG_019014,0.6484574555958525
SG_019015,0.9560885162310393
SG_019016,0.8308242957502318
SG_019018,0.8558445642455759
SG_019019,0.20306094206893543
SG_019023,0.8652734120919883
SG_019028,0.6594256634258807
SG_019030,0.4651762973231662
SG_019036,0.7415227556936244
SG_019038,0.2824282413267521
SG_019039,0.9281978620917174
SG_019041,0.5352694344797487
SG_019042,0.262611960386012
SG_019044,0.926746721060233
SG_019051,0.28054433259126405
SG_019053,0.5982950701757493
SG_019054,0.4088020157894746
SG_019058,0.912888405236981
SG_019069,0.15096245418679688
SG_019071,0.07517428266652032
SG_019082,0.5410091553539387
SG_019083,0.2955430013287898
SG_019084,0.49115075181977663
SG_019087,0.2460906948471815
SG_019092,0.08515336923546524
SG_019098,0.5446800262156647
SG_019102,0.9816919208023767
SG_019105,0.7059603030016116
SG_019106,0.7376627703868527
SG_019109,0.15325493056193604
SG_019115,0.6533048069905882
SG_019117,0.7648628894257867
SG_019119,0.26540573808833506
SG_019120,0.6397930194143904
SG_019131,0.39199240268309216
SG_019142,0.8623220908833871
SG_019146,0.7094180882425124
SG_019147,0.47260606365499613
SG_019149,0.0734232467002992
SG_019150,0.3852997656809155
SG_019162,0.3081980502633198
SG_019167,0.3813595885821036
SG_019169,0.3632789501816834
SG_019171,0.011568704962058042
SG_019176,0.9257197668919858
SG_019184,0.3346238502353801
SG_019187,0.644929999756692
SG_019190,0.08624206576464594
SG_019197,0.5475823551561221
SG_019198,0.13971542613393473
SG_019201,0.17558451343823292
SG_019203,0.8810330947874965
SG_019204,0.508982251299235
SG_019208,0.5120638545492258
SG_019209,0.2987791325765255
SG_019211,0.16814388394932173
SG_019212,0.6014557229729258
SG_019217,0.4708553988768798
SG_019221,0.45307001603000263
SG_019222,0.7366701542928173
SG_019223,0.21835459806040136
SG_019225,0.5237180828567083
SG_019237,0.7900211251391787
SG_019244,0.6698877336239336
SG_019245,0.8737271866193352
SG_019246,0.35130698998048204
SG_019247,0.3668618712123779
SG_019248,0.36406512395813284
SG_019249,0.32449226338882037
SG_019251,0.35990919755151174
SG_019253,0.3787083004560821
SG_019254,0.08291704237886904
SG_019255,0.6712246276374774
SG_019259,0.030394800458091814
SG_019265,0.3813426353724933
SG_019266,0.29046373992704105
SG_019267,0.8859049589102711
SG_019270,0.16676110796737525
SG_019271,0.3043131703449647
SG_019272,0.5160227235118627
SG_019273,0.33303075380911384
SG_019274,0.015903870927309015
SG_019275,0.3477850215153655
SG_019276,0.13890537660008764
SG_019282,0.46807825054982316
SG_019286,0.6060039040534078
SG_019289,0.6173956352524153
SG_019295,0.8734048800448532
SG_019296,0.7949430954231657
SG_019298,0.06863311050609057
SG_019300,0.4614532892901701
SG_019302,0.9195250113360822
SG_019311,0.5309806518384598
SG_019314,0.6089273936140113
SG_019315,0.29214573007261924
SG_019316,0.7277935940987108
SG_019321,0.0808014741488553
SG_019325,0.8872828963677251
SG_019326,0.8784225541640798
SG_019328,0.1609642036659173
SG_019330,0.39389354989158126
SG_019333,0.301365853615716
SG_019336,0.5680831013006085
SG_019339,0.3306498183185165
SG_019346,0.4283876702758335
SG_019352,0.5596848150512441
SG_019358,0.8274334362415356
SG_019362,0.9265139773248008
SG_019368,0.18249054916431257
SG_019371,0.6185924649881325
SG_019373,0.9909799295647619
SG_019374,0.6662916091064691
SG_019375,0.5660020060534666
SG_019376,0.9178751257884903
SG_019386,0.4492063741789388
SG_019388,0.44015118224186195
SG_019394,0.8030131747126754
SG_019398,0.29956694017805024
SG_019408,0.42953068763320357
SG_019411,0.19880491210154677
SG_019419,0.9246024660453982
SG_019421,0.801292518525468
SG_019425,0.4317456696990386
SG_019427,0.4329694441595834
SG_019428,0.7757605139127531
SG_019431,0.09799636987245744
SG_019432,0.3710473365779174
SG_019433,0.5387822948981255
SG_019436,0.3940553462869033
SG_019437,0.9072898763846227
SG_019440,0.057288290642820705
SG_019442,0.6443792826481433
SG_019446,0.45208179237183477
SG_019447,0.19295856771558526
SG_019449,0.27938012972109244
SG_019452,0.1101901127183923
SG_019455,0.6596448702489817
SG_019456,0.3735974512503819
SG_019458,0.7183672106136931
SG_019466,0.3710629099636284
SG_019468,0.9327809844377712
SG_019470,0.43853280575070014
SG_019471,0.7071252242100542
SG_019473,0.07254272457537506
SG_019478,0.55743520641988
SG_019485,0.972761617763895
SG_019488,0.4936205159672817
SG_019489,0.44358474365326706
SG_019491,0.5773427913892525
SG_019496,0.6247318303654904
SG_019498,0.4725879147424111
SG_019510,0.8173061365421805
SG_019516,0.1716446143471469
SG_019519,0.10352981549125545
SG_019523,0.5249364255250331
SG_019527,0.3253250091690715
SG_019530,0.7357811178180695
SG_019532,0.41599745316968145
SG_019534,0.4300314376170952
SG_019540,0.7783113680465608
SG_019541,0.44514695917433383
SG_019543,0.7162669826341854
SG_019553,0.17735239895192495
SG_019558,0.2513345009694379
SG_019562,0.4986141871531642
SG_019563,0.7131389372190934
SG_019564,0.5043719169814521
SG_019567,0.3832196714668478
SG_019570,0.8776429486281909
SG_019577,0.3251917786221905
SG_019583,0.9853690995854487
SG_019585,0.8475732252518084
SG_019587,0.8905702075533442
SG_019588,0.03009192001065623
SG_019591,0.17865641719826486
SG_019593,0.26257090196864175
SG_019598,0.2171249384651774
SG_019599,0.473841620065825
SG_019602,0.9455701862055113
SG_019609,0.737081409426187
SG_019620,0.5772609653787746
SG_019621,0.4017264400914974
SG_019624,0.8586605668510487
SG_019625,0.8458633732322485
SG_019627,0.026088198201883503
SG_019635,0.13988817610014498
SG_019638,0.20584938874644365
SG_019639,0.03171895257108298
SG_019642,0.9399329284557333
SG_019645,0.4109255500376598
SG_019647,0.8991588165912436
SG_019648,0.2523005615118509
SG_019650,0.09191769262743132
SG_019652,0.48193594776520243
SG_019654,0.6951251589442096
SG_019657,0.9293715508278317
SG_019660,0.20468619635409988
SG_019661,0.17487223165672278
SG_019662,0.648599274898504
SG_019665,0.42226705094697514
SG_019666,0.716439613074253
SG_019667,0.6192603648532666
SG_019676,0.7420746206900328
SG_019679,0.9764901800552408
SG_019680,0.8572588779286658
SG_019683,0.694649814025935
SG_019689,0.40971078343470974
SG_019690,0.7264968658545063
SG_019691,0.6019431967936659
SG_019695,0.20061242907045845
SG_019698,0.2510712524699649
SG_019710,0.5065890189283144
SG_019711,0.6114635187538017
SG_019716,0.17430206691594982
SG_019724,0.33068420763114764
SG_019727,0.8115568643619753
SG_019728,0.37944368279281987
SG_019729,0.27360323326425184
SG_019733,0.9650345336664203
SG_019738,0.46578061693732786
SG_019740,0.4441268489039023
SG_019746,0.6814580348640333
SG_019747,0.8353662159526758
SG_019750,0.4314940754340772
SG_019755,0.8814348461867285
SG_019756,0.3278095319784503
SG_019761,0.21358788794950295
SG_019764,0.20421682808670305
SG_019766,0.4300841975434895
SG_019767,0.3690532926683486
SG_019769,0.59131791641482
SG_019779,0.08642692615547841
SG_019782,0.3213036647186673
SG_019783,0.5198618788297499
SG_019784,0.30398442620581395
SG_019791,0.35602075538732963
SG_019792,0.15975338337882042
SG_019793,0.908754928971236
SG_019797,0.10127889341186008
SG_019800,0.8454422418273463
SG_019801,0.5073812440764787
SG_019802,0.1752850043344764
SG_019804,0.14492452836042255
SG_019807,0.8187758446146212
SG_019809,0.5173838003330437
SG_019811,0.6267275755802251
SG_019812,0.4712661808066607
SG_019819,0.3979626708846432
SG_019828,0.4842071410357641
SG_019830,0.20761966357454634
SG_019832,0.36496693219666754
SG_019835,0.25842123700001696
SG_019838,0.32165374762269194
SG_019839,0.24929900897472004
SG_019842,0.7122259247324179
SG_019846,0.8384347687385953
SG_019849,0.01734908580408604
SG_019851,0.9630203221736967
SG_019852,0.33227270489305233
SG_019853,0.530544735428527
SG_019854,0.752165585530059
SG_019857,0.7304660789257165
SG_019858,0.9328384677242222
SG_019859,0.7841853487721888
SG_019864,0.579351446187639
SG_019865,0.4756819086810539
SG_019868,0.486231093630598
SG_019869,0.8177287631611305
SG_019873,0.2478736456945423
SG_019878,0.6478433554546872
SG_019883,0.8404313199074467
SG_019887,0.2012460560362529
SG_019888,0.14203256477112297
SG_019895,0.5397315902678996
SG_019900,0.08453028588429262
SG_019903,0.1392125217990068
SG_019906,0.7401659330636944
SG_019909,0.3706288853964287
SG_019910,0.09323748759789183
SG_019913,0.600804126048738
SG_019914,0.5932182636095629
SG_019921,0.546691544074484
SG_019923,0.4664057536924485
SG_019928,0.9234180521718829
SG_019930,0.8558064121466689
SG_019933,0.5712899735736153
SG_019939,0.36021095768923606
SG_019941,0.8814530039501132
SG_019944,0.4847168711212493
SG_019945,0.43498519545981174
SG_019947,0.10271975988443788
SG_019949,0.8467992585332227
SG_019950,0.7011710056390011
SG_019954,0.5487970211085728
SG_019955,0.7087837237209622
SG_019960,0.23099470138278302
SG_019961,0.9056199818071122
SG_019966,0.8719125599700712
SG_019968,0.6438840862815638
SG_019970,0.4389068917659216
SG_019973,0.04699131988218155
SG_019974,0.7303679742259099
SG_019976,0.5283518778604104
SG_019978,0.41166492847999914
SG_019980,0.030829979872227044
SG_019981,0.29122704738952065
SG_019983,0.7981857284406509
SG_019984,0.6766762504039014
SG_019985,0.5099876016911027
SG_019989,0.3819484040340737
SG_019994,0.6137920235301539
SG_019998,0.3253587785917549
SG_019999,0.8776200319305187
SG_020000,0.25764876316070257
