signal_id,ehtimollik
SG_000001,0.4910793089857423
SG_000007,0.5152628107617572
SG_000009,0.3869410442568046
SG_000010,0.3907765033419505
SG_000011,0.5326400463655809
SG_000018,0.5227045847648565
SG_000024,0.5457580009842928
SG_000026,0.49912192647590903
SG_000032,0.5459993243298069
SG_000033,0.4510829548690808
SG_000034,0.37423698451454274
SG_000036,0.4603578516415535
SG_000039,0.4760217242888784
SG_000048,0.4987817267725771
SG_000049,0.47187647790475984
SG_000050,0.6073648303082885
SG_000053,0.456443336654764
SG_000054,0.5910948477877352
SG_000055,0.5022097364380201
SG_000058,0.4663433368135278
SG_000059,0.4899962630201599
SG_000061,0.5327910362427098
SG_000062,0.517199573081962
SG_000072,0.49420143857365595
SG_000073,0.4719103784937282
SG_000075,0.5187336734644008
SG_000080,0.5794319174865176
SG_000081,0.5469925469581648
SG_000083,0.5016089623209049
SG_000086,0.5471682697059129
SG_000087,0.5328037457443137
SG_000092,0.5891516974012534
SG_000099,0.545978443007651
SG_000100,0.4261437600142712
SG_000105,0.44153805137865426
SG_000106,0.543237865039841
SG_000107,0.37436982026262233
SG_000118,0.49773972966657215
SG_000120,0.4412574866678991
SG_000125,0.4606193436554226
SG_000129,0.4300918497049905
SG_000137,0.5020166062005589
SG_000146,0.5179749007183466
SG_000147,0.550930522586438
SG_000149,0.5335766564226458
SG_000153,0.5470084412702197
SG_000161,0.5777001296034092
SG_000163,0.4364912798945633
SG_000165,0.5490855480065884
SG_000173,0.4563920128461804
SG_000178,0.49983502741228164
SG_000179,0.41214170120128585
SG_000187,0.5817428704583093
SG_000192,0.43093713133679384
SG_000193,0.4969681651415916
SG_000195,0.4593910534814183
SG_000196,0.45953830394602796
SG_000201,0.5285015399966076
SG_000203,0.47030818723859164
SG_000205,0.5762054042224334
SG_000207,0.5237760306869964
SG_000211,0.5206819544673508
SG_000214,0.47755456308152405
SG_000217,0.4635987680758458
SG_000218,0.5785888976316865
SG_000219,0.4935410431674561
SG_000227,0.45462971665186386
SG_000229,0.5292707778117358
SG_000232,0.47259324111001755
SG_000240,0.3887894902250207
SG_000242,0.5661044111653172
SG_000244,0.4685974871553871
SG_000246,0.46264339893776235
SG_000250,0.4955423455517903
SG_000253,0.5326405608128773
SG_000262,0.5096468223817539
SG_000269,0.6051542367221355
SG_000270,0.4333109427871066
SG_000271,0.6053714132032575
SG_000284,0.5654778939796364
SG_000286,0.52315087382685
SG_000287,0.38771758463796074
SG_000290,0.578232680105933
SG_000291,0.4535300158847447
SG_000301,0.4850857953257283
SG_000302,0.5764653898667665
SG_000304,0.43697023607610475
SG_000306,0.46875842271534035
SG_000309,0.5588705632836848
SG_000314,0.5872954499323324
SG_000319,0.6137938329840891
SG_000320,0.4457463961749039
SG_000321,0.5063995458761763
SG_000325,0.5501145498296464
SG_000328,0.48021051280593136
SG_000329,0.47878193382390033
SG_000333,0.5299217122099936
SG_000334,0.6011753866603443
SG_000335,0.4560689953899426
SG_000339,0.45256564676869615
SG_000341,0.48146608184780815
SG_000345,0.538755350773897
SG_000347,0.4403157525129136
SG_000349,0.5276334630199536
SG_000350,0.6283903955858062
SG_000351,0.36210409142602534
SG_000357,0.4781589207674574
SG_000360,0.5687283859429993
SG_000366,0.5501871291244087
SG_000368,0.5431489395587853
SG_000370,0.48465391430040805
SG_000378,0.4751895932178306
SG_000386,0.5317314784897225
SG_000394,0.4619103656581097
SG_000395,0.3761522014746967
SG_000397,0.563609905333517
SG_000398,0.530935151051684
SG_000401,0.5490475406751852
SG_000402,0.5173021974777628
SG_000414,0.5846301731758475
SG_000415,0.3774894713797524
SG_000419,0.5328287198948005
SG_000420,0.5145500437840239
SG_000422,0.6080699558982466
SG_000425,0.4054689655947412
SG_000430,0.3777208490886379
SG_000431,0.4147398358428574
SG_000435,0.4568436386369754
SG_000436,0.5852180586822273
SG_000440,0.4871139998336852
SG_000444,0.41385992627334606
SG_000450,0.5174404878435037
SG_000452,0.4907893050113143
SG_000454,0.43383754926569185
SG_000460,0.5576419532839592
SG_000462,0.4545121902902849
SG_000471,0.4153160699638378
SG_000474,0.5236708356501452
SG_000475,0.5385360332669954
SG_000476,0.4309247627956544
SG_000480,0.48956957692530384
SG_000482,0.5811575920670242
SG_000484,0.5514906121183617
SG_000487,0.5586344093002983
SG_000488,0.5560693679740801
SG_000494,0.5053331441894322
SG_000496,0.4900731924741585
SG_000497,0.3577539925060074
SG_000498,0.446418633654998
SG_000501,0.4838438995041839
SG_000506,0.41077218028852425
SG_000511,0.45750977897209816
SG_000513,0.467329088422004
SG_000524,0.4452782588200987
SG_000526,0.568121785914638
SG_000527,0.4434099878474684
SG_000530,0.4792803277456534
SG_000535,0.49616322621547193
SG_000536,0.4776359471885432
SG_000551,0.41142472464085406
SG_000561,0.6000547860547192
SG_000563,0.6584035781967358
SG_000567,0.5760391718765889
SG_000572,0.5333724078251093
SG_000580,0.5033906647971914
SG_000583,0.499961644756669
SG_000585,0.584274437114512
SG_000588,0.5132608637725113
SG_000591,0.5087439233522985
SG_000593,0.46499919664058426
SG_000594,0.4711933995620863
SG_000598,0.3915381356110575
SG_000603,0.43109860837688924
SG_000610,0.42081234329406036
SG_000614,0.5465355647418974
SG_000615,0.5226634468383944
SG_000616,0.397561431557996
SG_000617,0.43218699839326885
SG_000619,0.5315179686023326
SG_000621,0.6004701301308308
SG_000629,0.5548256059269551
SG_000633,0.48497664328621304
SG_000634,0.524352870721044
SG_000638,0.497732876273243
SG_000640,0.40976885200142055
SG_000643,0.5292695721223901
SG_000646,0.5912128175739509
SG_000648,0.49278975277760334
SG_000657,0.4122148118939743
SG_000662,0.4751065945270406
SG_000665,0.401918047290809
SG_000666,0.5262552549150099
SG_000672,0.5441683182126886
SG_000674,0.5006271164332151
SG_000677,0.42833845127041104
SG_000678,0.5449154077290197
SG_000679,0.4059840685544471
SG_000691,0.41799856512280276
SG_000692,0.4548713890338143
SG_000693,0.4946307793285879
SG_000695,0.5665818868529048
SG_000696,0.4722216938630523
SG_000698,0.42764592992743333
SG_000706,0.44607363608420764
SG_000709,0.43189463837912373
SG_000713,0.5046832197032212
SG_000716,0.5387451826744524
SG_000717,0.4605620047180636
SG_000719,0.5343673741149153
SG_000722,0.549658447866763
SG_000727,0.4687885990998083
SG_000734,0.567731494748113
SG_000737,0.4175762804203464
SG_000739,0.4675405677363172
SG_000742,0.5386517538523631
SG_000743,0.47226250037883233
SG_000750,0.45479657821537883
SG_000751,0.5665627190239738
SG_000759,0.5538266906959706
SG_000762,0.5045892294223983
SG_000764,0.5313111135493231
SG_000768,0.40806418196278715
SG_000769,0.5298526652132391
SG_000770,0.47905931153901543
SG_000788,0.5434935920230879
SG_000790,0.45209052457943755
SG_000797,0.4150125799910278
SG_000798,0.4754931766433956
SG_000799,0.5481059783473139
SG_000802,0.5722917492535873
SG_000803,0.6421613051844962
SG_000809,0.40017607915988146
SG_000811,0.41186181631740465
SG_000812,0.5412334552918342
SG_000816,0.5406294404769986
SG_000817,0.47227889956119606
SG_000820,0.4152370194130428
SG_000821,0.42922619495117215
SG_000826,0.5787959976105329
SG_000840,0.5338662761561966
SG_000849,0.5292681525082821
SG_000851,0.47195250131798044
SG_000856,0.38950042395143236
SG_000857,0.48908684603636365
SG_000864,0.3337942883359424
SG_000865,0.41587807807683397
SG_000875,0.5475136148881089
SG_000883,0.46413978879753715
SG_000888,0.4517126388736455
SG_000889,0.5215730603523174
SG_000890,0.5294663564180193
SG_000891,0.5247830705326393
SG_000903,0.5124384210503414
SG_000907,0.4383360552475695
SG_000909,0.42399613483962595
SG_000910,0.5555311303519822
SG_000911,0.5186125559140523
SG_000912,0.4576457405076079
SG_000913,0.47180325339707463
SG_000917,0.50601961394776
SG_000920,0.5189574546553686
SG_000928,0.40416633924132017
SG_000934,0.3520046621475474
SG_000935,0.5427673288399553
SG_000938,0.516683980934555
SG_000940,0.3877843994814652
SG_000943,0.5075278864312106
SG_000945,0.5050640459232083
SG_000946,0.48760106295230304
SG_000948,0.5838578223895433
SG_000950,0.38954386026609095
SG_000954,0.4922865733196283
SG_000959,0.5353644853264791
SG_000963,0.4866909861226655
SG_000965,0.48188208419007905
SG_000968,0.5657929400689823
SG_000970,0.5270986661098719
SG_000973,0.44478602928247385
SG_000975,0.46678610138746385
SG_000977,0.4497603583394326
SG_000980,0.531878481668823
SG_000981,0.5014806260098837
SG_000985,0.49806146993823475
SG_000987,0.5565215169584973
SG_000988,0.4945725164627455
SG_000990,0.47508532624931993
SG_000991,0.5608997283097489
SG_001002,0.4572481941193055
SG_001004,0.601349553872463
SG_001009,0.4995949275252143
SG_001010,0.465915524376419
SG_001014,0.5329428396957209
SG_001023,0.5059062841312375
SG_001027,0.39849924911904366
SG_001028,0.5259256447784834
SG_001030,0.4817379202496621
SG_001031,0.5761753786140785
SG_001032,0.5567160122638696
SG_001042,0.467057262446513
SG_001048,0.4552592760324795
SG_001049,0.42118634586829706
SG_001052,0.43306283796693357
SG_001058,0.46256801402884734
SG_001060,0.41305301644272
SG_001066,0.5128444775648829
SG_001067,0.5000186307943374
SG_001070,0.4871518912576446
SG_001071,0.4339752484789002
SG_001075,0.31705162376728097
SG_001076,0.4941854062925344
SG_001078,0.4862662201361205
SG_001081,0.5096686809624227
SG_001085,0.42165812443571066
SG_001086,0.49062645573273334
SG_001100,0.43645675615874513
SG_001101,0.4259191286038528
SG_001102,0.6450324517198895
SG_001106,0.4267621686078051
SG_001107,0.3424015221097298
SG_001108,0.5012771653040374
SG_001109,0.524248919600709
SG_001111,0.5858101899843153
SG_001117,0.5890341808337032
SG_001121,0.42007775069547226
SG_001123,0.4969276728032541
SG_001125,0.5528962928160079
SG_001126,0.5901360363936028
SG_001128,0.4123734529982804
SG_001133,0.4558829519212082
SG_001135,0.519925432087756
SG_001143,0.645198670816073
SG_001153,0.3662756319451877
SG_001155,0.48893510843310456
SG_001157,0.5020598401586805
SG_001159,0.4841456530746408
SG_001161,0.5615105652984795
SG_001163,0.634321261437829
SG_001167,0.5612676496328396
SG_001180,0.46379565498587294
SG_001181,0.5824936267618462
SG_001182,0.4660893475592978
SG_001184,0.554684524961045
SG_001188,0.42920964053723254
SG_001190,0.511712093842125
SG_001192,0.5330567360979763
SG_001196,0.5842215414217284
SG_001201,0.5104082073216092
SG_001202,0.3829053718272643
SG_001203,0.5242049844531175
SG_001205,0.5162935610835425
SG_001208,0.5356543884667938
SG_001210,0.49288371969139194
SG_001211,0.49786173853842586
SG_001213,0.5855765190251389
SG_001215,0.4724827668407969
SG_001217,0.5523488699592779
SG_001225,0.5903461941882509
SG_001226,0.5063894171806168
SG_001229,0.4554223920631691
SG_001230,0.4660519964161616
SG_001236,0.4796451332905139
SG_001237,0.3356893850683192
SG_001243,0.5916859567272316
SG_001245,0.42624080415764376
SG_001248,0.2619537325634203
SG_001252,0.40943899906399833
SG_001255,0.6145702893332355
SG_001257,0.524399782338721
SG_001262,0.4884958021757135
SG_001264,0.49003555592773357
SG_001267,0.4522879328668448
SG_001279,0.29944606210854574
SG_001285,0.4984573380543218
SG_001287,0.4041705004462948
SG_001293,0.5273968333443687
SG_001296,0.5693579591871704
SG_001298,0.4751370379361917
SG_001303,0.43901664964914766
SG_001305,0.379794093247371
SG_001306,0.44272276794544974
SG_001309,0.48708465105296495
SG_001312,0.4970866945593239
SG_001313,0.4674909387433992
SG_001314,0.38932576668137653
SG_001316,0.4684925607363498
SG_001318,0.39402473750041656
SG_001319,0.4937325457640102
SG_001321,0.5823870896795369
SG_001322,0.5671776349540066
SG_001327,0.5023212350103471
SG_001331,0.44680596243707726
SG_001335,0.4344714158012664
SG_001336,0.44510266500267887
SG_001349,0.5389776752102661
SG_001350,0.5128272129243377
SG_001352,0.5627569205935619
SG_001354,0.4775131865478098
SG_001361,0.4349730045511537
SG_001362,0.5624452672180541
SG_001364,0.4929009548487581
SG_001374,0.5247145229748168
SG_001389,0.4583457961343236
SG_001390,0.3333846851130142
SG_001395,0.5886622827187322
SG_001397,0.5148304775086344
SG_001401,0.4931759453080765
SG_001402,0.5067253270209149
SG_001405,0.45839390588812856
SG_001412,0.5369667320406772
SG_001415,0.5283431851678991
SG_001419,0.46706132415684337
SG_001421,0.4934201104664088
SG_001423,0.48844564739266594
SG_001432,0.5160888787800358
SG_001433,0.3464492307605275
SG_001441,0.5875915606447377
SG_001446,0.5960397909446149
SG_001447,0.39711951724468936
SG_001448,0.4066666173568155
SG_001453,0.3680645767752942
SG_001458,0.49421121978955096
SG_001465,0.48947703454419167
SG_001469,0.5507219519653797
SG_001470,0.5696356481380352
SG_001472,0.4902083495207674
SG_001476,0.49916654199016236
SG_001478,0.5954726699838813
SG_001480,0.5885303463822528
SG_001484,0.4050375271762411
SG_001487,0.5963286412156296
SG_001493,0.5146435807328319
SG_001494,0.5189565419421268
SG_001500,0.49461529524812414
SG_001505,0.5295751370061229
SG_001506,0.43234579575111254
SG_001510,0.39161810450914
SG_001514,0.5427286199529473
SG_001520,0.43433389993073124
SG_001525,0.6225759374302949
SG_001527,0.4741427821908986
SG_001528,0.4350280130945003
SG_001529,0.3819753591664407
SG_001531,0.5308280471864935
SG_001541,0.49486291127513377
SG_001542,0.4802507255647352
SG_001543,0.5244096046903199
SG_001545,0.49904219386831117
SG_001549,0.5636675191794708
SG_001557,0.1952396301796377
SG_001558,0.5842395644742224
SG_001561,0.5432960363554677
SG_001562,0.4536224850981128
SG_001563,0.5594500909409057
SG_001567,0.5407510121756417
SG_001568,0.5283699018381306
SG_001569,0.43795060285156184
SG_001570,0.4733006958538215
SG_001571,0.44715324407159507
SG_001572,0.554982334268416
SG_001573,0.4433665685394567
SG_001576,0.5652941669421896
SG_001584,0.5262168967828553
SG_001590,0.42584775190783375
SG_001591,0.32937512387692125
SG_001592,0.479963635470349
SG_001595,0.3890114350929984
SG_001601,0.5254254556844353
SG_001604,0.5723347978835577
SG_001609,0.5388770393663231
SG_001610,0.5112192241546119
SG_001612,0.4276741032151934
SG_001613,0.5300787735523043
SG_001615,0.44324650234045715
SG_001623,0.45670373310015716
SG_001624,0.461881401124462
SG_001631,0.4933357190225927
SG_001634,0.48463748436374643
SG_001636,0.5919673335255567
SG_001638,0.4878283770521675
SG_001647,0.5640419610758723
SG_001650,0.5126702691229246
SG_001653,0.5396137489171057
SG_001654,0.6283427247465507
SG_001658,0.5947046444952034
SG_001663,0.502673341114715
SG_001667,0.5235075581344726
SG_001668,0.4758771726701459
SG_001670,0.5098544255338598
SG_001683,0.4523266822896394
SG_001686,0.5565385930011694
SG_001688,0.5313604613256718
SG_001689,0.4110048252128404
SG_001698,0.5380442545916733
SG_001704,0.5713494976265063
SG_001711,0.547488600617547
SG_001719,0.3790076972746193
SG_001720,0.4160598907147404
SG_001723,0.6112686556247364
SG_001726,0.5433584824973917
SG_001728,0.5189243779743379
SG_001731,0.4729813173920499
SG_001733,0.5470142570929774
SG_001734,0.43820025746251906
SG_001735,0.6181464794562663
SG_001737,0.5992759124412311
SG_001738,0.5236863864130116
SG_001739,0.5291395066673084
SG_001740,0.53270879605858
SG_001744,0.5212093015811788
SG_001745,0.480584887905005
SG_001750,0.46020990351471186
SG_001751,0.44694085823302193
SG_001761,0.5315500267014303
SG_001767,0.4170709688513924
SG_001768,0.572373505667334
SG_001769,0.5074674599486362
SG_001776,0.6248732850814505
SG_001786,0.12168522900512757
SG_001788,0.5124565373201982
SG_001789,0.4913275720170177
SG_001790,0.411062233744469
SG_001791,0.5518448824963883
SG_001792,0.5104758725104864
SG_001793,0.4944191496343774
SG_001796,0.4887708880980815
SG_001797,0.515121550428266
SG_001803,0.42911380416903355
SG_001804,0.46191696556933026
SG_001806,0.4488631452614076
SG_001811,0.467841807345994
SG_001815,0.5695688550727516
SG_001819,0.40264137578490844
SG_001824,0.4731675476113433
SG_001825,0.5802879869003245
SG_001827,0.4197503752048946
SG_001830,0.4707815875401415
SG_001831,0.36246231761439796
SG_001833,0.5673073573225177
SG_001836,0.43435238259781384
SG_001844,0.527888863474851
SG_001846,0.5287573843765702
SG_001847,0.5013646012163946
SG_001848,0.6201553086346586
SG_001849,0.5450912030129954
SG_001851,0.421014463526127
SG_001858,0.5621853634266109
SG_001860,0.4218086209140765
SG_001862,0.5265179995227687
SG_001864,0.4760009671287889
SG_001865,0.49046770776207294
SG_001867,0.44016101250072026
SG_001872,0.3131864511555303
SG_001876,0.489139254527054
SG_001877,0.5176326477391123
SG_001883,0.5156802725098306
SG_001884,0.5292814840598894
SG_001885,0.5312200850046306
SG_001886,0.5453991957406528
SG_001888,0.4786250326330363
SG_001890,0.5688450490178045
SG_001892,0.5102387698898673
SG_001893,0.5792237060361748
SG_001894,0.5213707717333932
SG_001895,0.5169641148090508
SG_001897,0.5239463844150871
SG_001901,0.5422652478152146
SG_001903,0.5439717710951271
SG_001904,0.4301520167464301
SG_001906,0.45916175969191314
SG_001909,0.5398933360424933
SG_001912,0.47865727564265775
SG_001914,0.4492311603756225
SG_001915,0.45577672252170337
SG_001919,0.5844985144557797
SG_001924,0.5310672401503178
SG_001925,0.4015321638496168
SG_001928,0.47071830359593814
SG_001930,0.4983269769583101
SG_001932,0.44864066877677183
SG_001933,0.45879667548929925
SG_001934,0.3830397269797999
SG_001936,0.5052648969793445
SG_001947,0.45238014966178636
SG_001953,0.5581208801275988
SG_001954,0.4840599931299933
SG_001955,0.589266937442225
SG_001963,0.532502103772393
SG_001971,0.6051945416605253
SG_001975,0.4979377470460402
SG_001976,0.575971892840306
SG_001977,0.5698209643796768
SG_001980,0.4807351862883589
SG_001981,0.5221045023975712
SG_001982,0.499479798920146
SG_001990,0.48474299525452286
SG_001999,0.5189114229585219
SG_002000,0.5043034498119808
SG_002002,0.603807508555244
SG_002004,0.4531155268644624
SG_002008,0.5297460152211109
SG_002009,0.5197126525735185
SG_002016,0.5386252627312499
SG_002021,0.5177450977242037
SG_002024,0.5223931014262418
SG_002027,0.5205911982201323
SG_002037,0.57656266364896
SG_002038,0.5491589748351813
SG_002039,0.4955973379710738
SG_002044,0.5318516818977582
SG_002045,0.43430817928120347
SG_002048,0.38032740737466186
SG_002050,0.4650126444012214
SG_002052,0.5058731077500688
SG_002063,0.4738747174889692
SG_002067,0.5470982414987466
SG_002068,0.3982881933302993
SG_002069,0.46134051646488256
SG_002074,0.4724370168325468
SG_002075,0.5167839979845319
SG_002078,0.39773462566262135
SG_002081,0.48056712885362374
SG_002090,0.4958075149395176
SG_002097,0.4926342274722044
SG_002103,0.5299025855938152
SG_002105,0.5287453754137599
SG_002110,0.4148407888917575
SG_002122,0.4373906327078305
SG_002123,0.3466330965015728
SG_002125,0.6111713387101403
SG_002129,0.5431845349268339
SG_002131,0.5435090058075825
SG_002137,0.5419952234994931
SG_002142,0.5202765496562534
SG_002150,0.44701651530179665
SG_002151,0.5104561492447133
SG_002152,0.560597109024186
SG_002166,0.4772462799144254
SG_002171,0.4998958686531142
SG_002172,0.47361449528645483
SG_002176,0.44870169768968116
SG_002177,0.50339119432964
SG_002181,0.6413304938660732
SG_002184,0.5174110090780772
SG_002185,0.6425696214916725
SG_002186,0.38641297243407624
SG_002191,0.42371771878413517
SG_002192,0.4810732611358065
SG_002194,0.4579889870225822
SG_002200,0.5416210117546076
SG_002209,0.5109669921055808
SG_002213,0.4308020709332404
SG_002220,0.5924255429551077
SG_002223,0.5148823413427638
SG_002227,0.38149040414500324
SG_002228,0.4703020111157943
SG_002233,0.4546234966313222
SG_002241,0.5426218617815739
SG_002248,0.5745586625039197
SG_002251,0.4535104802629011
SG_002252,0.5321974850633622
SG_002254,0.5372206443982138
SG_002255,0.5552250055126068
SG_002260,0.5504944299008241
SG_002262,0.46381463457766436
SG_002263,0.3776345221892588
SG_002266,0.4716509065901619
SG_002270,0.3601118591205586
SG_002277,0.5218717427584796
SG_002278,0.3251498438870397
SG_002280,0.47980594581012354
SG_002281,0.3764739532296396
SG_002283,0.495554448140862
SG_002284,0.5699012032686516
SG_002286,0.4367838302816447
SG_002288,0.4397100702441158
SG_002291,0.5062047642281429
SG_002292,0.47267506295304956
SG_002294,0.5247752282789924
SG_002296,0.5033547225286494
SG_002298,0.4686836604250245
SG_002301,0.47415000447912475
SG_002304,0.5020133860198227
SG_002311,0.5967603792424863
SG_002319,0.5273725595381227
SG_002320,0.4307859286493429
SG_002322,0.5160610554478063
SG_002324,0.4343590979930672
SG_002328,0.57432675762507
SG_002332,0.49970695633292656
SG_002341,0.5974734380077786
SG_002346,0.5669957682357492
SG_002347,0.42743103952842987
SG_002352,0.5657077996044485
SG_002357,0.5423992164802424
SG_002361,0.4363391798378859
SG_002370,0.3871590376636882
SG_002371,0.45380807093405956
SG_002372,0.45541683161430785
SG_002373,0.39969888631879286
SG_002374,0.377775383627189
SG_002375,0.4792026493152743
SG_002381,0.5003344942347276
SG_002385,0.3494464524909866
SG_002387,0.5114140778590847
SG_002390,0.6068594528036458
SG_002391,0.4593498572056876
SG_002392,0.4328945434950617
SG_002394,0.5659845696710689
SG_002396,0.4396219531759542
SG_002401,0.5831862963428952
SG_002402,0.45272453180743627
SG_002404,0.5668701161735807
SG_002407,0.51040583928607
SG_002410,0.5984941669553325
SG_002419,0.5582771980024017
SG_002421,0.5183350428663913
SG_002422,0.4635218099607938
SG_002423,0.6035856965718935
SG_002429,0.4533185924183659
SG_002430,0.501925643924346
SG_002434,0.5269005914199372
SG_002437,0.5451566097680152
SG_002442,0.5866430147552695
SG_002444,0.3444961154071369
SG_002447,0.5017652547252434
SG_002448,0.4031534032969054
SG_002450,0.5773877269904927
SG_002453,0.4485727146586403
SG_002454,0.59986467176338
SG_002455,0.5242325620217788
SG_002456,0.45771182502653984
SG_002458,0.5504908679734155
SG_002459,0.3698046394365663
SG_002460,0.4629709471711217
SG_002462,0.3520214454401721
SG_002464,0.4980786828591898
SG_002466,0.6034546357055846
SG_002475,0.5443962783622591
SG_002477,0.5250201823178446
SG_002479,0.4488157432837632
SG_002482,0.48793444644513234
SG_002483,0.5466152877803545
SG_002486,0.48201029745726887
SG_002490,0.5581064175147133
SG_002493,0.4285429417161256
SG_002495,0.50546509335187
SG_002498,0.40121008227174376
SG_002500,0.46786022677705436
SG_002502,0.5052016196079415
SG_002507,0.4349496452331881
SG_002509,0.4866808432347693
SG_002517,0.4691687926649392
SG_002520,0.4210015728012887
SG_002522,0.4671613796419411
SG_002526,0.5510376916985539
SG_002529,0.41405541524643746
SG_002532,0.40950292078542516
SG_002539,0.3591501502886468
SG_002541,0.4535771818284208
SG_002544,0.44728012393516126
SG_002545,0.47356067438757693
SG_002546,0.43927120827908833
SG_002548,0.5089031914699099
SG_002555,0.5692252552072892
SG_002559,0.47176609449975604
SG_002568,0.35988449346978063
SG_002572,0.5539223294965454
SG_002573,0.40356735011322664
SG_002577,0.5056960201186664
SG_002580,0.4944562039257213
SG_002583,0.5211604142353603
SG_002586,0.39628924471591553
SG_002587,0.6474280569246602
SG_002588,0.4862990845736136
SG_002594,0.37192068751634927
SG_002596,0.41679886675197636
SG_002597,0.41518332734731056
SG_002599,0.4982740431593665
SG_002600,0.46646633996325493
SG_002601,0.45668835505181143
SG_002605,0.5235200193803023
SG_002613,0.5036320987027469
SG_002615,0.4745267526248637
SG_002618,0.44946646037874266
SG_002622,0.4241880878002609
SG_002627,0.47498113613642173
SG_002628,0.45512513918301517
SG_002630,0.47528488810216846
SG_002633,0.4608264684650447
SG_002638,0.4191147527837408
SG_002649,0.5643124844565479
SG_002650,0.4969329059748051
SG_002652,0.5584930542450445
SG_002653,0.5481160570844981
SG_002654,0.49688213289933236
SG_002657,0.5604357087228621
SG_002664,0.4547130432705665
SG_002665,0.4812719367394877
SG_002666,0.4972430717438551
SG_002667,0.5308945558650895
SG_002672,0.46599528601023366
SG_002673,0.5788691856673002
SG_002674,0.5212502530518878
SG_002675,0.4538309926179216
SG_002680,0.617844427105768
SG_002684,0.5266335857233184
SG_002688,0.5795891249445604
SG_002689,0.4851905969105069
SG_002691,0.3955372922876317
SG_002693,0.5481363724183295
SG_002699,0.5314424503546636
SG_002701,0.5488226789042105
SG_002705,0.5016452746246376
SG_002720,0.42481167022927413
SG_002731,0.4669067622764734
SG_002733,0.44677750852319786
SG_002735,0.44363663294133926
SG_002736,0.6238422310103112
SG_002738,0.4347991159745211
SG_002742,0.4848667666985638
SG_002746,0.38070864177243735
SG_002748,0.4545534111246503
SG_002752,0.5368603845741438
SG_002755,0.4032057027480942
SG_002757,0.5181915949859609
SG_002759,0.5269066846046666
SG_002767,0.46635955474021096
SG_002770,0.5249085061533492
SG_002773,0.4979489026941777
SG_002777,0.5921502480043203
SG_002782,0.37873894552461956
SG_002783,0.5296697088571041
SG_002785,0.49718128764005143
SG_002788,0.6066326140238675
SG_002789,0.54287683464057
SG_002793,0.46708676653210707
SG_002796,0.5198675112243091
SG_002798,0.4373767394324079
SG_002809,0.49744291692223896
SG_002814,0.5085769221654154
SG_002820,0.5454200262741254
SG_002825,0.49342264695956156
SG_002827,0.5964477186091961
SG_002829,0.48401441474658985
SG_002832,0.4406130077944535
SG_002834,0.4035040964235309
SG_002840,0.5039387243801128
SG_002842,0.5010611826749353
SG_002843,0.46471982643033943
SG_002849,0.5551804258778509
SG_002850,0.392358329942261
SG_002853,0.4637210458177686
SG_002875,0.5430992019924358
SG_002882,0.505096020154328
SG_002887,0.5586996095577528
SG_002891,0.5557812659326175
SG_002896,0.43375836081642716
SG_002904,0.5217075931476327
SG_002906,0.5108486427000903
SG_002907,0.4999852922710795
SG_002910,0.4727198461859676
SG_002918,0.4555183568817046
SG_002926,0.43771529204549386
SG_002930,0.46993446809992495
SG_002932,0.3956785234442706
SG_002937,0.509476012575244
SG_002939,0.4939721274742269
SG_002943,0.5108965128514945
SG_002944,0.4602026539450846
SG_002947,0.4927493367671971
SG_002949,0.4406897511465462
SG_002950,0.3971653256138867
SG_002952,0.48128051295909563
SG_002954,0.5842885393914025
SG_002955,0.5255861548885951
SG_002958,0.5372943245024416
SG_002960,0.48837375091427304
SG_002964,0.5504405008703771
SG_002967,0.5411363739084385
SG_002972,0.6215982208257637
SG_002982,0.6310388561763565
SG_002985,0.6138439850819533
SG_002989,0.5469413920366356
SG_002999,0.4004109389135741
SG_003002,0.54506165896544
SG_003008,0.4925711878713915
SG_003023,0.38833718465260475
SG_003024,0.44799432548263357
SG_003026,0.506465860198909
SG_003028,0.5328134314949112
SG_003030,0.42564187201537873
SG_003031,0.5141440231293837
SG_003037,0.38891887716777684
SG_003042,0.3893162499301716
SG_003043,0.3697764170107242
SG_003044,0.5602052207616104
SG_003045,0.38484833841254085
SG_003048,0.48048203773828974
SG_003049,0.46375810998949624
SG_003051,0.45343453793928895
SG_003052,0.4460965880927731
SG_003059,0.5726137531118183
SG_003062,0.35537172905352654
SG_003065,0.4657456871644678
SG_003067,0.3889599412066794
SG_003071,0.4376107246401318
SG_003072,0.5028999985958504
SG_003073,0.46863781992770653
SG_003075,0.4959097202467105
SG_003080,0.5339691400159182
SG_003082,0.4777153547748447
SG_003084,0.45387612001878946
SG_003085,0.4694196847413702
SG_003088,0.5628265175194697
SG_003089,0.4913625029391394
SG_003096,0.45391579875577936
SG_003097,0.5563384113108576
SG_003102,0.4551452066569235
SG_003105,0.5635544155429199
SG_003107,0.3310351988116293
SG_003111,0.42793188860390724
SG_003116,0.49095628222464976
SG_003118,0.5728399857907956
SG_003125,0.3888288810055143
SG_003127,0.4971886992370374
SG_003133,0.5560206835083759
SG_003135,0.7096168704683714
SG_003137,0.5030200317671971
SG_003138,0.46480413970932427
SG_003139,0.5570805991143987
SG_003141,0.5450632911406282
SG_003144,0.5457076109701731
SG_003151,0.5441017549579212
SG_003154,0.5052499455406798
SG_003158,0.48581870760908874
SG_003160,0.48786051595978
SG_003164,0.5580843360405121
SG_003168,0.4485119719017166
SG_003169,0.5027446513384185
SG_003174,0.2986134095517322
SG_003179,0.5128861559448904
SG_003184,0.5012098270905908
SG_003186,0.4370865429457561
SG_003193,0.4339970316219105
SG_003196,0.42394438816694
SG_003198,0.5289630764586021
SG_003201,0.5040187613189846
SG_003204,0.5091663478984373
SG_003205,0.5204156989024691
SG_003206,0.40309735451362266
SG_003211,0.5350437424948175
SG_003214,0.47295515729685433
SG_003215,0.4233716438331041
SG_003216,0.5003369482164648
SG_003217,0.4727879127566798
SG_003219,0.4513205236680513
SG_003226,0.560309873277312
SG_003227,0.48873368276061124
SG_003230,0.5264958042475067
SG_003231,0.5289161775746049
SG_003232,0.5760633311254588
SG_003234,0.4979419474271733
SG_003239,0.5515747315333088
SG_003241,0.6155450316518382
SG_003243,0.49289722273640163
SG_003250,0.4490792671273651
SG_003253,0.5199321985558821
SG_003256,0.39534242812703196
SG_003259,0.5042295642400654
SG_003266,0.568286870902751
SG_003272,0.534618851126859
SG_003273,0.5288273592097873
SG_003281,0.46675798214083186
SG_003284,0.4792386680189416
SG_003288,0.4664993604412582
SG_003293,0.4773234169495225
SG_003294,0.5352312122783243
SG_003295,0.511201041088506
SG_003296,0.4115398349317447
SG_003301,0.4747878683622709
SG_003304,0.4904913378856868
SG_003305,0.5658122239068506
SG_003307,0.5101928226958841
SG_003310,0.5655144927462192
SG_003314,0.5452884796784617
SG_003321,0.43689854103815196
SG_003325,0.4654890173976544
SG_003328,0.5014364254992166
SG_003331,0.5105709274619239
SG_003332,0.5620680206268848
SG_003333,0.5784551561049337
SG_003340,0.5213706532002379
SG_003341,0.5878055465954708
SG_003342,0.49663293889716753
SG_003349,0.5473883624600822
SG_003355,0.5837292512317486
SG_003357,0.5762698347741679
SG_003361,0.3997227385741663
SG_003370,0.6310321917880923
SG_003371,0.49378054323118103
SG_003373,0.5289213719134165
SG_003374,0.5391494949336239
SG_003379,0.5561153895812916
SG_003388,0.4982289349360344
SG_003389,0.5052422574770574
SG_003390,0.3632505650064688
SG_003391,0.5758176575624437
SG_003392,0.48542300154148454
SG_003393,0.5701229603735342
SG_003397,0.385956496602761
SG_003398,0.41781312972584117
SG_003399,0.5829390043688888
SG_003402,0.44263585181769177
SG_003404,0.5740490104895182
SG_003407,0.5247419422558678
SG_003408,0.48019865178435545
SG_003422,0.37025860288232193
SG_003426,0.5082773923378382
SG_003430,0.4277511309783476
SG_003434,0.45630402155229266
SG_003437,0.5257391740671149
SG_003439,0.49646475007192364
SG_003440,0.454615860676536
SG_003441,0.2998318681310428
SG_003444,0.5241793950755772
SG_003447,0.5402035482211386
SG_003452,0.47236130253563813
SG_003453,0.5960724685031028
SG_003464,0.5508224243935493
SG_003469,0.5085644565991936
SG_003475,0.507811631564532
SG_003477,0.5107585590503283
SG_003479,0.5461912134641267
SG_003480,0.456263721338364
SG_003482,0.5478828928347665
SG_003483,0.5408144639682374
SG_003485,0.4872129004601215
SG_003486,0.551212634760477
SG_003489,0.3816951969260599
SG_003491,0.4825431632438417
SG_003492,0.5276341734793575
SG_003493,0.43124132929633924
SG_003501,0.5550455497430481
SG_003505,0.5465835620128465
SG_003509,0.5398259423791686
SG_003517,0.44517550323173144
SG_003521,0.474346428212621
SG_003526,0.3891417189193743
SG_003528,0.43014763665510447
SG_003532,0.37189533349450254
SG_003535,0.40852748404972306
SG_003538,0.38871051575112336
SG_003541,0.46364640294417403
SG_003545,0.6114335274424635
SG_003548,0.46721400659364026
SG_003549,0.5311165432174813
SG_003554,0.4327510219691067
SG_003557,0.5676163245436863
SG_003566,0.5533700126348087
SG_003568,0.4958180352511955
SG_003572,0.46357103534204996
SG_003575,0.5483564827551645
SG_003578,0.4686369393987931
SG_003584,0.5038980621380327
SG_003585,0.3938789202710078
SG_003588,0.5266988252415269
SG_003589,0.4833696064471363
SG_003594,0.4206439807766662
SG_003597,0.5386475084176947
SG_003598,0.4763018916145097
SG_003601,0.5566659247339153
SG_003603,0.6074687494316441
SG_003610,0.5215613404009897
SG_003611,0.44522330083859457
SG_003613,0.5653363951983469
SG_003618,0.4330817268440949
SG_003619,0.4748643154864684
SG_003620,0.4286702303582234
SG_003625,0.5289535946708527
SG_003627,0.49913762505703585
SG_003628,0.5014991356023284
SG_003629,0.3943536635557347
SG_003637,0.583686400438873
SG_003648,0.36291878557964186
SG_003650,0.5436021848120828
SG_003666,0.5051034026648678
SG_003668,0.5594206789835111
SG_003670,0.4181537512234387
SG_003671,0.3612080649632811
SG_003689,0.5454339283202537
SG_003691,0.43261868898556743
SG_003699,0.5744434659109944
SG_003702,0.4460060054188323
SG_003704,0.44719128950996223
SG_003705,0.5657537345942915
SG_003706,0.52511292660425
SG_003708,0.48017188911268993
SG_003710,0.383982589258607
SG_003711,0.43908771069269564
SG_003714,0.5058058698924431
SG_003715,0.5359707726412125
SG_003722,0.5441914496019808
SG_003745,0.5180946868832058
SG_003746,0.4431246436219398
SG_003751,0.47020372847642294
SG_003754,0.5207226209649088
SG_003757,0.41971781396479513
SG_003758,0.48769783348613593
SG_003765,0.4069864664568372
SG_003767,0.42035845947306344
SG_003768,0.3811759053465838
SG_003769,0.41014652590220774
SG_003777,0.4990168919807346
SG_003783,0.3951266742910201
SG_003786,0.48066209777411306
SG_003787,0.47929786930496127
SG_003788,0.4209639132758061
SG_003792,0.49054953539967894
SG_003795,0.45383372382549797
SG_003806,0.5271390968798856
SG_003807,0.563154225212519
SG_003809,0.5071102256912582
SG_003810,0.48482893157300144
SG_003812,0.5335073466966105
SG_003820,0.5129072305831534
SG_003822,0.5556279478671733
SG_003829,0.5451968304149375
SG_003835,0.4254581358013937
SG_003843,0.610717265435928
SG_003844,0.5061246630023523
SG_003851,0.33119566603806433
SG_003852,0.5312219526685816
SG_003856,0.4628652117160751
SG_003860,0.5242836763718435
SG_003863,0.4173302936718949
SG_003865,0.5012394941462873
SG_003868,0.5430984006458557
SG_003869,0.4312049465934077
SG_003874,0.47052999986181204
SG_003878,0.49651395681350524
SG_003880,0.6453030520561868
SG_003881,0.4883957396549125
SG_003886,0.47761380448736845
SG_003896,0.38840693217081723
SG_003904,0.5051820381728841
SG_003905,0.5643190125438249
SG_003906,0.3516147929496062
SG_003907,0.40976344270429643
SG_003908,0.4827254762506404
SG_003910,0.5760662992495132
SG_003917,0.436798266853594
SG_003919,0.5600352391732907
SG_003920,0.4533011188842172
SG_003921,0.4929025218906785
SG_003922,0.5492052018236775
SG_003925,0.4489285999471335
SG_003926,0.49169082819171406
SG_003935,0.4808107114956529
SG_003937,0.3679690850776896
SG_003940,0.43006368822304164
SG_003941,0.4440645277235606
SG_003945,0.5920458297097295
SG_003951,0.5809832237324634
SG_003958,0.4937239515278759
SG_003959,0.4150538727302638
SG_003961,0.552674596084705
SG_003966,0.4963795516480154
SG_003967,0.45340637649280363
SG_003969,0.49258243856308426
SG_003972,0.5038153397022381
SG_003977,0.49579400543742463
SG_003978,0.43047629128023396
SG_003979,0.5553872581693425
SG_003988,0.4698400931437887
SG_003992,0.5579458229826304
SG_003994,0.4329650861115979
SG_003995,0.4701057332251651
SG_004001,0.5106326861335361
SG_004002,0.4331243577576735
SG_004011,0.36555049765282177
SG_004012,0.4496795982477499
SG_004016,0.5616966940516843
SG_004019,0.5277526838544259
SG_004034,0.48376073799723573
SG_004036,0.47983273524866643
SG_004041,0.5719492975816362
SG_004042,0.546776511782789
SG_004045,0.46514449401963864
SG_004048,0.5958690564389814
SG_004049,0.40392490622920274
SG_004050,0.5834197595913228
SG_004054,0.5315090029569526
SG_004060,0.519542099900379
SG_004063,0.4663236082248364
SG_004064,0.4700294598280738
SG_004065,0.5037783406796704
SG_004066,0.5765142509439507
SG_004071,0.48729849771594114
SG_004074,0.5063529773116251
SG_004078,0.5242645326798886
SG_004079,0.37448023137423814
SG_004080,0.5743085625881914
SG_004081,0.6243614228390302
SG_004083,0.5649388791402739
SG_004087,0.5266218415908488
SG_004089,0.46249925949080534
SG_004091,0.45680985934899243
SG_004093,0.5046348066520052
SG_004094,0.5908803870868867
SG_004100,0.4531851713571422
SG_004107,0.41096623147196104
SG_004109,0.3827867371053639
SG_004110,0.503703315826011
SG_004111,0.5029768989545439
SG_004123,0.47058536719955507
SG_004126,0.48266402929858265
SG_004127,0.3587288925638532
SG_004129,0.5235932650999153
SG_004130,0.4281376736461578
SG_004131,0.5205774856958926
SG_004136,0.41064342139772275
SG_004140,0.5098526408485897
SG_004149,0.3740363301270552
SG_004152,0.5653416590924433
SG_004155,0.49338482489861324
SG_004157,0.5230211089912429
SG_004163,0.4971943657917384
SG_004164,0.4339945624156325
SG_004168,0.502713968734138
SG_004170,0.5443433133860428
SG_004171,0.5167208772127485
SG_004174,0.5648825586394663
SG_004175,0.4619498586432452
SG_004178,0.466975366426099
SG_004181,0.5247924799011248
SG_004184,0.5063394656310312
SG_004186,0.49566498348617927
SG_004187,0.5537666176130013
SG_004191,0.4713221988391244
SG_004192,0.5782763839704662
SG_004197,0.5391542629894897
SG_004201,0.47150115432069206
SG_004204,0.5473644970414427
SG_004207,0.5407020493109161
SG_004209,0.5981149953622312
SG_004214,0.509790706970802
SG_004218,0.469352683243704
SG_004220,0.43391091973560186
SG_004223,0.38857527611391274
SG_004224,0.46207185031919207
SG_004225,0.5627112492728256
SG_004228,0.5475565929073669
SG_004229,0.3553179074945417
SG_004230,0.49077881470307066
SG_004235,0.5503374218889492
SG_004238,0.5040601117290584
SG_004239,0.6233972158634354
SG_004244,0.551185775100659
SG_004253,0.5419686254644334
SG_004256,0.4552191539944939
SG_004257,0.4703225778288893
SG_004258,0.4346002309492138
SG_004262,0.5760121652807647
SG_004263,0.5609764670843158
SG_004265,0.35527365522504234
SG_004268,0.46619926873859646
SG_004269,0.5517344979946008
SG_004271,0.3671579521085499
SG_004286,0.48569118577210824
SG_004289,0.40614427610104675
SG_004290,0.48449581034470623
SG_004291,0.5414218084188992
SG_004297,0.49694154617694297
SG_004300,0.5241716768676102
SG_004302,0.598197437566894
SG_004305,0.49165326491833955
SG_004306,0.362003448922123
SG_004312,0.5650100796474931
SG_004313,0.482066022195368
SG_004315,0.559253857650049
SG_004320,0.4294230934579147
SG_004321,0.5643058157747455
SG_004322,0.49992538523157887
SG_004325,0.5231789662983775
SG_004326,0.5402440509794815
SG_004339,0.46270240411268715
SG_004342,0.4900716086740355
SG_004347,0.5402928483144464
SG_004348,0.5508473236551912
SG_004349,0.5533296536601255
SG_004350,0.5563064182450587
SG_004357,0.4112122958899815
SG_004358,0.50071950596147
SG_004359,0.46662152039987803
SG_004362,0.4928798248506962
SG_004365,0.4847193603880699
SG_004368,0.5486527559199715
SG_004369,0.5551097526917195
SG_004370,0.4501025002113258
SG_004378,0.380237566674163
SG_004379,0.44145901938368975
SG_004388,0.5333786920154476
SG_004390,0.5271034409439503
SG_004391,0.37143216964984177
SG_004401,0.4718675168025377
SG_004404,0.5277812532053605
SG_004405,0.45873610239905305
SG_004406,0.4344348406372828
SG_004408,0.3514730495986093
SG_004415,0.5521784392916492
SG_004417,0.4324040883766162
SG_004419,0.5417123484871529
SG_004420,0.5648772864379901
SG_004422,0.408235956534697
SG_004423,0.4465163155311906
SG_004426,0.5214692445018354
SG_004427,0.37509172517092176
SG_004429,0.4980446799864834
SG_004432,0.5270357339124716
SG_004439,0.5925167424728784
SG_004445,0.501312531617146
SG_004447,0.5218507752103146
SG_004448,0.4128780677206032
SG_004451,0.57942351858366
SG_004457,0.4752985349106952
SG_004458,0.15995266843920025
SG_004460,0.5000243617709769
SG_004461,0.5527661673145742
SG_004462,0.41251005291361736
SG_004464,0.4886329684529746
SG_004465,0.4743452072336791
SG_004469,0.4877305681545126
SG_004474,0.48605057567370996
SG_004475,0.42597364112347885
SG_004476,0.43657148373667404
SG_004477,0.4627410868597629
SG_004480,0.5644289830178733
SG_004482,0.5706752403575224
SG_004484,0.5278260685737914
SG_004486,0.43584294151695335
SG_004494,0.5404257449206573
SG_004504,0.4703793774732452
SG_004508,0.4358495126758894
SG_004509,0.4883501678648933
SG_004511,0.4986845170070582
SG_004514,0.5803227882956835
SG_004515,0.5091684127403892
SG_004518,0.553507119964843
SG_004521,0.3167500905220899
SG_004526,0.5398666769423814
SG_004530,0.5411385361345215
SG_004534,0.5164078167877943
SG_004536,0.4993020226967232
SG_004538,0.4360130114517738
SG_004539,0.4606209855159661
SG_004541,0.5112998248557709
SG_004549,0.553449905198342
SG_004552,0.4679442865194729
SG_004553,0.43431708626516674
SG_004556,0.4930361733095702
SG_004559,0.4387356155570818
SG_004562,0.44215902687272524
SG_004565,0.6986443154252794
SG_004568,0.48176834787676237
SG_004576,0.43403540365831594
SG_004577,0.45526206710559464
SG_004593,0.5951123838321075
SG_004594,0.511917278535606
SG_004600,0.5670695175766862
SG_004602,0.539181292593834
SG_004608,0.5290064822042174
SG_004609,0.4843000845716466
SG_004612,0.3707657824020388
SG_004614,0.46221541634651553
SG_004617,0.4511999087309069
SG_004620,0.47383123639813396
SG_004623,0.48593515087955214
SG_004626,0.5494355724120435
SG_004631,0.5766922665957451
SG_004632,0.3999331463742251
SG_004633,0.5298040694050278
SG_004635,0.4250744614328721
SG_004637,0.5189771019360574
SG_004638,0.5872111049214688
SG_004641,0.5504981893080204
SG_004645,0.45156203495226366
SG_004652,0.47190041841162783
SG_004653,0.4498863620233956
SG_004655,0.6301446169731105
SG_004656,0.5108221878694275
SG_004658,0.4603770441066495
SG_004659,0.470013738547926
SG_004662,0.5355915596905815
SG_004664,0.5345124600875606
SG_004668,0.582817815954112
SG_004669,0.48108386563976124
SG_004672,0.5516865897961444
SG_004676,0.5121579434264316
SG_004682,0.42861508565541745
SG_004685,0.5430971506790856
SG_004689,0.43270813070621217
SG_004695,0.47149049546870503
SG_004697,0.4762688377875917
SG_004700,0.5738411532317608
SG_004701,0.5232857151957739
SG_004709,0.49214650503819585
SG_004710,0.5359706850304745
SG_004712,0.4147068178775275
SG_004716,0.5231155688380181
SG_004720,0.5261652524142387
SG_004721,0.335423419906341
SG_004723,0.4342476181017503
SG_004731,0.532179572244301
SG_004736,0.5186052008410816
SG_004737,0.44842375819433955
SG_004738,0.3692071210399139
SG_004739,0.5642563368505081
SG_004742,0.5064029469035485
SG_004751,0.5980651088936718
SG_004753,0.3923659531376263
SG_004755,0.5466814647801521
SG_004757,0.47773981397813325
SG_004760,0.4483811384748649
SG_004761,0.5207164968990756
SG_004762,0.4994594977475709
SG_004763,0.5381950662349736
SG_004764,0.5445315614235673
SG_004766,0.5342221136199738
SG_004769,0.5503784590707288
SG_004772,0.4136332134504729
SG_004773,0.5407235118116247
SG_004782,0.5079380325114778
SG_004784,0.571698192245845
SG_004786,0.5836847795390689
SG_004787,0.37009899197591034
SG_004789,0.36328822590709103
SG_004797,0.5773735285408875
SG_004798,0.37991082038538704
SG_004799,0.5825928404073876
SG_004801,0.5318541608609011
SG_004804,0.48655966825309027
SG_004813,0.4496756680881138
SG_004816,0.5395858983882604
SG_004817,0.47253344648556733
SG_004818,0.5049689990601627
SG_004821,0.4572915901685051
SG_004827,0.5557521669251673
SG_004828,0.4987504142912998
SG_004829,0.48796377717470024
SG_004830,0.5074396271749778
SG_004831,0.5070363110119248
SG_004836,0.3782706523467487
SG_004840,0.4022472312202784
SG_004842,0.54374073573264
SG_004844,0.4596678809369934
SG_004846,0.5507630484313932
SG_004853,0.4530327481827267
SG_004855,0.5906349342726911
SG_004856,0.4690294462286946
SG_004866,0.40369390144708284
SG_004867,0.3567341311420962
SG_004868,0.5631732097656845
SG_004873,0.520431594904433
SG_004877,0.5333155051728528
SG_004881,0.4818359868401448
SG_004882,0.5105797328912935
SG_004887,0.5300753639507814
SG_004898,0.5809644484031292
SG_004900,0.580718031498999
SG_004906,0.6111382627512115
SG_004907,0.4396203592460911
SG_004912,0.5730303986765719
SG_004913,0.39893690281898253
SG_004919,0.41956149716320046
SG_004922,0.46095452265441295
SG_004923,0.5270169233137482
SG_004925,0.612755965682133
SG_004927,0.5152406648272303
SG_004929,0.5505913992562389
SG_004930,0.447696570793862
SG_004939,0.4677742601202854
SG_004942,0.47503078577994434
SG_004944,0.5615911171604724
SG_004945,0.4335218277115756
SG_004959,0.3769249258206729
SG_004960,0.4986554642887247
SG_004964,0.41967107119218344
SG_004968,0.5650126058532216
SG_004969,0.48693425924479633
SG_004973,0.5737011277837024
SG_004975,0.4962907542673113
SG_004981,0.5224694834797788
SG_004985,0.49027922923196254
SG_004988,0.5976548927655226
SG_004990,0.4043469451610636
SG_004993,0.5431656000393422
SG_004997,0.49401303483530284
SG_005000,0.3591080221935837
SG_005002,0.5067941775321707
SG_005004,0.5572319537651136
SG_005011,0.5413120017883062
SG_005013,0.40240834524620606
SG_005018,0.39630410686201517
SG_005019,0.47970280804342863
SG_005020,0.4853645420443161
SG_005022,0.4893995966948414
SG_005027,0.4941004959202178
SG_005029,0.4591445860903835
SG_005030,0.376700748529385
SG_005031,0.4526334039522076
SG_005033,0.25910722896965277
SG_005037,0.34790465384077907
SG_005041,0.4547128943510988
SG_005048,0.4950773345977574
SG_005049,0.5116684519341343
SG_005052,0.4678679835713285
SG_005057,0.4687824962856518
SG_005058,0.5183441116447096
SG_005062,0.49923309597608584
SG_005080,0.5242883697552756
SG_005085,0.5466719758891194
SG_005086,0.5301063337914583
SG_005089,0.5750721443961455
SG_005090,0.3880595042182945
SG_005091,0.5652643559575117
SG_005094,0.5033783313196317
SG_005097,0.557132096876202
SG_005098,0.44189092348156445
SG_005100,0.5195321882869689
SG_005101,0.5556892653061273
SG_005102,0.4990701814505026
SG_005108,0.6103869541592106
SG_005110,0.524049072959194
SG_005114,0.42566438495858017
SG_005120,0.3824299547797763
SG_005122,0.5519127043224583
SG_005123,0.5054753017999164
SG_005126,0.5900488905262501
SG_005131,0.4166483293789972
SG_005132,0.4337938120501991
SG_005134,0.537923524476275
SG_005137,0.4956762219766699
SG_005140,0.5403482671397273
SG_005141,0.5294838594113624
SG_005142,0.48695169639954766
SG_005143,0.5071513606492364
SG_005148,0.4785772357139711
SG_005161,0.4363319641051014
SG_005168,0.5578552230543335
SG_005170,0.4293421417493546
SG_005171,0.44796736502408
SG_005174,0.48649209294829204
SG_005175,0.4455724035759454
SG_005178,0.5542718160136497
SG_005179,0.45958112657391326
SG_005188,0.5503955734918208
SG_005190,0.5831320497754436
SG_005191,0.5436990174514497
SG_005194,0.4647107482346361
SG_005196,0.5322024370194366
SG_005199,0.48699942198985274
SG_005200,0.41219401285162904
SG_005203,0.5182929025687397
SG_005205,0.5484520833478077
SG_005213,0.4503517763389384
SG_005214,0.523550986626848
SG_005216,0.6040061818080624
SG_005220,0.4297003017878071
SG_005224,0.35735306292876484
SG_005228,0.47775062802241297
SG_005233,0.4417905743493146
SG_005235,0.4919607139045225
SG_005240,0.40407785640858324
SG_005241,0.5869127102385049
SG_005246,0.5546301009292616
SG_005247,0.3982595445438291
SG_005248,0.4693100237068717
SG_005250,0.5466459590658723
SG_005251,0.5116362327410782
SG_005253,0.45840446297137
SG_005255,0.4503944903679811
SG_005264,0.4444145776401496
SG_005268,0.43135541286158813
SG_005270,0.4850426041252589
SG_005277,0.5182877876768631
SG_005282,0.3542377149627318
SG_005283,0.5435417920206016
SG_005284,0.5023791834788941
SG_005287,0.5625497242037772
SG_005289,0.4684117969791602
SG_005291,0.5247057902072707
SG_005292,0.5501566921292221
SG_005296,0.49295426464656317
SG_005302,0.542031686664348
SG_005305,0.5859563028715707
SG_005311,0.4988524720965443
SG_005312,0.5200228883329597
SG_005313,0.47919064102587916
SG_005316,0.42153961123454764
SG_005320,0.5109082162949141
SG_005321,0.5694822313140455
SG_005322,0.5820607380830813
SG_005323,0.48482608660210186
SG_005325,0.516298350976002
SG_005328,0.5423719944230161
SG_005329,0.6119482390618857
SG_005332,0.5556445843503177
SG_005333,0.5322762111704583
SG_005335,0.3992510635401787
SG_005340,0.48072556613558015
SG_005341,0.36500404702248124
SG_005346,0.4359313337548729
SG_005350,0.5923617683375282
SG_005351,0.46890540355962035
SG_005353,0.47749423525295465
SG_005356,0.3108306040414493
SG_005360,0.508359109808938
SG_005362,0.5057527315160669
SG_005363,0.484808410603651
SG_005365,0.5167342411054238
SG_005371,0.461301121888626
SG_005372,0.5157985097397995
SG_005376,0.5373566207424666
SG_005378,0.47667050671528904
SG_005379,0.48441261751120146
SG_005380,0.5634409138326811
SG_005384,0.5393418117851811
SG_005386,0.5645126275138771
SG_005387,0.5637199998687341
SG_005397,0.4874038690095728
SG_005401,0.4920492704783683
SG_005408,0.5167339535964487
SG_005412,0.3685243861720011
SG_005414,0.5183775912715367
SG_005421,0.5211924015849392
SG_005424,0.38586911905125393
SG_005428,0.4895947692034709
SG_005432,0.4777123137601125
SG_005439,0.5783889809808046
SG_005444,0.5664301128676981
SG_005445,0.5670246205553282
SG_005446,0.45217812932577256
SG_005447,0.5682848383726654
SG_005449,0.395930963883899
SG_005450,0.4649125242095075
SG_005451,0.5720471710823215
SG_005452,0.5389051435802432
SG_005456,0.5135298997579287
SG_005457,0.44527168317106103
SG_005459,0.3960371071412198
SG_005460,0.4746212130077745
SG_005465,0.5709647558039603
SG_005466,0.5592060216026611
SG_005470,0.4515473220708653
SG_005473,0.5464515689538856
SG_005477,0.520420957907957
SG_005486,0.4815637331109312
SG_005489,0.4740605833497656
SG_005491,0.5233681278537341
SG_005496,0.5474853819383243
SG_005497,0.5454814191177563
SG_005499,0.36703139447645766
SG_005503,0.483496744443322
SG_005504,0.4387379236107329
SG_005506,0.4641168800144977
SG_005510,0.3829791924283711
SG_005511,0.44552518057054685
SG_005515,0.3956194801938549
SG_005518,0.5373764717406971
SG_005519,0.5906913152366465
SG_005524,0.544210002994157
SG_005529,0.526276911601407
SG_005530,0.4831727155624488
SG_005531,0.4924862430518467
SG_005532,0.31854487618153793
SG_005534,0.4345904668788644
SG_005535,0.8167868462355248
SG_005541,0.5202625318167488
SG_005542,0.5000571363968371
SG_005550,0.3590408301854119
SG_005555,0.5139045992655469
SG_005557,0.44920797607392593
SG_005565,0.46289145152414746
SG_005569,0.5975840037658974
SG_005572,0.3846040874317191
SG_005575,0.5189850379201376
SG_005579,0.5855981174993226
SG_005580,0.5467477229788751
SG_005583,0.4684434234008864
SG_005591,0.5857440277011616
SG_005592,0.4395030821772989
SG_005593,0.5986658628006952
SG_005594,0.5376680033362932
SG_005599,0.5198255388910195
SG_005603,0.5854330169234044
SG_005606,0.4750368827384974
SG_005611,0.39920640431521437
SG_005615,0.5728944301327675
SG_005622,0.5004384163802067
SG_005625,0.6296621198646766
SG_005630,0.43786279536002604
SG_005634,0.5489341599828252
SG_005635,0.4655406730381375
SG_005636,0.5309470292060621
SG_005638,0.531571490892191
SG_005640,0.4823598556963523
SG_005643,0.4433070386760977
SG_005644,0.5984232221005013
SG_005645,0.4537642751655731
SG_005650,0.547823229901116
SG_005654,0.5506063614311976
SG_005655,0.43546855783783756
SG_005656,0.5071752533316257
SG_005661,0.6153060332189834
SG_005664,0.5241443943214797
SG_005666,0.5045874281704278
SG_005671,0.4612850195131497
SG_005681,0.4913546981357152
SG_005683,0.5393868957864467
SG_005687,0.5149834026607591
SG_005688,0.555770694891374
SG_005691,0.5460766475179383
SG_005692,0.5103799215037332
SG_005693,0.5341842313751619
SG_005694,0.5866564554696403
SG_005696,0.5645099025226228
SG_005703,0.5939291914859495
SG_005704,0.5732119126682553
SG_005706,0.45591038045693866
SG_005707,0.5877568151587514
SG_005713,0.6011216943352413
SG_005715,0.3863173117275969
SG_005719,0.5587088530302907
SG_005722,0.4142852546415509
SG_005724,0.5946719279397977
SG_005725,0.500415406947487
SG_005726,0.4798219267230542
SG_005730,0.5584091036653699
SG_005735,0.40314638019189253
SG_005736,0.6126976207607904
SG_005740,0.5518717072259649
SG_005748,0.5723880061196984
SG_005750,0.48642513201476184
SG_005753,0.6029192804663173
SG_005758,0.3042562753403609
SG_005759,0.5166607952376607
SG_005764,0.45035086840387933
SG_005765,0.3617540133153572
SG_005772,0.48830366099590433
SG_005773,0.3863396515743038
SG_005776,0.4169960372005914
SG_005778,0.4869951187795107
SG_005784,0.489518272305262
SG_005786,0.5164096507743019
SG_005789,0.5579456943840371
SG_005794,0.4898407238443712
SG_005796,0.42841525180961376
SG_005801,0.38213120759963537
SG_005807,0.4456575201220798
SG_005809,0.5691986032214349
SG_005811,0.5367411425424695
SG_005813,0.3322753564384988
SG_005814,0.5592060720806036
SG_005817,0.4300462165457242
SG_005818,0.39654967912811767
SG_005820,0.5045270485826585
SG_005821,0.5169824851718686
SG_005824,0.5137263945068933
SG_005825,0.42377880190117095
SG_005827,0.42230912911025287
SG_005828,0.5131413927764394
SG_005830,0.5918995125843116
SG_005838,0.5339450969981799
SG_005840,0.5310569602660022
SG_005842,0.4921105662700231
SG_005846,0.44070406309195626
SG_005847,0.41952773229119916
SG_005848,0.4880859715379295
SG_005857,0.5473156988302393
SG_005861,0.4673307700929055
SG_005862,0.5456137677417351
SG_005871,0.5292899185572614
SG_005872,0.5304249718495687
SG_005873,0.4334074996673594
SG_005874,0.4922085711541956
SG_005875,0.5186920023232597
SG_005877,0.4445950063137539
SG_005880,0.5157269359063389
SG_005884,0.43241517390587936
SG_005892,0.5359940893610612
SG_005894,0.48244980125727877
SG_005898,0.5420355181244217
SG_005899,0.4813651128576217
SG_005905,0.5295653294616754
SG_005909,0.5358948731637434
SG_005910,0.4917174517660597
SG_005920,0.5784657283347785
SG_005921,0.49650044247683706
SG_005922,0.4906238339575846
SG_005925,0.5555563883225664
SG_005928,0.5244258112074133
SG_005932,0.41707168609329714
SG_005934,0.5314227403927297
SG_005935,0.5040754639848478
SG_005937,0.5048204245686329
SG_005939,0.48856618911144223
SG_005943,0.563534756272694
SG_005951,0.47947584091992995
SG_005955,0.5849165802522022
SG_005959,0.5900821431855063
SG_005966,0.48579014445689556
SG_005967,0.5312394563385614
SG_005969,0.5224330728644255
SG_005976,0.52218318209183
SG_005977,0.5352637794848071
SG_005979,0.5723494123207526
SG_005980,0.477662108272772
SG_005985,0.5520454807167583
SG_005986,0.5461578101290866
SG_005991,0.5812817162243938
SG_005999,0.3791302747028032
SG_006000,0.48067732372583394
SG_006004,0.4965373617081067
SG_006009,0.5661449707914125
SG_006012,0.4364547548364539
SG_006013,0.4342261368184107
SG_006022,0.5163015920952141
SG_006023,0.47900840421123064
SG_006026,0.514624749078533
SG_006028,0.5038015585673491
SG_006029,0.5352532449043479
SG_006033,0.5003739970736947
SG_006035,0.5453233928442971
SG_006036,0.605297139754273
SG_006038,0.5644535650370409
SG_006039,0.5600327332132176
SG_006041,0.5621902669095569
SG_006047,0.41752254450759085
SG_006049,0.4344297235869537
SG_006050,0.5317347813386107
SG_006054,0.3523318435468568
SG_006063,0.4742112720205868
SG_006067,0.572079972345461
SG_006069,0.49726722249049865
SG_006073,0.519534596174383
SG_006074,0.4891119356867115
SG_006075,0.4709071115584912
SG_006076,0.49844995815498755
SG_006077,0.566564340486187
SG_006079,0.4750801120656637
SG_006081,0.37887729912133467
SG_006086,0.6227095594290766
SG_006092,0.4008325586731996
SG_006095,0.5498236621065253
SG_006097,0.5129572090397022
SG_006099,0.5454974514467843
SG_006101,0.5430548739546719
SG_006112,0.5158355347089087
SG_006122,0.5119116950006714
SG_006127,0.5778730058945668
SG_006131,0.40381811419410923
SG_006133,0.5083868683921162
SG_006136,0.6863143318568543
SG_006137,0.5586553242675423
SG_006140,0.4717949049040762
SG_006143,0.4856994618643937
SG_006148,0.42134585822390097
SG_006150,0.503804440267215
SG_006151,0.533796412270804
SG_006154,0.4997673570250788
SG_006161,0.42183861987729643
SG_006163,0.5003379336262279
SG_006169,0.46590488343572456
SG_006170,0.48777462734946425
SG_006179,0.41554015428603697
SG_006181,0.4636852864470086
SG_006184,0.47867736084341367
SG_006187,0.45356122210577043
SG_006189,0.5868558497179291
SG_006197,0.4233227924889313
SG_006202,0.3662748743074868
SG_006206,0.5309382226981413
SG_006212,0.4365145108182848
SG_006213,0.41825884997530083
SG_006218,0.48746295187225874
SG_006222,0.4915540758179751
SG_006224,0.49970867309100764
SG_006225,0.6673579662433361
SG_006226,0.582165412932529
SG_006229,0.5404032420459114
SG_006237,0.5885098109306782
SG_006238,0.478004431828913
SG_006240,0.4137541138718742
SG_006241,0.35882066892280484
SG_006242,0.498188373973707
SG_006244,0.5243355551167816
SG_006245,0.41436313678954806
SG_006247,0.46701584063328644
SG_006250,0.4140135346128016
SG_006251,0.5114223852664904
SG_006252,0.525564658942696
SG_006254,0.5018694301147223
SG_006256,0.5635226713453658
SG_006260,0.575281056927615
SG_006262,0.5502541505159909
SG_006263,0.5286832039932569
SG_006264,0.37741618771591184
SG_006266,0.5964736759074606
SG_006269,0.5714769568183814
SG_006275,0.5838652186526805
SG_006277,0.452049056735871
SG_006283,0.45799218982225415
SG_006284,0.40821246794400906
SG_006287,0.5850813362196315
SG_006288,0.49547248121875065
SG_006300,0.4620472417262973
SG_006301,0.4462786932101355
SG_006304,0.4364414272552086
SG_006306,0.48397404991825277
SG_006313,0.49375294850385615
SG_006315,0.5194151381492947
SG_006317,0.49265848259511535
SG_006320,0.5423170714167772
SG_006322,0.5669072624016408
SG_006326,0.42292733519801246
SG_006328,0.5413361817230512
SG_006331,0.4748686670710893
SG_006337,0.5042214667362035
SG_006340,0.4543109248762593
SG_006345,0.5422077281685878
SG_006348,0.3558258134943734
SG_006349,0.4197824364057913
SG_006356,0.5334311536032103
SG_006357,0.43958151382029814
SG_006358,0.4750575856490581
SG_006360,0.5803126078675364
SG_006371,0.49128980045069587
SG_006373,0.5342743451745731
SG_006380,0.5111990560212194
SG_006382,0.5233299050670331
SG_006388,0.440032190450184
SG_006393,0.4493393774785419
SG_006394,0.5151065027635159
SG_006396,0.4601150573808092
SG_006398,0.47001678048930845
SG_006400,0.4956701384778056
SG_006403,0.3750901291735013
SG_006404,0.45302620300386204
SG_006411,0.48574526619299196
SG_006417,0.5465533828301159
SG_006418,0.5480548695120265
SG_006420,0.5126685808580755
SG_006421,0.5086611096968618
SG_006423,0.5452999776032612
SG_006424,0.48888218106708603
SG_006429,0.5385604939883458
SG_006435,0.43214201385058665
SG_006438,0.47597861648841233
SG_006439,0.49232638329536194
SG_006441,0.5117851235968836
SG_006445,0.3896279856417849
SG_006446,0.4562284548821671
SG_006448,0.5371993287898603
SG_006451,0.43772226057353647
SG_006452,0.5868924140725116
SG_006455,0.5240794189003319
SG_006463,0.5300432258309917
SG_006467,0.4367515873109952
SG_006469,0.5115576516105037
SG_006470,0.5162022214014195
SG_006477,0.43893196446357413
SG_006480,0.5026287762310133
SG_006486,0.595379282110507
SG_006487,0.4014513074724158
SG_006488,0.6069777528148662
SG_006490,0.5624822698943653
SG_006491,0.42690890448381147
SG_006493,0.3340205817177153
SG_006494,0.4868883747134795
SG_006496,0.38290524845596463
SG_006497,0.6007749306328145
SG_006498,0.5788090836951376
SG_006500,0.5322609730921106
SG_006502,0.338860404270228
SG_006503,0.5451428614965754
SG_006505,0.5646463472298572
SG_006506,0.4869982779816156
SG_006507,0.46889793553465037
SG_006512,0.40506514658475756
SG_006516,0.495207255887756
SG_006520,0.4346226282253974
SG_006522,0.40435720484758386
SG_006528,0.5315848908830094
SG_006534,0.430974144435508
SG_006535,0.43811860731171187
SG_006536,0.3450377959049142
SG_006537,0.5097530745026303
SG_006539,0.5200786258609554
SG_006541,0.39552535776041653
SG_006543,0.5795521353514045
SG_006545,0.6110337189532792
SG_006548,0.4529084607226085
SG_006550,0.3513999708741799
SG_006551,0.31279783986690224
SG_006557,0.5035789099897675
SG_006560,0.502460021880933
SG_006564,0.5592854896337599
SG_006566,0.47840732849872586
SG_006567,0.4780289459484586
SG_006577,0.4499814380953182
SG_006579,0.44507672773469265
SG_006581,0.4150331021679363
SG_006588,0.5935937341650843
SG_006592,0.5671945376692213
SG_006597,0.44761268800275883
SG_006601,0.41718687571867835
SG_006607,0.43529804708682945
SG_006608,0.48101806696513644
SG_006610,0.4144337035862539
SG_006615,0.47949298922897016
SG_006616,0.5001344730382541
SG_006620,0.48530956645034656
SG_006622,0.429375280446979
SG_006623,0.524952623963673
SG_006624,0.4376711010215378
SG_006626,0.5186313811259154
SG_006627,0.5218680152231628
SG_006633,0.47912741625050054
SG_006637,0.4806345010371695
SG_006638,0.46520394716712055
SG_006639,0.5823019636370932
SG_006644,0.47496856210043037
SG_006645,0.5321721396240486
SG_006651,0.5092802298605196
SG_006659,0.4599372126173224
SG_006664,0.462781716496563
SG_006668,0.4237311204587143
SG_006673,0.4420333997423759
SG_006687,0.5005192003360274
SG_006688,0.574635604529675
SG_006690,0.5200601647970649
SG_006693,0.5878475566101757
SG_006698,0.2934518531593657
SG_006700,0.4143675708557163
SG_006706,0.3520003280075573
SG_006710,0.45765134036368926
SG_006713,0.42248585611558687
SG_006716,0.5410562998224197
SG_006728,0.46407919607833387
SG_006734,0.5667729917821405
SG_006736,0.5359800957657298
SG_006744,0.4344099440665412
SG_006745,0.45456360333705925
SG_006749,0.46724842126023797
SG_006758,0.45379810061193
SG_006760,0.4744434094095674
SG_006765,0.4773664074352068
SG_006766,0.5209418316616697
SG_006769,0.5875642092447436
SG_006778,0.49049363644772076
SG_006780,0.5434625073645314
SG_006781,0.4560288302318453
SG_006786,0.519548544146068
SG_006789,0.48496777068826663
SG_006792,0.408278890310576
SG_006793,0.37371577454861793
SG_006800,0.5360352560872841
SG_006802,0.535931612479662
SG_006808,0.5444509927813916
SG_006820,0.46289451533144566
SG_006833,0.4360036096838913
SG_006835,0.49082871351519447
SG_006837,0.5203226479769532
SG_006841,0.4817533679396533
SG_006847,0.5218267451702592
SG_006848,0.41114472100046157
SG_006851,0.4819652151322805
SG_006852,0.5584390746363194
SG_006860,0.47520137560799625
SG_006861,0.48494215055991213
SG_006863,0.4171318421559514
SG_006866,0.5506661603126902
SG_006868,0.5265857786740618
SG_006874,0.3525243961305816
SG_006877,0.41997049524260915
SG_006879,0.4716160720206585
SG_006880,0.5326038793144353
SG_006881,0.48237562126633426
SG_006889,0.3583670221479987
SG_006890,0.4649602441386542
SG_006897,0.5893272488991209
SG_006901,0.49770115276890464
SG_006908,0.45886536837863495
SG_006910,0.40157832628194057
SG_006914,0.5837929750932408
SG_006918,0.46181746407264673
SG_006924,0.4018370009628947
SG_006925,0.4906285023833837
SG_006927,0.3990753354668268
SG_006929,0.47072168280678056
SG_006937,0.469086449223597
SG_006938,0.4761676952684668
SG_006940,0.5173786241801188
SG_006942,0.4446422392856471
SG_006945,0.4187791505192438
SG_006949,0.5389535432911299
SG_006950,0.590703350479136
SG_006951,0.4762514339859705
SG_006953,0.45086647825181625
SG_006954,0.44654765569661725
SG_006956,0.5524332801056344
SG_006957,0.4735030168524906
SG_006962,0.47466272554450867
SG_006963,0.49609598699409074
SG_006964,0.39760576854201174
SG_006966,0.40130103570836295
SG_006970,0.49858285025452964
SG_006971,0.5532850767831713
SG_006972,0.4511496734067762
SG_006974,0.601234958772503
SG_006977,0.5075009873899334
SG_006978,0.5828594768279912
SG_006981,0.5762168173658704
SG_006982,0.5998198591803334
SG_006983,0.3196671334518718
SG_006984,0.4781821478404854
SG_006987,0.47830687878845457
SG_006994,0.44510187539782653
SG_006997,0.4296242402921624
SG_007002,0.48232088959992747
SG_007005,0.5771700837422575
SG_007009,0.5046061009668293
SG_007011,0.5031248106181901
SG_007017,0.4747987319355578
SG_007018,0.40368763555856585
SG_007019,0.4195876743656192
SG_007029,0.5656631321753655
SG_007030,0.5643113356434997
SG_007033,0.44090936486710525
SG_007040,0.49688626309057776
SG_007047,0.6287691147353949
SG_007054,0.35983108767414546
SG_007055,0.5924842879197625
SG_007056,0.4838114962588354
SG_007061,0.41682401822127485
SG_007062,0.4619643196950625
SG_007067,0.47349409841025575
SG_007068,0.5276032759126972
SG_007069,0.6033215858189899
SG_007073,0.26417995100341635
SG_007075,0.5628837339332109
SG_007076,0.5309229611262564
SG_007078,0.5959762471552567
SG_007080,0.39448426716698515
SG_007091,0.5721636483975658
SG_007095,0.493515016770598
SG_007100,0.5499159107317872
SG_007104,0.5834707693482323
SG_007112,0.4305282458665336
SG_007114,0.4575740179183872
SG_007127,0.5313185208465684
SG_007130,0.4473056294443858
SG_007133,0.4983736385662136
SG_007136,0.47875201636589254
SG_007138,0.5606970867616022
SG_007139,0.42423705254614696
SG_007143,0.46950883122852904
SG_007146,0.5053579685869611
SG_007150,0.5026740117209232
SG_007155,0.5266979907481437
SG_007157,0.4965779277960923
SG_007160,0.5192751654542564
SG_007162,0.4334889232245261
SG_007163,0.47801020949222156
SG_007166,0.4568836046894168
SG_007168,0.4138407664919192
SG_007170,0.48152324985033707
SG_007179,0.5473834068557348
SG_007181,0.4535094043906399
SG_007183,0.5111944550059601
SG_007186,0.4068724398864598
SG_007202,0.5347590377178414
SG_007203,0.5042285888853899
SG_007204,0.40783151548690955
SG_007205,0.5507488637535282
SG_007210,0.6244011199981276
SG_007212,0.5151733954811261
SG_007215,0.30412681798417307
SG_007218,0.5145699724132184
SG_007226,0.4528968395523712
SG_007229,0.4266525622334022
SG_007231,0.5165074536884312
SG_007234,0.47823297955413063
SG_007237,0.5331208940219109
SG_007239,0.46343779792225803
SG_007240,0.5173836950279038
SG_007249,0.5169769550053296
SG_007252,0.3716812260447665
SG_007255,0.4899929883967008
SG_007256,0.49390002747489203
SG_007257,0.5809032171470925
SG_007263,0.526328622649324
SG_007264,0.5339296937883987
SG_007265,0.5137499806656861
SG_007268,0.5016644915028673
SG_007271,0.48686816552924655
SG_007275,0.536740798784885
SG_007280,0.4941700712579744
SG_007281,0.5347353416385412
SG_007282,0.574509248156105
SG_007283,0.40923046660727347
SG_007287,0.552768969704491
SG_007288,0.4776631029816804
SG_007301,0.5116008871471306
SG_007307,0.45579591971814715
SG_007310,0.4739028180504365
SG_007312,0.5185021741931732
SG_007314,0.49779257850980907
SG_007319,0.45546310237806253
SG_007326,0.41329407084274855
SG_007331,0.47761140955415715
SG_007333,0.5879943601554747
SG_007334,0.4978421164460803
SG_007338,0.3497120935045174
SG_007340,0.5827273392333766
SG_007345,0.46121022445484244
SG_007349,0.5301727491886253
SG_007356,0.4247798243641144
SG_007358,0.35817760546174937
SG_007368,0.42281221855044276
SG_007370,0.5300519274845513
SG_007371,0.5463832532004815
SG_007372,0.5506082021506602
SG_007375,0.43463110924826975
SG_007378,0.42721207605245043
SG_007379,0.39631026912259965
SG_007380,0.5243274224673405
SG_007383,0.5263878842089451
SG_007384,0.5269117339481345
SG_007389,0.4999992105548784
SG_007390,0.4227140982924458
SG_007401,0.6134573352415779
SG_007403,0.4057429120009449
SG_007406,0.46422508519284805
SG_007409,0.6004595654972688
SG_007410,0.5419021694502931
SG_007413,0.5108899943475074
SG_007416,0.582074222989464
SG_007419,0.5092151177003131
SG_007420,0.5537129641414983
SG_007423,0.4955499595618166
SG_007424,0.6223202202102232
SG_007428,0.529602339263639
SG_007433,0.41114284611497814
SG_007434,0.3138748009411581
SG_007437,0.5420486256516985
SG_007441,0.47717788696485924
SG_007443,0.46065162375161783
SG_007450,0.4212405011100313
SG_007452,0.46026967521753914
SG_007455,0.5859733977871252
SG_007462,0.4121248709452039
SG_007464,0.5324453702671882
SG_007466,0.41404511466838884
SG_007469,0.4048066094302566
SG_007470,0.5709149578064504
SG_007472,0.3558085295290688
SG_007476,0.5724262998722424
SG_007486,0.6176987873219094
SG_007489,0.595127499514653
SG_007490,0.4690697899601826
SG_007495,0.5593108509214904
SG_007499,0.5612268829876367
SG_007506,0.4675418041004105
SG_007508,0.48102667748079936
SG_007509,0.3576896784848494
SG_007517,0.45189862185907814
SG_007518,0.5312977357016379
SG_007522,0.5502809250005006
SG_007524,0.519932052089564
SG_007527,0.5144464202503942
SG_007535,0.41471507677735064
SG_007540,0.4923496278131853
SG_007546,0.6835285457605026
SG_007552,0.45354656423572065
SG_007553,0.5364121016656024
SG_007557,0.534886871060669
SG_007558,0.6202610782898531
SG_007560,0.5718774642158321
SG_007568,0.4053744460067714
SG_007571,0.6104494013335253
SG_007573,0.4136014012368177
SG_007577,0.49289019362433767
SG_007578,0.4825626067447345
SG_007579,0.41287604534615124
SG_007582,0.6081552896825111
SG_007586,0.4220330988025273
SG_007587,0.4475946565345752
SG_007589,0.4163090731617284
SG_007591,0.4651233614118935
SG_007595,0.41570837733668053
SG_007597,0.45372643399694146
SG_007599,0.38033534095505167
SG_007602,0.5363756690752579
SG_007605,0.48304867740210317
SG_007609,0.3972866457766433
SG_007614,0.5250784873614486
SG_007620,0.4269118839976114
SG_007628,0.5673835632578949
SG_007630,0.46477617622445455
SG_007646,0.552123989130691
SG_007648,0.5110154782561498
SG_007654,0.4433477324515785
SG_007655,0.49830467522944377
SG_007656,0.5596557514942808
SG_007657,0.505710852623893
SG_007658,0.4761548540687102
SG_007659,0.5816745452732828
SG_007660,0.4861931641706259
SG_007663,0.39979940215323867
SG_007665,0.476154365054622
SG_007667,0.5102929741045972
SG_007670,0.5377707751609067
SG_007678,0.47862597078300184
SG_007679,0.6060766547907667
SG_007681,0.41919368536868346
SG_007685,0.444449602259274
SG_007686,0.41126908911124777
SG_007687,0.49965294242758823
SG_007688,0.5072021303762176
SG_007691,0.5417586106074739
SG_007696,0.41626632958249693
SG_007698,0.45652083628995177
SG_007700,0.5377159803653406
SG_007703,0.37211095373913
SG_007704,0.4799330604696613
SG_007706,0.5234788457246913
SG_007711,0.5230237372692425
SG_007712,0.5046931729240542
SG_007714,0.4012908840909421
SG_007717,0.47038867695551606
SG_007719,0.46957206079850433
SG_007720,0.42795729003357136
SG_007721,0.4948976235679941
SG_007728,0.4256055221753087
SG_007737,0.5586079431988665
SG_007741,0.3296245484711226
SG_007742,0.4551994801660548
SG_007744,0.47634069634122433
SG_007746,0.5896830081043235
SG_007748,0.42747465255138156
SG_007750,0.3477212680388734
SG_007751,0.4455543526364705
SG_007752,0.44675501740459395
SG_007758,0.506274908793486
SG_007760,0.5014195248659834
SG_007762,0.5318038237465282
SG_007770,0.45292466745936044
SG_007772,0.5186391215302387
SG_007776,0.3678140156526719
SG_007780,0.5050417217715374
SG_007781,0.5380367897636505
SG_007782,0.39831072453439337
SG_007787,0.583598313017588
SG_007800,0.5744672137583837
SG_007801,0.4427942675014797
SG_007804,0.4311357236615778
SG_007805,0.5423142361426725
SG_007807,0.4150044180446541
SG_007808,0.592971064810772
SG_007813,0.4914623604456629
SG_007815,0.42329242493514047
SG_007817,0.5352906512254092
SG_007818,0.47437555819169347
SG_007820,0.4415595325038588
SG_007822,0.42102221678534996
SG_007823,0.43984948653175
SG_007824,0.5897129923230919
SG_007834,0.4336137226640301
SG_007836,0.49958865331184815
SG_007839,0.35488497302079025
SG_007842,0.4197878651557885
SG_007844,0.5328360362997216
SG_007846,0.4263453639961053
SG_007849,0.44980789434597174
SG_007858,0.5422787953627545
SG_007864,0.5250560085844778
SG_007866,0.4386496521439155
SG_007875,0.5654369013007987
SG_007876,0.5068749523530747
SG_007880,0.5392812005149785
SG_007884,0.45313126092502465
SG_007889,0.5360659697557006
SG_007892,0.4826832942829775
SG_007897,0.4612221118704389
SG_007898,0.4905416023089413
SG_007899,0.43008667543284784
SG_007901,0.5546670493953113
SG_007908,0.5894769950269106
SG_007910,0.4596076401399605
SG_007922,0.5384540749583872
SG_007923,0.4263289156308535
SG_007926,0.5324923020428614
SG_007931,0.5352527139292431
SG_007933,0.49639626026364997
SG_007939,0.519826513319256
SG_007940,0.4444020170110202
SG_007946,0.4332071046981428
SG_007947,0.5021456737079262
SG_007948,0.5641412287585754
SG_007954,0.4150785435527135
SG_007957,0.33225430863952615
SG_007960,0.4975094245659958
SG_007964,0.5182296060077565
SG_007965,0.5473912126898258
SG_007980,0.5769061293818696
SG_007985,0.4823375998184739
SG_007992,0.5077385180387675
SG_007996,0.5152240156750438
SG_007998,0.5324923750872923
SG_007999,0.49660310439331007
SG_008014,0.3643697449261168
SG_008015,0.3685074993693359
SG_008020,0.4951616124120708
SG_008026,0.4653570180051708
SG_008033,0.4326315885842976
SG_008043,0.48356212707798696
SG_008050,0.48812334953406433
SG_008055,0.4861590395046705
SG_008056,0.5502372961652939
SG_008058,0.5529022030916315
SG_008067,0.5106660348893689
SG_008074,0.5399317175607656
SG_008076,0.4798310672289888
SG_008081,0.4915935745105393
SG_008091,0.467804924425101
SG_008099,0.41647442736628726
SG_008100,0.37551637054652687
SG_008101,0.4915856666277252
SG_008104,0.5396467294907747
SG_008115,0.6083159810033077
SG_008117,0.44011129294965506
SG_008118,0.5064760852938524
SG_008127,0.5238817943418796
SG_008131,0.47935305085458
SG_008133,0.5087012095905535
SG_008137,0.5477272960182795
SG_008140,0.5178910788796944
SG_008141,0.5498426340506494
SG_008145,0.4207525645098569
SG_008152,0.4613619307224866
SG_008156,0.517889221539948
SG_008160,0.40518270107237403
SG_008164,0.5562712846633622
SG_008167,0.5107236723968219
SG_008175,0.43568242986601696
SG_008176,0.5161458736199321
SG_008183,0.5021812853530736
SG_008188,0.5398545042197745
SG_008191,0.4177605613178103
SG_008192,0.3812968350937411
SG_008193,0.5568113355056372
SG_008195,0.5276925182464055
SG_008202,0.48434120532115515
SG_008213,0.5475770998796388
SG_008217,0.5356648442504629
SG_008224,0.4486805573755755
SG_008228,0.5578382391289276
SG_008229,0.47517109263324014
SG_008237,0.42906925456665734
SG_008242,0.39173696838756417
SG_008246,0.5635800600312313
SG_008248,0.4149841735759483
SG_008249,0.5775585985329283
SG_008253,0.5519526621278278
SG_008257,0.49239621681360896
SG_008261,0.4607755654534794
SG_008264,0.5529713364079812
SG_008265,0.46045801157061467
SG_008281,0.4440616911386983
SG_008283,0.45380898275743414
SG_008287,0.39678178672028486
SG_008291,0.5485614515409519
SG_008293,0.4809625634500822
SG_008294,0.49492115167214057
SG_008296,0.5331897201154393
SG_008298,0.48547605406961747
SG_008309,0.5117235317737663
SG_008310,0.4183297425568508
SG_008312,0.4597794380251129
SG_008316,0.43360360262532444
SG_008317,0.4355066054822006
SG_008318,0.4889318601998619
SG_008327,0.3891465827767242
SG_008330,0.4547236118144983
SG_008333,0.4043291609996514
SG_008336,0.5841061931035615
SG_008345,0.3251029528392201
SG_008347,0.4750771179529278
SG_008355,0.5574573151464537
SG_008358,0.44597841421370366
SG_008359,0.4774839631453475
SG_008360,0.4920512842413024
SG_008361,0.416949690461374
SG_008362,0.5644224157665388
SG_008365,0.49367387827254083
SG_008366,0.5669494215083667
SG_008375,0.4744569764674886
SG_008376,0.5455975487545924
SG_008382,0.4447578191392865
SG_008383,0.5421784406364905
SG_008388,0.5191376395681069
SG_008389,0.5753854749643209
SG_008392,0.5008228959937593
SG_008396,0.49751408189082513
SG_008402,0.5117687094236247
SG_008410,0.48451814202762256
SG_008413,0.5237573472753146
SG_008417,0.5147340314386786
SG_008420,0.5791268323500222
SG_008422,0.3698171300890247
SG_008435,0.5644379185976685
SG_008440,0.34539695411055027
SG_008441,0.5377216211844158
SG_008442,0.421234210529899
SG_008443,0.3876319165073505
SG_008444,0.5857644428315987
SG_008449,0.5130779115168405
SG_008452,0.48565436651903915
SG_008457,0.5956105503064463
SG_008459,0.4458583117083287
SG_008462,0.5068304628872752
SG_008467,0.48858878112147053
SG_008468,0.5529388110493787
SG_008478,0.4645729856706241
SG_008482,0.560922685554741
SG_008484,0.6319882733742981
SG_008485,0.43135411092066844
SG_008494,0.5419597588606516
SG_008497,0.43744426716910173
SG_008498,0.4255417407563337
SG_008500,0.4823188695996977
SG_008501,0.5977049455162177
SG_008504,0.6026071459952866
SG_008506,0.5196811546786216
SG_008512,0.5422009981430836
SG_008514,0.5678603077353722
SG_008517,0.5524942366036045
SG_008522,0.47003977085829585
SG_008527,0.5840666673789705
SG_008529,0.5374831881277629
SG_008531,0.42307504817105457
SG_008534,0.6098962366377199
SG_008535,0.503636581166075
SG_008536,0.42692019275727583
SG_008538,0.4308136495191833
SG_008541,0.43921862941749296
SG_008542,0.5196653226042496
SG_008545,0.6408766815273375
SG_008547,0.458346385930153
SG_008549,0.5123580121259712
SG_008550,0.5134633217095894
SG_008551,0.478162081018083
SG_008553,0.408481859017101
SG_008555,0.4743906068074515
SG_008557,0.5383953577723721
SG_008561,0.4548641540811079
SG_008564,0.4787298144024776
SG_008565,0.5965960864145063
SG_008568,0.4859031936096561
SG_008569,0.5568753664960027
SG_008570,0.5082234664632405
SG_008572,0.49294070080316704
SG_008574,0.47437312712179336
SG_008575,0.49392945645514813
SG_008576,0.4524641615845378
SG_008577,0.5176924799628497
SG_008580,0.36603569663340063
SG_008586,0.5062411815713438
SG_008594,0.5778394799426593
SG_008598,0.3805649102700564
SG_008600,0.5955907325783308
SG_008614,0.4784114999558914
SG_008615,0.5051191789968389
SG_008617,0.4598065603468515
SG_008624,0.5740224781159878
SG_008630,0.47218018287579105
SG_008635,0.4316183715067714
SG_008636,0.3554050229209284
SG_008639,0.5308660575665634
SG_008645,0.47809214761355157
SG_008646,0.593400407545836
SG_008650,0.5157924892812691
SG_008653,0.591068841152869
SG_008669,0.5021896882534469
SG_008671,0.6277830597377057
SG_008689,0.5963762614813017
SG_008691,0.5227370472482364
SG_008693,0.4313871536017849
SG_008708,0.43695148143294654
SG_008714,0.5544926052503768
SG_008726,0.4652627142286727
SG_008727,0.5719584120781197
SG_008729,0.4623618667092767
SG_008734,0.40702330136081544
SG_008735,0.5436097290588974
SG_008737,0.6158885363664679
SG_008739,0.4786438993560612
SG_008745,0.5441252657965734
SG_008749,0.5212018224421804
SG_008755,0.4172375992219715
SG_008759,0.48004818672596744
SG_008766,0.4154663764774383
SG_008769,0.5378251172692234
SG_008770,0.4961096726949308
SG_008771,0.405086966856531
SG_008773,0.5614908334770278
SG_008774,0.5735907933262705
SG_008776,0.5355913770861405
SG_008777,0.4070385554004883
SG_008780,0.5043067061765893
SG_008782,0.4811861798285689
SG_008784,0.5075777991484269
SG_008785,0.4425852843434414
SG_008787,0.5111845928015121
SG_008789,0.4761267530940859
SG_008793,0.5633040373609126
SG_008798,0.5860032397830324
SG_008810,0.5859071477192332
SG_008816,0.5642772430650235
SG_008823,0.5494118898908953
SG_008824,0.5691973372822595
SG_008825,0.4541615637576263
SG_008828,0.5357039492520599
SG_008836,0.5273425066093299
SG_008839,0.5030311392864304
SG_008840,0.44484793981686643
SG_008841,0.4827226960107218
SG_008843,0.583088373437339
SG_008844,0.47968260487145215
SG_008845,0.4689309339505927
SG_008849,0.45469238003551377
SG_008850,0.5438323170966486
SG_008853,0.5928706377423557
SG_008855,0.4564586954978494
SG_008859,0.4920891679998195
SG_008862,0.4440234916181402
SG_008864,0.47826759168705446
SG_008865,0.39862626504479265
SG_008866,0.4630926991890189
SG_008867,0.606874779538155
SG_008869,0.5694880367360936
SG_008876,0.48555171652091283
SG_008881,0.5696583532107221
SG_008883,0.4581796760169021
SG_008888,0.36301852213089253
SG_008889,0.5686133139821125
SG_008895,0.47530341418496036
SG_008897,0.4510845858187999
SG_008901,0.49279697872388717
SG_008905,0.510344317400217
SG_008907,0.46226555297005906
SG_008908,0.40769848573703193
SG_008910,0.5159968145332636
SG_008913,0.5650056883818001
SG_008914,0.4392284407123069
SG_008917,0.47394596224056224
SG_008919,0.4421454276134179
SG_008920,0.5752797952197751
SG_008925,0.506634350309971
SG_008926,0.4341191362350317
SG_008927,0.5461990168780662
SG_008930,0.549512547606858
SG_008932,0.3644962527815
SG_008934,0.5113130861718862
SG_008937,0.4596786280405964
SG_008940,0.4266398950234217
SG_008943,0.49328424324427306
SG_008947,0.5568011376643793
SG_008955,0.44433796003472825
SG_008960,0.6379092174269907
SG_008962,0.41991238686174764
SG_008964,0.621980594688805
SG_008965,0.44393473713908405
SG_008966,0.4360108396573615
SG_008971,0.46089779228649513
SG_008972,0.4969179548683016
SG_008976,0.5030311576398083
SG_008978,0.3817726572899604
SG_008983,0.34229422510491775
SG_008989,0.618790270532524
SG_008990,0.5157897181851492
SG_008994,0.4824870622710159
SG_008996,0.5093135728921806
SG_008998,0.5451171693288073
SG_008999,0.3929898398576534
SG_009001,0.48313936374493455
SG_009005,0.5838921588753624
SG_009006,0.4234033243056677
SG_009011,0.4422138153289122
SG_009017,0.42763211535599577
SG_009018,0.5955434538324362
SG_009032,0.4665815250276138
SG_009034,0.3977802638300313
SG_009043,0.5336075270731973
SG_009047,0.42970694984269714
SG_009048,0.4774576104014991
SG_009053,0.47993809018250283
SG_009055,0.49809483273433114
SG_009058,0.46795557071115607
SG_009063,0.6344888996433911
SG_009064,0.5765349098583166
SG_009065,0.6203698392129141
SG_009069,0.4411522182097508
SG_009070,0.5670465025260352
SG_009072,0.40189241880568616
SG_009075,0.45071287427486084
SG_009079,0.4572514914939711
SG_009080,0.5495778015357862
SG_009081,0.4770984188327615
SG_009083,0.4631888097064073
SG_009085,0.5470835283349992
SG_009091,0.4711433031481446
SG_009093,0.5905942259873938
SG_009100,0.3850781192421671
SG_009109,0.46359616701849743
SG_009115,0.411727050649044
SG_009119,0.5565332166687013
SG_009120,0.4784456696730319
SG_009123,0.528753330557285
SG_009124,0.5664754483582867
SG_009127,0.41706850759306663
SG_009128,0.46366716928367646
SG_009135,0.58858324396679
SG_009136,0.5817270135856147
SG_009139,0.5351300464600295
SG_009146,0.5817180779695591
SG_009147,0.5424808629225103
SG_009149,0.42225621819945924
SG_009150,0.5611673542486253
SG_009152,0.5938772720926183
SG_009153,0.5311879230552105
SG_009159,0.4164891013941107
SG_009168,0.5572164956190445
SG_009169,0.5179260193888134
SG_009170,0.5525342248450409
SG_009172,0.4814443499056733
SG_009176,0.3948066573891315
SG_009179,0.5601033809741002
SG_009183,0.5414752539899387
SG_009193,0.6070327452008212
SG_009196,0.43678341292537554
SG_009199,0.4662296960296596
SG_009202,0.5475090310162603
SG_009203,0.3462873284009988
SG_009204,0.491328550593565
SG_009206,0.5242996465153777
SG_009207,0.5951914831829752
SG_009209,0.5791500518573873
SG_009210,0.5428153129912968
SG_009214,0.4186475324382179
SG_009220,0.5196092792373639
SG_009223,0.4322315183464757
SG_009224,0.5807284888144127
SG_009225,0.4789607396653002
SG_009226,0.5950644510160539
SG_009229,0.44159339083309207
SG_009230,0.4575757255122971
SG_009236,0.4695274668679503
SG_009242,0.5011502222846265
SG_009246,0.5119508303673155
SG_009250,0.48572697485902955
SG_009253,0.6021364278687653
SG_009266,0.5112380117187212
SG_009268,0.5413735755321976
SG_009272,0.5471725687029129
SG_009273,0.3511022417367881
SG_009274,0.5289139483369799
SG_009277,0.5395472324672878
SG_009278,0.4137601489131332
SG_009279,0.42226603471784524
SG_009280,0.4733242528143548
SG_009281,0.4804601537789153
SG_009289,0.5514201850469301
SG_009290,0.5709612844686424
SG_009299,0.528482588257692
SG_009300,0.41050367111559766
SG_009305,0.556618269572584
SG_009307,0.5107543744308576
SG_009319,0.4338683069768176
SG_009328,0.49253734878119004
SG_009333,0.47566229194305365
SG_009335,0.49022558634751723
SG_009341,0.4721596287997294
SG_009347,0.4594344486618777
SG_009354,0.570148938362219
SG_009355,0.5204593651815136
SG_009357,0.41367458186498685
SG_009362,0.5561848939001264
SG_009363,0.6061185108124402
SG_009365,0.45407371295950727
SG_009366,0.560572667170747
SG_009367,0.5473641572147704
SG_009370,0.48982758919864006
SG_009386,0.48647361426275143
SG_009392,0.5027374688042087
SG_009398,0.4812993784986474
SG_009400,0.4304276636720389
SG_009402,0.5490517068085411
SG_009403,0.5100466433430462
SG_009404,0.4315977910354961
SG_009406,0.5137305250490429
SG_009407,0.5139259194114617
SG_009408,0.3515512962555365
SG_009409,0.44078629998732805
SG_009410,0.540436401714113
SG_009411,0.47449185439761216
SG_009412,0.5509482559939378
SG_009413,0.4640081902407856
SG_009415,0.48894770108699687
SG_009417,0.4875957128340142
SG_009419,0.548135096657926
SG_009425,0.5854450358083378
SG_009426,0.44754304998947164
SG_009427,0.4077385340393051
SG_009429,0.46148907788458254
SG_009434,0.47024259265444096
SG_009438,0.4600148859807411
SG_009441,0.5095693839850476
SG_009442,0.4994011018323853
SG_009444,0.4682301279136994
SG_009445,0.5289416223277955
SG_009446,0.40532032664770945
SG_009447,0.379772948608953
SG_009449,0.4852810177503069
SG_009455,0.42377393642031497
SG_009458,0.4995110391963404
SG_009461,0.5437052710506209
SG_009462,0.5536269395944684
SG_009466,0.5128556597402417
SG_009473,0.45150916351209935
SG_009478,0.46158192505412754
SG_009479,0.5475097368369857
SG_009481,0.5151973990513775
SG_009485,0.5453778161341271
SG_009490,0.6185861277197282
SG_009496,0.49091729671071627
SG_009500,0.5128263019427101
SG_009502,0.5827571511021815
SG_009504,0.5639973280380196
SG_009505,0.5181208120227666
SG_009516,0.559623530805757
SG_009518,0.5098706786015131
SG_009519,0.5358377084538138
SG_009528,0.38957283186898145
SG_009529,0.4749063512263053
SG_009530,0.40501160679577186
SG_009533,0.4716575074860624
SG_009537,0.40486034700431733
SG_009539,0.44341180822750154
SG_009540,0.4789586772958377
SG_009541,0.5581096853164815
SG_009544,0.5558475827853838
SG_009556,0.45172012439658166
SG_009558,0.6010347783069806
SG_009566,0.488541908333099
SG_009567,0.4786584729809806
SG_009569,0.34528902584946214
SG_009573,0.5205955122676919
SG_009577,0.43490827367504803
SG_009581,0.4868550923666531
SG_009582,0.5072295084263432
SG_009584,0.31654078008801456
SG_009585,0.5265501118452729
SG_009589,0.4647987859914322
SG_009592,0.45510780986031724
SG_009593,0.5899320821374668
SG_009602,0.39131801263136323
SG_009614,0.4227267108464707
SG_009616,0.6218371698291237
SG_009618,0.5147648099221174
SG_009619,0.4376835316765952
SG_009620,0.5334095892080886
SG_009622,0.5032967774590257
SG_009630,0.4367824465708489
SG_009632,0.5501333295741548
SG_009639,0.534179934006751
SG_009649,0.5590915194479078
SG_009651,0.5579218210049719
SG_009661,0.4077646008220448
SG_009670,0.45122037666809567
SG_009671,0.5940846675564325
SG_009679,0.5600981636360146
SG_009681,0.6061936736037153
SG_009683,0.45932687650484794
SG_009687,0.5832679445805886
SG_009690,0.43381933030483855
SG_009691,0.5620444153569293
SG_009694,0.5072852516639987
SG_009696,0.5559142175431291
SG_009701,0.5605076337500278
SG_009702,0.4314421076126155
SG_009707,0.4313407119721989
SG_009716,0.49799350082238725
SG_009718,0.4902306183631538
SG_009727,0.834990452731934
SG_009736,0.49046308232367125
SG_009741,0.4291645774451667
SG_009744,0.5191843892051623
SG_009746,0.4669865297861639
SG_009747,0.541791663311517
SG_009751,0.5640011189070505
SG_009754,0.4377173509340729
SG_009757,0.47788313303880275
SG_009759,0.4956384321779771
SG_009760,0.4386916964227818
SG_009762,0.4874028217851724
SG_009763,0.501714401720558
SG_009766,0.45842110871095326
SG_009776,0.5044291759147412
SG_009778,0.5763025200113534
SG_009780,0.504763941242284
SG_009782,0.6035471459667635
SG_009783,0.3965612342676982
SG_009785,0.5553568559990595
SG_009786,0.5332177285828106
SG_009791,0.5218698777597945
SG_009794,0.48730930450038723
SG_009795,0.5237226718159482
SG_009799,0.564050913741406
SG_009800,0.584414626366372
SG_009814,0.5522476362490023
SG_009819,0.42221179824372446
SG_009824,0.49101188848978583
SG_009825,0.6307841102907202
SG_009829,0.45690432410396914
SG_009834,0.5002691693919631
SG_009837,0.5746772720315694
SG_009838,0.5320276655803378
SG_009843,0.5111491792486131
SG_009845,0.5130762634857841
SG_009851,0.49669187341192145
SG_009855,0.5672150145338118
SG_009856,0.3900243234067331
SG_009862,0.5563988720306401
SG_009865,0.4548921983709875
SG_009867,0.4959882044124503
SG_009868,0.5628125401297932
SG_009869,0.3413384392595669
SG_009870,0.4556207687791932
SG_009875,0.47021043928518336
SG_009876,0.5908019327421035
SG_009877,0.546776016512284
SG_009878,0.5332472753317868
SG_009880,0.6186234857963462
SG_009881,0.4397232825790439
SG_009895,0.5848202184291504
SG_009905,0.5094494263845704
SG_009909,0.49799972151370286
SG_009914,0.4833402349848053
SG_009916,0.47964358381985106
SG_009921,0.49485842982708395
SG_009923,0.5726241017412291
SG_009926,0.5333844477149177
SG_009929,0.470058459065914
SG_009932,0.5196237386944086
SG_009933,0.3706587664090193
SG_009935,0.42521569337294296
SG_009936,0.5777860841189232
SG_009937,0.446176554458914
SG_009941,0.2966593727987278
SG_009942,0.5217206249961881
SG_009953,0.5601195997908576
SG_009956,0.42373677144691896
SG_009959,0.47029241945488287
SG_009964,0.5032620691266708
SG_009972,0.49167010531281324
SG_009977,0.47492233643973014
SG_009979,0.5693440856569474
SG_009982,0.46947719032664864
SG_009985,0.5352563449269065
SG_009987,0.4265742769663042
SG_009989,0.4748163033674249
SG_009993,0.4715115125790151
SG_009997,0.4800674052422214
SG_009999,0.4751543333676941
SG_010002,0.5420724791982643
SG_010007,0.4893742546306543
SG_010008,0.4786682003440264
SG_010009,0.48003170651305604
SG_010010,0.5135745077807211
SG_010011,0.5029027521504961
SG_010012,0.48085133889823284
SG_010014,0.45249952569908447
SG_010015,0.46795572311286066
SG_010019,0.4326843767190279
SG_010020,0.4885410867627277
SG_010021,0.3951019236570817
SG_010024,0.5404622358583002
SG_010025,0.5636409322592716
SG_010034,0.500462027944964
SG_010037,0.4330098726436984
SG_010038,0.5136455071034235
SG_010042,0.49918179672084245
SG_010045,0.4841875782116863
SG_010047,0.5578964064812658
SG_010048,0.4836720676365707
SG_010050,0.5152755468522203
SG_010052,0.36937480333612616
SG_010058,0.4259832841204833
SG_010061,0.5552629596306706
SG_010068,0.4414232871414783
SG_010069,0.5060131194139763
SG_010074,0.4870366880502746
SG_010078,0.49194353487603854
SG_010081,0.44326643101151153
SG_010084,0.49652814027949227
SG_010085,0.4417806441562031
SG_010086,0.626576911497253
SG_010088,0.5681016315090853
SG_010091,0.4122480884221521
SG_010092,0.47634013053464463
SG_010099,0.5335131903827516
SG_010101,0.46928659907223613
SG_010103,0.47769225628350087
SG_010104,0.4917761232795229
SG_010106,0.5690291087687487
SG_010109,0.5068873285753186
SG_010115,0.4620075652882299
SG_010116,0.5493682059379532
SG_010117,0.5290930125092883
SG_010123,0.5506491076061684
SG_010130,0.3974500865686448
SG_010132,0.4220323215218966
SG_010134,0.5807475770164217
SG_010142,0.5297509867899973
SG_010144,0.46076311875676274
SG_010146,0.5852859628625604
SG_010151,0.48021458358682223
SG_010153,0.540199544261722
SG_010155,0.43687440463719035
SG_010157,0.5658785914228542
SG_010165,0.3943831556064422
SG_010166,0.6670176017736092
SG_010169,0.38049894387482996
SG_010170,0.5699897724565026
SG_010172,0.32820155227904385
SG_010173,0.45925108571752626
SG_010174,0.538724095103401
SG_010175,0.488291592398413
SG_010176,0.5106618372078704
SG_010182,0.4183959676212991
SG_010183,0.4989455127002685
SG_010184,0.5430357478501134
SG_010187,0.5505079714230711
SG_010195,0.4625888188191811
SG_010198,0.63139225990723
SG_010199,0.45813299202276914
SG_010200,0.43373713543617914
SG_010204,0.48113822893500624
SG_010206,0.3250662960740706
SG_010208,0.5291679406493526
SG_010209,0.40677454145742636
SG_010210,0.5365227402430736
SG_010213,0.4062757757153126
SG_010217,0.5309356263686598
SG_010226,0.45785898819033477
SG_010227,0.5570780722419927
SG_010234,0.4743082032709866
SG_010235,0.4137597856338521
SG_010238,0.5961021651319578
SG_010241,0.43180001046708
SG_010242,0.3883683560766705
SG_010243,0.33972769076627096
SG_010246,0.5340256365102238
SG_010252,0.5336192669822386
SG_010253,0.5336150219251586
SG_010256,0.5733644476718444
SG_010257,0.44990007243570546
SG_010258,0.42736853929861274
SG_010259,0.6498994931384743
SG_010261,0.5274734553175003
SG_010263,0.507792685789259
SG_010265,0.36199607244589815
SG_010267,0.4717891719322117
SG_010271,0.3829267441859592
SG_010273,0.5293269990896385
SG_010274,0.41639064446782
SG_010277,0.4838526680342156
SG_010284,0.5153117705036878
SG_010286,0.5501233787260618
SG_010287,0.6094719787593685
SG_010288,0.5185782689241084
SG_010293,0.4583575806986495
SG_010294,0.556632051029567
SG_010298,0.52090045313238
SG_010306,0.4658762427802658
SG_010313,0.4951045979177949
SG_010315,0.5438959426437086
SG_010316,0.573883798147349
SG_010319,0.4306790992977912
SG_010320,0.49941741419790214
SG_010322,0.5030037670885045
SG_010323,0.4867065506764881
SG_010326,0.48429010747204293
SG_010328,0.5487187020219256
SG_010329,0.5960631840733815
SG_010330,0.5082587689543987
SG_010332,0.4693368985504983
SG_010336,0.5235314847196177
SG_010344,0.5261210826206588
SG_010347,0.5339433371606969
SG_010350,0.45866055623364677
SG_010352,0.6266470356339636
SG_010354,0.46548896237540077
SG_010358,0.4742296007551401
SG_010371,0.38938927329634054
SG_010373,0.5873817563405386
SG_010379,0.5348688000942843
SG_010386,0.46021751916517417
SG_010393,0.4067410998200578
SG_010394,0.4716817800566232
SG_010399,0.4977437777934514
SG_010401,0.580899743663749
SG_010404,0.5135340573137733
SG_010406,0.4056866358182901
SG_010407,0.48830136729958157
SG_010409,0.5799800205245026
SG_010412,0.5378191284721682
SG_010418,0.39860932596686677
SG_010420,0.5015538229275148
SG_010424,0.5561121728502505
SG_010425,0.5243105475369002
SG_010428,0.5251535775460411
SG_010430,0.5377725662907171
SG_010431,0.5556388369553021
SG_010435,0.47106711640066645
SG_010442,0.48974636323218496
SG_010455,0.4850339142508264
SG_010459,0.5577977257751184
SG_010460,0.5491107133512859
SG_010461,0.5572713417282616
SG_010462,0.37152338487935216
SG_010465,0.31470367881096567
SG_010467,0.4687726717778989
SG_010469,0.4264746397812271
SG_010470,0.4995132108685913
SG_010472,0.4986600278252482
SG_010475,0.5427920815130223
SG_010477,0.5158119425257464
SG_010481,0.5013329862966572
SG_010482,0.38906657508232845
SG_010483,0.5682296463710161
SG_010485,0.40131240296611925
SG_010486,0.4580857602223047
SG_010487,0.5300600411500519
SG_010490,0.5760710997355999
SG_010492,0.407351207284747
SG_010493,0.3639877006098817
SG_010495,0.5074004999475401
SG_010498,0.4893965395912051
SG_010499,0.4585809218670448
SG_010501,0.554463472142407
SG_010503,0.463311155954827
SG_010505,0.5139619209434965
SG_010506,0.3760914041603743
SG_010507,0.5141230346420753
SG_010509,0.4708067948399337
SG_010510,0.48641304501728017
SG_010515,0.5633856887177968
SG_010517,0.560414264703595
SG_010518,0.47179858471480335
SG_010531,0.5385754869053351
SG_010546,0.5175893205210534
SG_010547,0.4299547427885402
SG_010550,0.5069448254894665
SG_010552,0.5507414833869522
SG_010553,0.4870130780850853
SG_010555,0.39820192141598654
SG_010561,0.5098934465553602
SG_010562,0.5457710142362991
SG_010563,0.5006730200197221
SG_010569,0.5309413316201629
SG_010571,0.403650865413885
SG_010577,0.4748387397430399
SG_010578,0.4037954452993473
SG_010579,0.49377609517119403
SG_010582,0.4172840353384293
SG_010585,0.5393920854104796
SG_010586,0.5274555325332377
SG_010588,0.5401900260473365
SG_010589,0.4134078997905213
SG_010590,0.49088806297775384
SG_010592,0.6182211513460258
SG_010594,0.48634005169367467
SG_010598,0.5418363380183588
SG_010600,0.47814015056667053
SG_010607,0.49283963394636127
SG_010611,0.5487124761094887
SG_010615,0.5852269610330217
SG_010616,0.48420723346250616
SG_010619,0.6097368324306621
SG_010627,0.5839731175422663
SG_010634,0.45636165967046427
SG_010635,0.4631302884067833
SG_010636,0.5565014088718533
SG_010649,0.5878793047991305
SG_010651,0.4782644856092561
SG_010653,0.40251467721482465
SG_010655,0.38933339904610714
SG_010659,0.47629503714145405
SG_010662,0.5493191425527391
SG_010664,0.5108457585695968
SG_010666,0.46386449168730204
SG_010668,0.32808007815043455
SG_010670,0.42966266999788744
SG_010673,0.4691524608873847
SG_010674,0.49328845602141724
SG_010679,0.4753124791291649
SG_010684,0.4598088442281007
SG_010685,0.5340605763606501
SG_010690,0.42176403242641947
SG_010696,0.49984711224158496
SG_010700,0.4131336966881753
SG_010707,0.49510047709806193
SG_010708,0.39098042009874123
SG_010713,0.3575898355498251
SG_010717,0.420763425048216
SG_010718,0.48635955652734675
SG_010721,0.5505644321795797
SG_010722,0.4428578930798659
SG_010726,0.5242016813217129
SG_010729,0.4684162832328059
SG_010733,0.48214215113851183
SG_010734,0.42736742760789653
SG_010737,0.5215188850588856
SG_010739,0.3927389823809626
SG_010745,0.517038479189859
SG_010752,0.562639630993394
SG_010753,0.5715935412883676
SG_010757,0.48509611898977867
SG_010760,0.5243919184108295
SG_010763,0.4849307808198229
SG_010769,0.5837140469957871
SG_010772,0.49778227265218855
SG_010773,0.44687329338687665
SG_010774,0.5795108245901849
SG_010781,0.4869735549987129
SG_010784,0.4110796761480137
SG_010789,0.44525899860236334
SG_010791,0.5474036245669008
SG_010795,0.5522157097167237
SG_010796,0.5104458242160165
SG_010798,0.4872476659735114
SG_010801,0.46034045401630574
SG_010803,0.5744861561136011
SG_010808,0.48774552109585984
SG_010809,0.5244539813122757
SG_010810,0.5350194050341146
SG_010814,0.434122034556484
SG_010816,0.3362069862011395
SG_010818,0.43190970697721853
SG_010824,0.4766631124959842
SG_010828,0.5419627246117438
SG_010830,0.5118044335287784
SG_010831,0.5284048190199742
SG_010837,0.536716380636466
SG_010843,0.542062895543035
SG_010844,0.5529659610181813
SG_010845,0.4352710236918118
SG_010846,0.5488679127565642
SG_010847,0.46603850788804246
SG_010853,0.46316310950778644
SG_010857,0.379978989105566
SG_010860,0.5313921413173472
SG_010863,0.5375175199791726
SG_010865,0.495164900839388
SG_010870,0.5427674656761359
SG_010871,0.5111476666881337
SG_010872,0.4289779400887619
SG_010876,0.5783418316250365
SG_010881,0.4686625245687185
SG_010882,0.41343995084659535
SG_010884,0.546427351240257
SG_010887,0.5285388198481634
SG_010888,0.5272102242986443
SG_010889,0.5190585688523096
SG_010894,0.4758038745113554
SG_010896,0.43329081509340184
SG_010898,0.43679119669270605
SG_010902,0.5991083047295248
SG_010904,0.46509161036735586
SG_010907,0.4886925643072971
SG_010911,0.5355948129728267
SG_010922,0.4491487402309944
SG_010930,0.4049486476506319
SG_010946,0.50656285673485
SG_010951,0.37081067589612415
SG_010956,0.6133429922783121
SG_010960,0.5308512405402696
SG_010961,0.5935589123915201
SG_010962,0.5685683072171586
SG_010969,0.5434601323060393
SG_010971,0.35844039767524827
SG_010973,0.5054556082859314
SG_010974,0.44886168223752715
SG_010977,0.5088618299864175
SG_010982,0.46174869943812064
SG_010985,0.5141081007012657
SG_010986,0.44757395830034746
SG_010987,0.46496675760257367
SG_010993,0.4834045227569123
SG_010995,0.3962823156672875
SG_010998,0.5802962633963659
SG_011003,0.5258095231236875
SG_011010,0.5249260931566682
SG_011012,0.46753638739006104
SG_011016,0.5006681973487815
SG_011017,0.46233026975522545
SG_011025,0.4044901900810577
SG_011031,0.5841434792310011
SG_011050,0.32020885266866955
SG_011052,0.451671736416204
SG_011053,0.447322556121319
SG_011055,0.5270004479355712
SG_011057,0.5430203481339985
SG_011060,0.5178316931137729
SG_011073,0.4907668394665905
SG_011075,0.516903024939483
SG_011077,0.47103610133483753
SG_011088,0.46786591684179435
SG_011089,0.5531266611658734
SG_011097,0.38404696891862816
SG_011107,0.5059872833094619
SG_011110,0.4739365663470675
SG_011117,0.5260793525807435
SG_011120,0.5057599406143269
SG_011132,0.4586414694070725
SG_011133,0.4713445162403054
SG_011139,0.5941359474694033
SG_011143,0.538153009672461
SG_011144,0.5482944798824684
SG_011147,0.5851020077286169
SG_011148,0.48564157676576497
SG_011151,0.42909026119333893
SG_011152,0.5493379555467901
SG_011154,0.412973292109737
SG_011158,0.5389463870149285
SG_011159,0.6196090303464463
SG_011160,0.4863495560610382
SG_011161,0.47682767003755927
SG_011162,0.5354805732562682
SG_011164,0.43973188775562944
SG_011169,0.3999628397328925
SG_011170,0.37607672567720307
SG_011175,0.43960433434135876
SG_011176,0.5546916210352287
SG_011177,0.4816458146759417
SG_011182,0.5100468503944606
SG_011184,0.5537058891063038
SG_011186,0.47075656186811865
SG_011190,0.4499697647062868
SG_011192,0.5506535529612547
SG_011199,0.44130950479484554
SG_011200,0.4170312081275013
SG_011201,0.43244012159958495
SG_011203,0.49023647618469884
SG_011208,0.6027926269491397
SG_011212,0.4582731099768154
SG_011214,0.4600936605153352
SG_011221,0.5264446313931829
SG_011222,0.5062337534306344
SG_011224,0.47257230081357476
SG_011226,0.5983509860754244
SG_011235,0.5182950099425234
SG_011239,0.5174861897162509
SG_011250,0.4512149254113955
SG_011257,0.5949675856087739
SG_011259,0.5050456606208465
SG_011261,0.3773223260537031
SG_011262,0.5337025780829201
SG_011266,0.4782303286934892
SG_011274,0.47378441020267226
SG_011275,0.4485155893886736
SG_011279,0.40081679112084095
SG_011280,0.499037505686762
SG_011285,0.47325035830953
SG_011291,0.39313033933912866
SG_011294,0.40988283404115966
SG_011298,0.4585388017876791
SG_011303,0.4412797995792469
SG_011304,0.4387328112838592
SG_011306,0.45796460760025187
SG_011307,0.47383340933520435
SG_011308,0.4884514808325431
SG_011309,0.5070507035510825
SG_011310,0.5035249381298036
SG_011312,0.5968836744735369
SG_011313,0.6336815800682029
SG_011327,0.45370027011614217
SG_011333,0.5301476843263412
SG_011335,0.5485633679040398
SG_011337,0.4996655097124528
SG_011340,0.2977433671113316
SG_011343,0.42806590025795804
SG_011345,0.5014427684895794
SG_011347,0.5014242593289172
SG_011350,0.4633036381350976
SG_011357,0.4343973557826555
SG_011360,0.3817628810365292
SG_011361,0.5624928463637896
SG_011367,0.3612596824164064
SG_011371,0.4426857829082435
SG_011376,0.5724556151425081
SG_011377,0.5883864963289054
SG_011380,0.4830584030490901
SG_011381,0.4082504557240178
SG_011383,0.5452704413190514
SG_011398,0.437697691738234
SG_011401,0.4736374408915553
SG_011413,0.4634100519237754
SG_011416,0.4524208802854983
SG_011420,0.49720788152183687
SG_011429,0.48748587477414734
SG_011432,0.45670836193185377
SG_011437,0.5348954958953236
SG_011443,0.46027354178963037
SG_011447,0.5264310477713141
SG_011450,0.5452152823727902
SG_011457,0.476024063651034
SG_011458,0.484048557427654
SG_011460,0.5049677919023711
SG_011464,0.4540170022071912
SG_011468,0.4568524102743126
SG_011469,0.5506131445941078
SG_011473,0.5365197169033128
SG_011475,0.5765415686086085
SG_011479,0.4715688265189007
SG_011482,0.5789542658683751
SG_011483,0.5906665266629063
SG_011492,0.5417974791364502
SG_011493,0.5249052490140357
SG_011497,0.33382548732054407
SG_011503,0.6147212553896936
SG_011504,0.5205194736608749
SG_011505,0.42961738536363
SG_011512,0.4562924270504539
SG_011519,0.343679289829982
SG_011526,0.6015418309988138
SG_011527,0.4255144753863227
SG_011528,0.34519720132964177
SG_011532,0.49840124094682914
SG_011541,0.4582544445314942
SG_011544,0.4918044683314308
SG_011547,0.5586683820401144
SG_011548,0.5228130438076989
SG_011552,0.4723728762873537
SG_011566,0.4772723348316733
SG_011567,0.5585817413597708
SG_011569,0.43626941247104856
SG_011575,0.49137172154304387
SG_011576,0.48804474777022405
SG_011577,0.48916957338046485
SG_011581,0.5086368025583271
SG_011584,0.5438914293454991
SG_011586,0.49512438401995557
SG_011593,0.5044802180230152
SG_011597,0.5338586725221002
SG_011598,0.5077948115074448
SG_011602,0.4252366978650738
SG_011605,0.5329849153277482
SG_011607,0.45993555606121767
SG_011612,0.6458850290560092
SG_011616,0.5517537637468198
SG_011617,0.5003130851843567
SG_011620,0.6049614164850987
SG_011622,0.48779779286364167
SG_011625,0.5805222901574265
SG_011626,0.5053769764375077
SG_011627,0.4877715774187342
SG_011632,0.5215944431899332
SG_011633,0.46232374738143167
SG_011635,0.5788212809280638
SG_011638,0.41911224786202683
SG_011640,0.6231464422767038
SG_011645,0.40332697431627507
SG_011649,0.5140947605522541
SG_011656,0.5647845125575904
SG_011662,0.4372591826948372
SG_011663,0.4704036268765084
SG_011666,0.4964239609011176
SG_011672,0.4827482889967864
SG_011673,0.5141968046105722
SG_011676,0.526566958133152
SG_011678,0.6226739315859867
SG_011682,0.5246640158946766
SG_011683,0.4238103529576847
SG_011684,0.46827342206754274
SG_011691,0.4457516103077233
SG_011694,0.31910097131759135
SG_011695,0.5117470270068397
SG_011697,0.4653391188577574
SG_011699,0.46355204465533884
SG_011701,0.5580720202174193
SG_011704,0.5187677614328606
SG_011705,0.5441601626292599
SG_011708,0.4973037055526009
SG_011714,0.5576840626098508
SG_011715,0.5574046509730362
SG_011720,0.46267279368172354
SG_011721,0.3966290668139968
SG_011727,0.4776687456818843
SG_011728,0.5651514865860836
SG_011729,0.4908146746688927
SG_011731,0.4627115446268848
SG_011736,0.484107698930078
SG_011737,0.44951679019661395
SG_011747,0.49521477644243306
SG_011749,0.5368669765119858
SG_011750,0.5285575179385481
SG_011752,0.45949153401376647
SG_011757,0.5265353925773135
SG_011764,0.5796510329771295
SG_011767,0.4274074579521394
SG_011769,0.5183161533808273
SG_011770,0.5294625870798072
SG_011772,0.5006339287887547
SG_011773,0.3088116350249711
SG_011777,0.5224363322500817
SG_011779,0.40567134577913505
SG_011780,0.5087461769776477
SG_011786,0.5787620442885224
SG_011787,0.48768445292803475
SG_011789,0.3253988155534031
SG_011796,0.41808128139013534
SG_011799,0.4313217905503112
SG_011801,0.551551098745453
SG_011802,0.49749152533964447
SG_011806,0.36588972832126176
SG_011812,0.600850884150517
SG_011814,0.5480905160364088
SG_011815,0.42020563808362044
SG_011816,0.5415787712119261
SG_011830,0.4149889695918755
SG_011833,0.4403652006531657
SG_011843,0.4915533119723088
SG_011853,0.5641255882361833
SG_011855,0.47865065935147355
SG_011858,0.4746412863548203
SG_011861,0.3088878154285835
SG_011863,0.5477234942634144
SG_011864,0.5105575579557936
SG_011868,0.524905122618512
SG_011869,0.5285085259088249
SG_011871,0.5248471895614032
SG_011886,0.5348883659885073
SG_011889,0.4122058987682139
SG_011890,0.437987220452268
SG_011894,0.47896752387800323
SG_011896,0.3197452260900807
SG_011898,0.46985428888518876
SG_011900,0.532849604548383
SG_011918,0.388916237869894
SG_011922,0.5647773436352571
SG_011925,0.4338974377859833
SG_011926,0.47877370301583944
SG_011927,0.4917938521660667
SG_011931,0.5442231463561689
SG_011933,0.45951694761387446
SG_011936,0.39880837898598104
SG_011939,0.5143715278913661
SG_011940,0.44911122073752974
SG_011953,0.47538973021037195
SG_011955,0.6097623672778467
SG_011956,0.5064464661048802
SG_011959,0.4850911451810397
SG_011961,0.5299260916759341
SG_011962,0.5942193618137522
SG_011966,0.604532095247975
SG_011969,0.4767821888215081
SG_011971,0.35227340341928676
SG_011977,0.565340082582791
SG_011978,0.4152458000735888
SG_011983,0.4046939269538323
SG_011986,0.5382631388264331
SG_011988,0.45860855732630273
SG_011993,0.4313433200334995
SG_011995,0.421812436755671
SG_011996,0.44222784842290996
SG_011997,0.4376873728408739
SG_012000,0.5091991323891494
SG_012013,0.4987174064782944
SG_012018,0.45831900793420605
SG_012019,0.4158452874298126
SG_012020,0.5635482942056695
SG_012022,0.4092312280339393
SG_012031,0.50106999373001
SG_012040,0.5334997626003027
SG_012041,0.4294074999613436
SG_012048,0.3378606777896885
SG_012050,0.4406146949862806
SG_012051,0.4585794767903564
SG_012052,0.49268482487720655
SG_012064,0.5490690089306987
SG_012066,0.443860026423714
SG_012068,0.4705873382237902
SG_012076,0.4726361620423275
SG_012077,0.44012880628501544
SG_012078,0.4344488584583067
SG_012079,0.45210619502103033
SG_012080,0.4960362963857374
SG_012081,0.5230977796322328
SG_012082,0.62767105440181
SG_012086,0.4969066127066305
SG_012089,0.416840110874615
SG_012097,0.3604060309517406
SG_012104,0.44779043343232217
SG_012108,0.5401251355068875
SG_012113,0.5159825827422064
SG_012119,0.5546513885760066
SG_012124,0.5524793903002361
SG_012125,0.4557895647369046
SG_012141,0.5658664126349803
SG_012143,0.514025232426316
SG_012145,0.4487641358925166
SG_012148,0.45971407703673495
SG_012150,0.5211592181874316
SG_012162,0.48979130487312433
SG_012165,0.5011330135161165
SG_012166,0.4934312172289445
SG_012167,0.5764658105224176
SG_012168,0.5016780957999698
SG_012169,0.42792368439134504
SG_012170,0.5092364348199995
SG_012175,0.4508538093201504
SG_012176,0.5205523834548411
SG_012177,0.4387294668635561
SG_012181,0.4531318839966806
SG_012186,0.5991720107264454
SG_012190,0.5320349308575243
SG_012192,0.5206017768629678
SG_012194,0.44060497420843237
SG_012195,0.41725428080306876
SG_012198,0.5664089990731711
SG_012199,0.4319341727976252
SG_012205,0.6390295807937835
SG_012206,0.5321025127693785
SG_012211,0.4143000615381663
SG_012212,0.5228597848916376
SG_012213,0.5052431508460768
SG_012216,0.5636192615061208
SG_012217,0.4708966291502159
SG_012218,0.5248989415305603
SG_012220,0.4777366193337651
SG_012225,0.5511265597057073
SG_012230,0.37830640571761537
SG_012232,0.4516958081854365
SG_012234,0.40833685541738113
SG_012238,0.4860233831422669
SG_012241,0.45010703588822926
SG_012243,0.33695674598057357
SG_012247,0.5599208124229129
SG_012253,0.4233732622903095
SG_012258,0.5504466205590396
SG_012260,0.4446306559270793
SG_012263,0.3653841575682205
SG_012264,0.5740272181066537
SG_012266,0.5447115456739089
SG_012270,0.568918680401828
SG_012272,0.4046885135479439
SG_012276,0.4707770934017203
SG_012277,0.44189426280402677
SG_012278,0.4466729656480611
SG_012279,0.5386356068069245
SG_012280,0.606475439284669
SG_012281,0.5716453666855575
SG_012283,0.5786042245379565
SG_012284,0.6582173071379784
SG_012285,0.527038079241705
SG_012290,0.48101452028578373
SG_012293,0.4674123697619938
SG_012301,0.5451624035874888
SG_012305,0.48887105800768127
SG_012307,0.5622786802003981
SG_012308,0.4291894570035433
SG_012310,0.47159241333240576
SG_012312,0.5546005505880387
SG_012313,0.5588444545774023
SG_012316,0.612421570614346
SG_012321,0.39225835807278236
SG_012322,0.4952784936555157
SG_012326,0.39757448829523934
SG_012334,0.46169544886742764
SG_012336,0.42046526005440826
SG_012337,0.5133463581512289
SG_012339,0.5662670377795309
SG_012340,0.5640679494108171
SG_012345,0.5126817503280616
SG_012355,0.4270987751672026
SG_012362,0.5174671370096275
SG_012363,0.4833072050240897
SG_012368,0.48619326117432726
SG_012375,0.4270869543467541
SG_012378,0.47654348427425086
SG_012381,0.4562663836588783
SG_012384,0.37726844046806407
SG_012390,0.5145051826860875
SG_012393,0.48101042657072673
SG_012397,0.36673921229953876
SG_012400,0.5920603619439706
SG_012402,0.5810349007054193
SG_012410,0.44051432454426925
SG_012414,0.41932278145160434
SG_012419,0.44787209688802976
SG_012420,0.505317284408631
SG_012422,0.5219789230018871
SG_012423,0.4792408082274566
SG_012424,0.37335958435968547
SG_012427,0.4779074580699631
SG_012432,0.4744424673088667
SG_012436,0.5311018871768347
SG_012437,0.5395508322690944
SG_012438,0.5990831156074512
SG_012444,0.37771170713958596
SG_012446,0.4248543238566419
SG_012452,0.5505707845545061
SG_012453,0.5699365325978518
SG_012456,0.523998690796376
SG_012459,0.3814449801480542
SG_012468,0.5196221566310266
SG_012470,0.49499871002312423
SG_012480,0.5195585308736864
SG_012484,0.42497477928810723
SG_012489,0.5026255307558946
SG_012493,0.5472558887361436
SG_012495,0.565601573165455
SG_012499,0.5380119384504167
SG_012501,0.4764563343597319
SG_012502,0.4241537250912678
SG_012504,0.4890176154873463
SG_012506,0.5340946863527056
SG_012509,0.5446599257134968
SG_012510,0.6147647352037762
SG_012513,0.5175185785330425
SG_012519,0.5123693283998445
SG_012520,0.48940086713447783
SG_012521,0.4270322135112978
SG_012525,0.42981767331677473
SG_012527,0.48751682831667
SG_012531,0.42527079596334616
SG_012533,0.5492205760142903
SG_012538,0.5436208067416881
SG_012539,0.5550342947222191
SG_012548,0.5907943931898713
SG_012550,0.4907892642259793
SG_012552,0.5936105608995963
SG_012556,0.44838565364455496
SG_012561,0.5704338014060658
SG_012562,0.46766212523267847
SG_012563,0.5137403087580504
SG_012564,0.5865916345859684
SG_012567,0.42649919885880644
SG_012568,0.535062309607832
SG_012571,0.49735421682334563
SG_012575,0.48737685657046587
SG_012579,0.5439784475499801
SG_012588,0.5639742599730087
SG_012591,0.478756219608323
SG_012594,0.49482988254163596
SG_012596,0.4942193605204736
SG_012600,0.5431970941395006
SG_012601,0.5210011093200079
SG_012603,0.43716363561804084
SG_012606,0.5213074065085506
SG_012609,0.639894142482943
SG_012610,0.4160523595840746
SG_012615,0.4129708831465925
SG_012616,0.41234481316548066
SG_012619,0.4599987556276922
SG_012623,0.5730978827303097
SG_012628,0.45733905535286956
SG_012630,0.5612844437527046
SG_012632,0.4873088602484093
SG_012636,0.4169862169565747
SG_012640,0.4499291213094443
SG_012643,0.5105935782706652
SG_012648,0.5499652563610884
SG_012651,0.4133248931998086
SG_012654,0.5639807216577426
SG_012660,0.5760126737622877
SG_012661,0.5645951300046307
SG_012663,0.4941505092878962
SG_012669,0.4494139862405769
SG_012674,0.5400726153990677
SG_012680,0.5268108200114289
SG_012684,0.45498203473883947
SG_012688,0.47290727264117255
SG_012690,0.54039831635127
SG_012697,0.47939237481226404
SG_012699,0.4659189312560744
SG_012701,0.5072248775337076
SG_012705,0.4370655908070052
SG_012709,0.5155987681755675
SG_012710,0.5402600039635282
SG_012715,0.49088746361802893
SG_012716,0.459502966650931
SG_012718,0.42064878566052577
SG_012723,0.44795300613850053
SG_012724,0.550215144765127
SG_012730,0.498329715475629
SG_012734,0.5080060997836513
SG_012736,0.3384799005645826
SG_012738,0.4015193958579011
SG_012747,0.5215894837111313
SG_012749,0.5861682449754934
SG_012750,0.45409745407292895
SG_012753,0.45220229832072434
SG_012754,0.5685061343686806
SG_012757,0.5816479554859046
SG_012763,0.4389466880360027
SG_012764,0.4720170576586026
SG_012767,0.6061361134454369
SG_012768,0.4833172778571285
SG_012773,0.424741117750072
SG_012775,0.4854435846453218
SG_012777,0.5132448281689129
SG_012786,0.4581044739255946
SG_012787,0.5635624894548166
SG_012792,0.44040256664811417
SG_012797,0.5697488269638463
SG_012805,0.5780150232397403
SG_012808,0.5425926054353065
SG_012810,0.5123419920414607
SG_012819,0.5895660703881521
SG_012821,0.5907360953637185
SG_012822,0.5617584355587629
SG_012831,0.4924888779365741
SG_012844,0.5591728949661231
SG_012845,0.47250251448707153
SG_012848,0.3365461442460557
SG_012849,0.46225715463505335
SG_012851,0.5592403183457003
SG_012859,0.471761353219147
SG_012861,0.5437888790568626
SG_012869,0.5603264639789642
SG_012870,0.5341976849779735
SG_012873,0.634624654137521
SG_012874,0.5669500667108179
SG_012883,0.3353577476142473
SG_012886,0.6087171191914212
SG_012887,0.4223876156407852
SG_012888,0.430915900743741
SG_012891,0.4869851695425552
SG_012898,0.4557436683758606
SG_012905,0.5657979133723777
SG_012910,0.5695069648571576
SG_012913,0.5331775119279447
SG_012918,0.5075154827535874
SG_012919,0.5306287112982803
SG_012920,0.5144606596520329
SG_012923,0.40980616463419756
SG_012924,0.44718333947403255
SG_012926,0.5853381167807532
SG_012936,0.568908655722417
SG_012938,0.4803807537708918
SG_012940,0.40157165608155926
SG_012945,0.4352537394797135
SG_012949,0.5178731610942944
SG_012958,0.37059887578216416
SG_012962,0.5601336463970612
SG_012967,0.44284854530160317
SG_012968,0.4939856946542791
SG_012970,0.44506547714277034
SG_012972,0.43989825152316525
SG_012978,0.44357060972090245
SG_012979,0.456020217373073
SG_012980,0.5740451559502443
SG_012981,0.4784820561081865
SG_012983,0.4405259823964042
SG_012984,0.5725795452206447
SG_012989,0.5136965701057568
SG_012994,0.4803634295111554
SG_012997,0.5301822759684324
SG_013002,0.4444325927444777
SG_013009,0.4246696853924714
SG_013017,0.5186262941596979
SG_013023,0.5230038144367439
SG_013028,0.468104990645997
SG_013030,0.5066011857975309
SG_013033,0.5508053913277088
SG_013042,0.48025783463523564
SG_013043,0.510430689530873
SG_013045,0.5292157900192435
SG_013063,0.48253411717796885
SG_013064,0.49004433739958897
SG_013065,0.5402420536063145
SG_013068,0.5085507373496794
SG_013070,0.4364344865683714
SG_013071,0.41519446965667944
SG_013072,0.5562207654099418
SG_013077,0.4992533409941797
SG_013080,0.542078461105435
SG_013082,0.49760710462522284
SG_013083,0.5558941763262808
SG_013085,0.5170989586703064
SG_013086,0.4302923022424135
SG_013093,0.4460984829549001
SG_013094,0.4518140822219092
SG_013096,0.5275858741118825
SG_013104,0.524802009235391
SG_013108,0.4622116352086563
SG_013111,0.4910375336555236
SG_013112,0.4981925533450272
SG_013115,0.45536857174771334
SG_013117,0.5655779232133886
SG_013125,0.3199661190606099
SG_013127,0.5888588499089434
SG_013135,0.4961663704579869
SG_013138,0.5758078007163647
SG_013139,0.5165037223387633
SG_013141,0.5236471542715548
SG_013149,0.5666786036175933
SG_013150,0.5161580075799157
SG_013157,0.7286858392752663
SG_013159,0.5600824113816588
SG_013166,0.4323359031112898
SG_013172,0.49207904977934436
SG_013177,0.4497794035642561
SG_013178,0.3818373786520857
SG_013187,0.5205029193592361
SG_013196,0.39465938332339684
SG_013201,0.5412529707684783
SG_013202,0.37106174460997865
SG_013212,0.36523773966333256
SG_013219,0.4308251187401373
SG_013222,0.42101952654296093
SG_013223,0.5669413579720396
SG_013224,0.6886648698610369
SG_013233,0.3826739476544014
SG_013237,0.4578090259872364
SG_013245,0.45194956751871596
SG_013249,0.5429357815581649
SG_013250,0.45370275145333544
SG_013260,0.6022109484199364
SG_013264,0.49179488679541683
SG_013266,0.501228859597825
SG_013267,0.586328320328574
SG_013269,0.4618083229390969
SG_013273,0.5560042537582376
SG_013276,0.4250883889758277
SG_013280,0.44318237136436167
SG_013281,0.49074425132069527
SG_013282,0.4603428670638868
SG_013288,0.4583551032472679
SG_013292,0.563766805086103
SG_013294,0.6293418581887221
SG_013297,0.4595250356939293
SG_013304,0.43895724031513006
SG_013311,0.5397173553859977
SG_013313,0.5299471314193946
SG_013314,0.43200945325300094
SG_013315,0.3074253542645996
SG_013317,0.5302181800176818
SG_013321,0.5200681052071652
SG_013323,0.46362161777853617
SG_013327,0.5884824897553564
SG_013328,0.40294985984256676
SG_013332,0.5201769546171233
SG_013337,0.5283602990842222
SG_013338,0.5606009085485286
SG_013339,0.4068844628485785
SG_013340,0.585023457195221
SG_013342,0.3839215909526318
SG_013344,0.42968949915140503
SG_013345,0.4564246375368444
SG_013347,0.46286890161215866
SG_013348,0.46780095479549466
SG_013356,0.5431363192005804
SG_013358,0.553143670231524
SG_013359,0.5099351786877147
SG_013360,0.428285806847583
SG_013361,0.4918425034707978
SG_013362,0.5249574853038522
SG_013366,0.456472811707506
SG_013371,0.5405494429094145
SG_013372,0.5027228344767827
SG_013374,0.4802594524238804
SG_013380,0.3856152513490736
SG_013383,0.5783976724641183
SG_013384,0.48491757966477117
SG_013391,0.6197224620457618
SG_013392,0.5423999242058444
SG_013393,0.4993539981137229
SG_013396,0.5414826036161001
SG_013400,0.4937845203544517
SG_013404,0.3525384932818046
SG_013412,0.47773344702213866
SG_013413,0.584125104179871
SG_013414,0.4495312323789668
SG_013418,0.5626701174113634
SG_013420,0.42510695565220036
SG_013421,0.471225604305211
SG_013424,0.5522242744008956
SG_013427,0.42845492049898265
SG_013430,0.4612388423227722
SG_013435,0.5495853910018441
SG_013438,0.4941028534290621
SG_013440,0.41357673388594135
SG_013443,0.5283479916012256
SG_013444,0.5223745280447761
SG_013446,0.46392656060245774
SG_013447,0.4737326444383109
SG_013452,0.47724431805567785
SG_013454,0.5254117934301475
SG_013456,0.3547278396547202
SG_013462,0.4851410963648777
SG_013463,0.6010805627043574
SG_013464,0.62350374135656
SG_013468,0.4480117042008102
SG_013472,0.4654383703550794
SG_013474,0.5575910686457457
SG_013477,0.529977938844013
SG_013480,0.5249698662882547
SG_013485,0.4576080875744402
SG_013486,0.4522982095058578
SG_013487,0.5068212738864508
SG_013491,0.5816281050747141
SG_013495,0.5056132716402917
SG_013499,0.4634738543312931
SG_013504,0.5764905036948904
SG_013508,0.5249954995490516
SG_013509,0.44656792339370877
SG_013515,0.5663994791633024
SG_013523,0.513055872803574
SG_013528,0.47946192898140927
SG_013538,0.5291401469203343
SG_013542,0.46465645391575283
SG_013543,0.4345557116773002
SG_013544,0.5488017529321969
SG_013545,0.4720795445166157
SG_013546,0.5280213129801645
SG_013548,0.5617644676788788
SG_013549,0.5917070614966273
SG_013552,0.6088477294293618
SG_013553,0.47360512407567795
SG_013554,0.4901765964767802
SG_013557,0.5238946293378269
SG_013558,0.40153641872816076
SG_013561,0.5756779111086441
SG_013563,0.365912024726008
SG_013565,0.534388134518725
SG_013567,0.5219151307121923
SG_013568,0.39635880639328613
SG_013571,0.5157075789736202
SG_013574,0.5445672850156759
SG_013575,0.44285953599274874
SG_013578,0.4980448584603463
SG_013579,0.628506135783957
SG_013580,0.45649413907683284
SG_013586,0.3812676855212567
SG_013588,0.3366636543853723
SG_013591,0.5418869819288438
SG_013598,0.572034338071259
SG_013601,0.4926050658682724
SG_013602,0.6098355628612111
SG_013604,0.42746426806667914
SG_013608,0.5778382215521818
SG_013610,0.5989040262267628
SG_013612,0.4808831027223318
SG_013613,0.4710403438621569
SG_013616,0.4678765002763899
SG_013619,0.47689236647377886
SG_013624,0.4771135800484983
SG_013626,0.4456289319700258
SG_013628,0.6656536962168309
SG_013629,0.5826471915776299
SG_013633,0.5116181603863835
SG_013635,0.39207527935652986
SG_013637,0.4727031224483397
SG_013638,0.4773352031056743
SG_013639,0.48349432088318395
SG_013641,0.5175126044374089
SG_013646,0.5480657902000383
SG_013653,0.41755384563104814
SG_013667,0.5395308983251562
SG_013668,0.6443972130190327
SG_013670,0.46571519180411586
SG_013675,0.714456957156506
SG_013677,0.4123454187222934
SG_013678,0.5235584791587986
SG_013681,0.45088096936692806
SG_013682,0.5135122654080292
SG_013683,0.5262161565755744
SG_013684,0.4779007531162238
SG_013685,0.5162751271757046
SG_013686,0.5350253679707324
SG_013690,0.5028444663285316
SG_013695,0.4341996706989973
SG_013705,0.424718611036535
SG_013706,0.4132924208473583
SG_013708,0.38212429494135824
SG_013711,0.48685292084242243
SG_013713,0.5030855262515986
SG_013715,0.485967831419296
SG_013716,0.4827624790675714
SG_013726,0.6241066820768953
SG_013727,0.4587046483463677
SG_013728,0.5145087450176786
SG_013731,0.5412282790579591
SG_013733,0.3018112483439378
SG_013737,0.5317831839428601
SG_013740,0.4808183288277112
SG_013741,0.4096900873787282
SG_013744,0.42315078116707977
SG_013745,0.5670991578420859
SG_013746,0.45425986806197016
SG_013747,0.4642905956750513
SG_013749,0.5829283464454366
SG_013755,0.5458087426700047
SG_013759,0.4802182767565186
SG_013765,0.508463717964891
SG_013766,0.597677953890518
SG_013769,0.4610299466079739
SG_013773,0.5154606681230781
SG_013785,0.5382858296030248
SG_013793,0.4731024530663753
SG_013800,0.37037753391280426
SG_013808,0.3992929007437785
SG_013815,0.5494755292226797
SG_013827,0.3913905296745191
SG_013840,0.4375104907237759
SG_013841,0.41261198600762294
SG_013842,0.44509961022720906
SG_013844,0.5481865665866825
SG_013845,0.43959859884220603
SG_013849,0.3954109221102567
SG_013850,0.37317850224574417
SG_013851,0.46825507213792095
SG_013853,0.5259672459214609
SG_013854,0.5592203930707692
SG_013855,0.5640711251366954
SG_013857,0.4561544391718765
SG_013860,0.492816079167461
SG_013862,0.4836002798341413
SG_013867,0.5138638220792517
SG_013868,0.5417805615374924
SG_013870,0.5996382624032167
SG_013883,0.4591316300080322
SG_013884,0.5338288125594141
SG_013885,0.5483247576095164
SG_013892,0.42992451173246865
SG_013896,0.34949759485011017
SG_013898,0.41461189687210515
SG_013901,0.5409969312823314
SG_013905,0.48240474254840904
SG_013906,0.609426443753442
SG_013907,0.5364608303252646
SG_013910,0.5251949198024256
SG_013912,0.42249844851681645
SG_013914,0.453832515098503
SG_013919,0.5224219030814937
SG_013922,0.49238856527509556
SG_013943,0.5241812229772882
SG_013944,0.38250625096120927
SG_013946,0.5049964148435319
SG_013948,0.4441751671726526
SG_013949,0.5192648709998443
SG_013953,0.5025659762342024
SG_013962,0.543334539942725
SG_013965,0.49438394135063246
SG_013969,0.5327397265639573
SG_013974,0.4121273180074421
SG_013978,0.46110025256630816
SG_013979,0.4905820221976549
SG_013980,0.44235217075662914
SG_013986,0.40992420792277584
SG_013997,0.49489396836015165
SG_014000,0.5108704851352375
SG_014004,0.4308645977702037
SG_014009,0.551860543508089
SG_014010,0.5163895304586198
SG_014012,0.5641651634687773
SG_014014,0.47805263143066995
SG_014015,0.47087192438344944
SG_014016,0.535164338765636
SG_014017,0.49489365803430035
SG_014018,0.3811958667356218
SG_014020,0.5088177699780274
SG_014021,0.5294093872447307
SG_014022,0.4484868445455272
SG_014023,0.4876059858198964
SG_014026,0.5658416030564487
SG_014030,0.5276836083236942
SG_014031,0.5104107064267308
SG_014036,0.41581133336426634
SG_014037,0.4222678151273006
SG_014039,0.4683343628208667
SG_014045,0.587441304110903
SG_014046,0.5196538666507344
SG_014047,0.5857110549347665
SG_014050,0.3586881709001471
SG_014053,0.44602078725844524
SG_014058,0.6124548277805351
SG_014059,0.5241621998146655
SG_014062,0.42979419580782985
SG_014067,0.6090246538193885
SG_014072,0.37788773945979764
SG_014073,0.46639313764382784
SG_014075,0.5255677648343158
SG_014081,0.5327637261385039
SG_014085,0.4852876529265959
SG_014088,0.5670649815859439
SG_014096,0.4604523121805928
SG_014099,0.4983317074885054
SG_014102,0.6847101351447544
SG_014105,0.5105654347645301
SG_014111,0.570294594630108
SG_014113,0.5144095477970915
SG_014116,0.4209010488923172
SG_014122,0.573296576213955
SG_014123,0.47743843943677516
SG_014124,0.6089971183798036
SG_014130,0.47906946653333793
SG_014132,0.49092192826589526
SG_014135,0.5404672934920334
SG_014136,0.5585828409819046
SG_014139,0.5112753853021631
SG_014140,0.5323141404157952
SG_014141,0.5152873421008027
SG_014146,0.5580286703935354
SG_014155,0.5329520228373549
SG_014157,0.4322308096152366
SG_014161,0.48898548509827855
SG_014162,0.483305135616972
SG_014165,0.526848870394102
SG_014167,0.5664788905005003
SG_014168,0.46673068454976707
SG_014172,0.42241446878745204
SG_014176,0.5177604827503166
SG_014177,0.5788360168400584
SG_014184,0.5742376633273832
SG_014186,0.5931898628520093
SG_014188,0.4851686027145674
SG_014190,0.47879930406254856
SG_014191,0.4850368461902775
SG_014192,0.4562208787047662
SG_014194,0.5275086650357893
SG_014196,0.49147608617655303
SG_014197,0.5323015935649883
SG_014205,0.5940985270735366
SG_014210,0.4787511214630053
SG_014217,0.32400948188852324
SG_014219,0.503366736334944
SG_014223,0.518542545608757
SG_014235,0.45671480979291273
SG_014237,0.5544521998728016
SG_014243,0.4797326303078014
SG_014248,0.5766866252769385
SG_014249,0.4790711955786918
SG_014259,0.5442956469277427
SG_014269,0.5369528920976719
SG_014270,0.5611912851701097
SG_014272,0.39070289235146327
SG_014277,0.44176707056157355
SG_014288,0.4186971435448453
SG_014290,0.44689137710804455
SG_014292,0.46469558234358604
SG_014293,0.5274837654582177
SG_014295,0.5954816678358861
SG_014299,0.42504787241487013
SG_014308,0.5173130175887848
SG_014309,0.5139902843306041
SG_014311,0.6402988884224907
SG_014314,0.5807448178852589
SG_014319,0.40706823286030125
SG_014320,0.4080665677046451
SG_014321,0.6350595735321733
SG_014328,0.556880827767457
SG_014334,0.3448759556589391
SG_014335,0.5629709843200932
SG_014339,0.5634527796393207
SG_014342,0.39304839997306945
SG_014343,0.6164426378350788
SG_014345,0.42905959134392785
SG_014363,0.49208189807231534
SG_014368,0.37742122662854466
SG_014370,0.48519656511729925
SG_014373,0.4834269650074078
SG_014375,0.5138695251646866
SG_014380,0.5536969973387712
SG_014383,0.5158996427219429
SG_014385,0.5888819347242794
SG_014386,0.5382944373031078
SG_014387,0.503437264458324
SG_014389,0.4894797148266262
SG_014391,0.6311794189209471
SG_014394,0.6037516198360418
SG_014398,0.3390454987723686
SG_014402,0.4495865257408209
SG_014409,0.5058254924167918
SG_014411,0.4867465173783243
SG_014415,0.5296520643768807
SG_014416,0.46829064047356544
SG_014418,0.41511491835313435
SG_014425,0.5050158328492245
SG_014426,0.5101709509838507
SG_014431,0.5327253760485899
SG_014432,0.5192094643475695
SG_014446,0.4538664435639295
SG_014447,0.4601699622938858
SG_014457,0.5769175077481016
SG_014465,0.5534365714724451
SG_014466,0.5019016852327675
SG_014469,0.5175440994664136
SG_014474,0.47390057573514927
SG_014484,0.4288177319466335
SG_014486,0.4137183234444723
SG_014488,0.4704797569750415
SG_014491,0.5113126372070392
SG_014495,0.5350536808951678
SG_014512,0.5204267275533802
SG_014514,0.4387678653777537
SG_014516,0.5134436949931795
SG_014519,0.49663238910634205
SG_014522,0.46608934508721467
SG_014529,0.5340127391952753
SG_014538,0.49099534410385726
SG_014544,0.49632199089207213
SG_014551,0.545902139513182
SG_014552,0.445974273591567
SG_014556,0.4143162723294556
SG_014562,0.556886289472463
SG_014565,0.4621666276590621
SG_014566,0.582814763586662
SG_014568,0.3635594195083717
SG_014569,0.3989533588004325
SG_014570,0.4368823403698043
SG_014578,0.5375904377207504
SG_014579,0.5198966314879567
SG_014581,0.5416839011697447
SG_014582,0.6519398267077458
SG_014583,0.5028458617069916
SG_014587,0.5453854296409542
SG_014594,0.4861077833724256
SG_014596,0.5327659727375269
SG_014597,0.4656952469026217
SG_014607,0.5557334645426931
SG_014611,0.4947933030604789
SG_014616,0.45615503026798737
SG_014617,0.44132487490243844
SG_014618,0.6550421668941423
SG_014619,0.47333770787611906
SG_014621,0.5104182397185201
SG_014626,0.5628270952981397
SG_014634,0.4374855961434362
SG_014635,0.5404193214567733
SG_014636,0.5508803611430205
SG_014637,0.4592034062786793
SG_014640,0.5632137114812173
SG_014641,0.5743716788739824
SG_014645,0.4852261514201009
SG_014647,0.436531082243959
SG_014653,0.44308644802560604
SG_014655,0.45719234224269295
SG_014656,0.573622903016191
SG_014657,0.6290654334987822
SG_014660,0.5043341710843086
SG_014667,0.36198753011908014
SG_014672,0.5427812171513793
SG_014677,0.3739124196465221
SG_014680,0.5341028757417804
SG_014681,0.4874456862003878
SG_014687,0.642520568835249
SG_014690,0.5464856930298051
SG_014691,0.4336191220646039
SG_014700,0.5600604289874255
SG_014701,0.517558576190841
SG_014702,0.4930001087576859
SG_014703,0.412942707684399
SG_014712,0.5232881864316151
SG_014713,0.4531513697858083
SG_014718,0.4152147718697556
SG_014720,0.5695617230689057
SG_014723,0.5117944824572068
SG_014729,0.529533471476251
SG_014731,0.5140096264481849
SG_014733,0.48448955833766083
SG_014735,0.6271303767583637
SG_014742,0.3407883392277728
SG_014746,0.3312171411958575
SG_014748,0.4056202077322329
SG_014749,0.4976778691314773
SG_014753,0.469887120769332
SG_014754,0.481652885354393
SG_014757,0.4624285894400171
SG_014771,0.3985414375390541
SG_014774,0.520753587092308
SG_014777,0.456270769822503
SG_014778,0.4608252525917407
SG_014780,0.4771238392504161
SG_014787,0.5281793410436956
SG_014800,0.4133103172767876
SG_014801,0.47424460569262483
SG_014802,0.42055732877224783
SG_014803,0.5081695174338445
SG_014808,0.405540202591675
SG_014812,0.3908595411500379
SG_014813,0.43414220792612723
SG_014815,0.49916224984620283
SG_014824,0.38651866899813203
SG_014825,0.5201120078726605
SG_014827,0.5161504978785435
SG_014830,0.393426943925053
SG_014834,0.455285619607595
SG_014839,0.5696496379239308
SG_014844,0.5363803697861086
SG_014865,0.5605115161451647
SG_014866,0.4012004882981321
SG_014867,0.5327763759995878
SG_014871,0.5469406562345834
SG_014874,0.5335854259595568
SG_014875,0.4959851318595973
SG_014879,0.4530385661995202
SG_014880,0.3740392678601791
SG_014882,0.5312558959569348
SG_014885,0.4658209078423672
SG_014887,0.5139545739685587
SG_014894,0.40076041364588033
SG_014895,0.4166153341115505
SG_014898,0.5042143193763191
SG_014900,0.5316874531651105
SG_014906,0.5429775166707789
SG_014909,0.49784464762851954
SG_014914,0.49574664279716
SG_014919,0.4879248378089022
SG_014921,0.47970734305094076
SG_014939,0.5433109470864547
SG_014940,0.5497973935783956
SG_014945,0.41360280302904584
SG_014946,0.40240355328383365
SG_014951,0.5994471323796569
SG_014953,0.6309665680695646
SG_014955,0.48057114585076494
SG_014959,0.4637174190442202
SG_014961,0.5270750585683048
SG_014964,0.4913814975348504
SG_014965,0.5992808669401225
SG_014966,0.5076620570120817
SG_014969,0.40998387367667694
SG_014972,0.4651457692060336
SG_014976,0.5000568716343509
SG_014979,0.5072614698104334
SG_014980,0.47281467466106386
SG_014984,0.5656577314846605
SG_014990,0.3600294536580298
SG_014998,0.4275405067644287
SG_014999,0.36891459545337507
SG_015001,0.5341857459267869
SG_015002,0.5698927873652965
SG_015014,0.4913619108877469
SG_015015,0.39383117377004684
SG_015021,0.5324231502461535
SG_015026,0.5259955745047226
SG_015031,0.5444445353790337
SG_015036,0.5362516975938588
SG_015039,0.437973829091442
SG_015042,0.4871003625607329
SG_015044,0.5223449768697646
SG_015046,0.5466514298524828
SG_015047,0.560798054141642
SG_015050,0.4344307498043785
SG_015054,0.4118380360728488
SG_015066,0.5115641245923636
SG_015068,0.6049587776879671
SG_015071,0.522013679802352
SG_015075,0.34193430523273194
SG_015076,0.4296154793123499
SG_015081,0.6187773803877812
SG_015082,0.4995513268539562
SG_015085,0.3992645041606536
SG_015093,0.5727626339129149
SG_015095,0.4985216367596166
SG_015099,0.5332107047992087
SG_015102,0.47231130128486853
SG_015103,0.5586594879337574
SG_015111,0.5958413173557945
SG_015112,0.5884361328325097
SG_015118,0.4895913520377348
SG_015125,0.41128631689782347
SG_015126,0.5530424878148457
SG_015127,0.4540890486501147
SG_015129,0.4961370911505842
SG_015134,0.318674713825834
SG_015135,0.39881569912347203
SG_015137,0.4950660520403108
SG_015138,0.4849208303884305
SG_015144,0.585096395923023
SG_015146,0.5367398832984405
SG_015152,0.5575172471088122
SG_015155,0.49892014512428223
SG_015158,0.5298564825309484
SG_015159,0.2006109558298938
SG_015161,0.5569654478609959
SG_015165,0.5896289799407501
SG_015167,0.4856390173584862
SG_015169,0.43282985793343054
SG_015176,0.5979466910914616
SG_015180,0.48997625858417726
SG_015183,0.4551683503639624
SG_015189,0.3930822196391034
SG_015190,0.3417037423389168
SG_015192,0.3703093867209357
SG_015195,0.4609504885385139
SG_015197,0.3818134237732095
SG_015201,0.43900071136893665
SG_015202,0.44388093453586525
SG_015214,0.4020134061697128
SG_015215,0.4429344422254208
SG_015217,0.451952591151354
SG_015222,0.41722281099311304
SG_015224,0.4392275510502268
SG_015235,0.4094233013144001
SG_015239,0.34657120575827555
SG_015246,0.46133909682556634
SG_015251,0.5424619153141332
SG_015252,0.555806737936549
SG_015256,0.5103789387441258
SG_015257,0.5840935319691966
SG_015261,0.5223262355630129
SG_015262,0.5388940127805174
SG_015263,0.49186349128088763
SG_015269,0.5217811071507272
SG_015270,0.46338254063257545
SG_015272,0.5196633247507628
SG_015276,0.5436548208298364
SG_015277,0.4056451334573652
SG_015278,0.3632880729768802
SG_015279,0.5948292928568181
SG_015280,0.5353999626539284
SG_015283,0.5176355595740366
SG_015284,0.48434352576121914
SG_015289,0.5127968204216552
SG_015290,0.42097359193854744
SG_015294,0.5039540511098362
SG_015296,0.4972858978889348
SG_015297,0.5539762555069319
SG_015302,0.5653271126986432
SG_015304,0.5265869708066623
SG_015308,0.49127530916744994
SG_015309,0.5446778438349724
SG_015312,0.5297520734763147
SG_015317,0.5568666324409313
SG_015322,0.4730106830515514
SG_015323,0.5936549156377997
SG_015326,0.508590839179675
SG_015329,0.35976647884112745
SG_015337,0.490759330087523
SG_015339,0.4717994885732846
SG_015340,0.44464221598455267
SG_015341,0.4402772732570347
SG_015346,0.42786352379611814
SG_015348,0.42629584055898473
SG_015349,0.555276590210632
SG_015351,0.4574856535836841
SG_015355,0.46500780380409745
SG_015356,0.494493720276519
SG_015360,0.5135151236471405
SG_015361,0.5415572707886076
SG_015362,0.6026123858131015
SG_015363,0.5409967468996055
SG_015369,0.4133752329845671
SG_015372,0.5792207998202837
SG_015375,0.35555635515378137
SG_015381,0.5873298911373489
SG_015382,0.44283233694886404
SG_015383,0.4698943556670802
SG_015384,0.48672821139379463
SG_015388,0.502361633016189
SG_015395,0.46102553528340806
SG_015397,0.56554654784466
SG_015399,0.519791362306246
SG_015400,0.5420925764662125
SG_015401,0.522586941821788
SG_015402,0.5576354906790464
SG_015403,0.596935896752214
SG_015406,0.459915265973415
SG_015412,0.5793504971472525
SG_015421,0.5402454513272409
SG_015424,0.45765592469482114
SG_015425,0.4009488101997343
SG_015428,0.43106086462579296
SG_015430,0.43808725973956175
SG_015431,0.42746194008351923
SG_015439,0.436287898238937
SG_015440,0.3814010363784886
SG_015446,0.5261895852452756
SG_015447,0.5329627970256403
SG_015448,0.4874879193430623
SG_015452,0.4819466915666126
SG_015454,0.5278833345459575
SG_015458,0.45058830910171216
SG_015462,0.5344072753914499
SG_015463,0.5658304344775157
SG_015464,0.49037244993583917
SG_015466,0.4874192912186387
SG_015467,0.5380104694036555
SG_015470,0.5235576530399708
SG_015473,0.49824190030970616
SG_015479,0.3826481930416916
SG_015481,0.563783395841307
SG_015483,0.42787522220015
SG_015492,0.5691743476240568
SG_015495,0.3558572510261966
SG_015498,0.4730585291875375
SG_015503,0.4737432988722183
SG_015507,0.49592621920574154
SG_015512,0.4872827290096802
SG_015514,0.5179823336159832
SG_015517,0.5161411170644638
SG_015520,0.4405826751242232
SG_015524,0.43353243145042675
SG_015526,0.47732076021689174
SG_015527,0.4404604831407395
SG_015535,0.5368309012638528
SG_015537,0.5716757771793197
SG_015538,0.5038567437003665
SG_015540,0.6133774049447559
SG_015542,0.45320874172652176
SG_015543,0.6468617963300005
SG_015544,0.4956429609137292
SG_015546,0.5652962563732156
SG_015547,0.45432495747091767
SG_015550,0.37597116508942197
SG_015556,0.3654129489297374
SG_015558,0.5055414061228014
SG_015559,0.5989899627805227
SG_015560,0.5258090011119297
SG_015562,0.4810437354647081
SG_015565,0.48376629199981164
SG_015568,0.6072386290797149
SG_015572,0.4251243823381683
SG_015576,0.381071797156094
SG_015578,0.3605408748069072
SG_015580,0.40551057374620225
SG_015582,0.4966374038963334
SG_015584,0.5285870990343117
SG_015585,0.4202337968448546
SG_015586,0.46221785016785133
SG_015587,0.5201717806113908
SG_015589,0.5419270532222291
SG_015590,0.5817793681059723
SG_015591,0.558088991258152
SG_015593,0.4461827869147644
SG_015597,0.42963240734539426
SG_015598,0.5132156135711448
SG_015600,0.45824128789011725
SG_015606,0.5073535735221936
SG_015613,0.5173994515215882
SG_015615,0.5496611118383887
SG_015617,0.3989763682387903
SG_015619,0.49107166171103445
SG_015623,0.4849946686875272
SG_015627,0.6386676292305284
SG_015637,0.37170498891545867
SG_015641,0.5284913768058371
SG_015644,0.4659036848546117
SG_015649,0.5388735209730349
SG_015654,0.5552735642591208
SG_015655,0.5816598163617435
SG_015656,0.5120097761683857
SG_015659,0.4895984057075759
SG_015662,0.5284917732770893
SG_015664,0.386986873709309
SG_015671,0.5097740232258129
SG_015675,0.45594966759664574
SG_015678,0.5409395409979934
SG_015680,0.42790257270252946
SG_015681,0.4923104945080324
SG_015682,0.484034315788704
SG_015684,0.49721423695519296
SG_015693,0.5517682546094994
SG_015708,0.5380908627728161
SG_015715,0.5238757610307782
SG_015716,0.5797996188103113
SG_015718,0.4596317419180702
SG_015721,0.49949919471842325
SG_015724,0.5615382549062107
SG_015726,0.5224055897199285
SG_015729,0.5885384851260386
SG_015730,0.5556879035423501
SG_015735,0.5807526485341119
SG_015738,0.5446269766569379
SG_015743,0.4057052803516306
SG_015744,0.4440906396691338
SG_015746,0.3784569954087151
SG_015756,0.5039635303966989
SG_015762,0.43437208417648987
SG_015763,0.4276140137582622
SG_015766,0.42754136484949784
SG_015769,0.4894907178379872
SG_015770,0.5012606538966432
SG_015772,0.5564620261190482
SG_015773,0.5527012599077276
SG_015780,0.3431529884392462
SG_015790,0.48269752748493505
SG_015797,0.5349722159103336
SG_015806,0.433585077897208
SG_015810,0.521666516221446
SG_015815,0.6178384944473628
SG_015817,0.5003884016724557
SG_015818,0.508610189297978
SG_015819,0.4805487578708413
SG_015820,0.467734589249548
SG_015827,0.7097650348666815
SG_015828,0.4732817363508705
SG_015829,0.49712035447348374
SG_015832,0.42202146506684907
SG_015833,0.5120551643709339
SG_015834,0.4727501617226783
SG_015838,0.5201321290896394
SG_015840,0.5055555564249428
SG_015842,0.48710850791650495
SG_015845,0.39454723014409654
SG_015849,0.4257656765960602
SG_015857,0.5365077752615642
SG_015859,0.45081119415324283
SG_015860,0.633331738739862
SG_015867,0.44017057727036696
SG_015873,0.5316689463068424
SG_015878,0.5192015361068657
SG_015879,0.40650324341841704
SG_015880,0.43532403726820956
SG_015881,0.366675327253464
SG_015884,0.5088292203433402
SG_015885,0.47440874427221563
SG_015891,0.4630334238723956
SG_015893,0.5151413620169011
SG_015898,0.5098823783587036
SG_015900,0.5141385363838264
SG_015901,0.471847212437313
SG_015907,0.5202790577669041
SG_015908,0.5648631899113602
SG_015910,0.5102132664393203
SG_015914,0.5127346384204038
SG_015917,0.5693546480413201
SG_015921,0.5860113388647646
SG_015922,0.509929504803894
SG_015928,0.5648246024248863
SG_015939,0.5557887740750211
SG_015940,0.462364844217247
SG_015942,0.4831788150395637
SG_015943,0.5344878012718047
SG_015947,0.6033549469565894
SG_015950,0.518710442862929
SG_015951,0.534888371834538
SG_015955,0.3536508405265534
SG_015964,0.5457833768254411
SG_015965,0.42155314026305446
SG_015972,0.5761594035013202
SG_015973,0.3280845120199044
SG_015975,0.4150872177457605
SG_015977,0.49433369990307935
SG_015978,0.5763986158152974
SG_015979,0.5986331277866102
SG_015980,0.5062157605406304
SG_015981,0.5407415121660889
SG_015985,0.5562682189322476
SG_015988,0.38595706123536877
SG_015989,0.5359123625733881
SG_015990,0.4970846228756647
SG_015998,0.4830179420660449
SG_015999,0.5174879493918464
SG_016002,0.5323512818747489
SG_016003,0.45716442991450573
SG_016004,0.5210130533762629
SG_016008,0.590390998506947
SG_016010,0.5328733651148713
SG_016013,0.5446242620807613
SG_016015,0.4429362543553074
SG_016020,0.5169048351049257
SG_016021,0.4556954048497409
SG_016022,0.4917486181962871
SG_016027,0.6130440990392702
SG_016028,0.5346066360827408
SG_016029,0.39719902512995603
SG_016030,0.5162415847482833
SG_016045,0.4323404762382004
SG_016048,0.44675542145544755
SG_016049,0.39719257273443936
SG_016054,0.6514293586359361
SG_016056,0.5447433508948409
SG_016060,0.5399988516742616
SG_016065,0.3775579396354084
SG_016081,0.42026334675150695
SG_016085,0.4405444094676155
SG_016089,0.48732081174948716
SG_016091,0.6148740159253713
SG_016092,0.5030534463190649
SG_016101,0.5560860074070776
SG_016102,0.5579411078833166
SG_016103,0.465554681166868
SG_016108,0.5083277934662656
SG_016109,0.5099267656113738
SG_016111,0.547643582185411
SG_016113,0.5241972842944338
SG_016114,0.4807322835173705
SG_016115,0.48134937602790756
SG_016116,0.5015798334234626
SG_016119,0.46703813640113756
SG_016124,0.5344142602292953
SG_016127,0.5586285351076036
SG_016132,0.5605505527376833
SG_016133,0.5422204702148484
SG_016134,0.5419702306355939
SG_016138,0.33453573470348513
SG_016140,0.5076038242435261
SG_016146,0.46585588439246123
SG_016147,0.5568346294286507
SG_016156,0.4239057531999338
SG_016158,0.4954784936788874
SG_016159,0.4673252664270823
SG_016160,0.425120835168154
SG_016161,0.4734231829348447
SG_016163,0.5758258435362767
SG_016164,0.5959186553352204
SG_016165,0.4902256091008381
SG_016166,0.4550366021511935
SG_016171,0.4422809161531391
SG_016172,0.5473742989366741
SG_016174,0.46454492801684405
SG_016176,0.5133487495347102
SG_016179,0.5209655175836664
SG_016181,0.4408805232950172
SG_016183,0.42466381820589877
SG_016185,0.5009086740845323
SG_016186,0.41071532817786793
SG_016187,0.47393374118545434
SG_016188,0.5367114513656314
SG_016190,0.45361130879055755
SG_016194,0.5279944974774995
SG_016195,0.4360185081379437
SG_016196,0.5442302523584008
SG_016197,0.48550482977479
SG_016211,0.4253718787215604
SG_016214,0.5535010440247498
SG_016215,0.5375456828793035
SG_016219,0.43904931156333615
SG_016221,0.5330422613905825
SG_016222,0.5157322552579947
SG_016224,0.43109603235256955
SG_016225,0.46244168352640275
SG_016233,0.5292835363881456
SG_016234,0.49936742918671456
SG_016235,0.4593598189374616
SG_016238,0.3802910556840691
SG_016242,0.4728266842086294
SG_016244,0.5155201019573173
SG_016245,0.40586746159843706
SG_016246,0.5894647394504411
SG_016249,0.5472448006042296
SG_016251,0.6300959773554472
SG_016252,0.4702988063396048
SG_016259,0.5697063469348852
SG_016262,0.5440028405896077
SG_016263,0.3359817653086756
SG_016268,0.5136023192808752
SG_016270,0.4443184488660778
SG_016272,0.5217957345730392
SG_016273,0.5316639676638325
SG_016275,0.6107428589950841
SG_016278,0.5667648852808498
SG_016282,0.5700136576916811
SG_016285,0.5080444018409523
SG_016289,0.5509348548055266
SG_016292,0.4732919177413323
SG_016297,0.4493956516331554
SG_016299,0.5080660323464655
SG_016310,0.5504854830850517
SG_016315,0.3809081040771307
SG_016316,0.5732323107213069
SG_016318,0.43023445634032803
SG_016324,0.5516932287372316
SG_016326,0.5219001257724772
SG_016327,0.5181677066815802
SG_016330,0.20389027538245003
SG_016331,0.5975566513624478
SG_016332,0.43310188331261573
SG_016333,0.48857371050635495
SG_016334,0.49040518434753627
SG_016337,0.3549366363867652
SG_016341,0.5616604429991611
SG_016343,0.38332317585591663
SG_016345,0.5202162861073166
SG_016346,0.49151802113325843
SG_016349,0.5077839031601331
SG_016351,0.5525702385032824
SG_016352,0.3854240479873014
SG_016354,0.4261071517511978
SG_016363,0.5039674898570526
SG_016372,0.5610734612524451
SG_016375,0.4006221060912486
SG_016382,0.47766374403424444
SG_016384,0.4183251695884919
SG_016386,0.40449315023489263
SG_016389,0.4823485707419875
SG_016392,0.5465649132802821
SG_016393,0.5131442312661956
SG_016394,0.6108498442384265
SG_016401,0.44675105636275264
SG_016402,0.45478076735816336
SG_016405,0.5459414777466459
SG_016414,0.47597943572635054
SG_016421,0.45251425175316345
SG_016424,0.5176322135451821
SG_016425,0.48650845414702404
SG_016429,0.3499133293475678
SG_016431,0.5556374663835842
SG_016432,0.5513449838184523
SG_016435,0.5367431385247747
SG_016436,0.5676591433809444
SG_016443,0.40221007454135577
SG_016445,0.4871266336534843
SG_016450,0.4967509615967948
SG_016452,0.45068285530788477
SG_016456,0.5475827079141953
SG_016462,0.43241850364971507
SG_016463,0.4775092127914767
SG_016474,0.49709079073516627
SG_016482,0.4539524626257215
SG_016488,0.5014153593446364
SG_016502,0.5008009541243773
SG_016503,0.5551192748951249
SG_016507,0.5207989678691116
SG_016508,0.5608000076398459
SG_016511,0.36642244430781096
SG_016512,0.589364456461053
SG_016517,0.5032843922743341
SG_016518,0.574529381831979
SG_016520,0.4459020514293508
SG_016522,0.485606993759855
SG_016524,0.595803726828622
SG_016526,0.5886960286813469
SG_016528,0.4596367843650465
SG_016529,0.5178157025896957
SG_016532,0.5408881958208371
SG_016535,0.4184692238880092
SG_016537,0.49699893033362175
SG_016539,0.4900350430185313
SG_016542,0.4304200868312722
SG_016545,0.48651803478634115
SG_016547,0.4499664503386394
SG_016548,0.4341058485812871
SG_016554,0.526961001111009
SG_016562,0.4578044591135837
SG_016563,0.5158275311097316
SG_016566,0.5089722633139497
SG_016567,0.5005466440014997
SG_016580,0.3936877776804055
SG_016581,0.42412262503692005
SG_016585,0.472589283611759
SG_016600,0.4849946045729311
SG_016603,0.5401582883122872
SG_016604,0.5721155515395476
SG_016606,0.5545768597475857
SG_016609,0.5267546331915753
SG_016612,0.5197794532827025
SG_016613,0.48329735461333767
SG_016614,0.458501933748929
SG_016623,0.5245298284460052
SG_016625,0.4841447196726635
SG_016632,0.572017178369837
SG_016634,0.4740956530026294
SG_016637,0.5070933944400277
SG_016641,0.515402402692964
SG_016646,0.4512144923783842
SG_016647,0.382271491804939
SG_016660,0.40915613403467255
SG_016662,0.5141179823614486
SG_016670,0.5151690249736876
SG_016671,0.4135274217012784
SG_016673,0.43409725033019975
SG_016675,0.4830425557388299
SG_016685,0.5314892378281365
SG_016689,0.5573388321322637
SG_016690,0.5502791206792803
SG_016691,0.35518779333647593
SG_016692,0.5385845100283049
SG_016696,0.564402479762129
SG_016698,0.5036221494236427
SG_016699,0.5548866808156883
SG_016703,0.4414683684256453
SG_016704,0.5472485167568895
SG_016705,0.45902130186260315
SG_016708,0.5020981955866154
SG_016710,0.45348513253774886
SG_016711,0.4819683782912256
SG_016714,0.5036524946713284
SG_016716,0.47891659496593814
SG_016719,0.47236194784451163
SG_016720,0.5193476137047464
SG_016721,0.477150603001825
SG_016723,0.33929801779517305
SG_016732,0.5702678735802306
SG_016733,0.48203709316492477
SG_016736,0.3747059748787803
SG_016737,0.4607330816346083
SG_016738,0.5989301660670701
SG_016741,0.5601288973417797
SG_016745,0.47124314803412204
SG_016746,0.45715231976313103
SG_016752,0.49862383463402915
SG_016754,0.593692198922156
SG_016758,0.3984590018094272
SG_016763,0.6460472788851678
SG_016765,0.43849771123212766
SG_016769,0.38044142785032486
SG_016776,0.506839004006354
SG_016778,0.5448613190513854
SG_016779,0.5493952345617447
SG_016780,0.5406943591837959
SG_016783,0.6139446957673539
SG_016785,0.47818231027708913
SG_016786,0.5178165829496065
SG_016792,0.5324315466311602
SG_016793,0.36959953358852693
SG_016794,0.44692345253788995
SG_016805,0.45176233693101014
SG_016807,0.46684957625870865
SG_016810,0.48278193809361036
SG_016813,0.41754014678172213
SG_016818,0.4350722133628707
SG_016819,0.4041109613552296
SG_016823,0.5800239924668193
SG_016827,0.5483710325941765
SG_016828,0.41952041060920164
SG_016832,0.5660717063974304
SG_016834,0.5424550919814383
SG_016837,0.5752560329757517
SG_016840,0.4198200728332613
SG_016843,0.5811242689849742
SG_016847,0.4671830096685877
SG_016849,0.389039913518644
SG_016851,0.4624602850719807
SG_016857,0.4502412724885517
SG_016858,0.6203588506010153
SG_016859,0.4398317760333238
SG_016861,0.5124120613068233
SG_016863,0.4795908018621287
SG_016874,0.621982682504571
SG_016877,0.5122604324793284
SG_016881,0.5522167102200944
SG_016885,0.5026874841881821
SG_016887,0.5364867405113369
SG_016888,0.482268603020648
SG_016891,0.4378252150179892
SG_016893,0.40045202740826624
SG_016895,0.6134675124811644
SG_016900,0.45943281250259194
SG_016902,0.520016203359858
SG_016904,0.48102110756737493
SG_016909,0.5345854568016137
SG_016911,0.5690590076911104
SG_016924,0.36989039777973526
SG_016925,0.46715110093195505
SG_016928,0.513013793027981
SG_016937,0.4166070986232111
SG_016939,0.5890257013722893
SG_016941,0.5333227018102812
SG_016944,0.48979520116944036
SG_016946,0.5008981455444561
SG_016951,0.49038404977800704
SG_016961,0.5642989745272923
SG_016963,0.530335171444541
SG_016967,0.5584613427276243
SG_016968,0.5511409307441366
SG_016971,0.47129242830886964
SG_016973,0.5206614888996458
SG_016974,0.4440297814466958
SG_016975,0.4781853444767305
SG_016976,0.4536952438999793
SG_016986,0.4569545397709471
SG_016989,0.510175827913205
SG_016990,0.5529814808806508
SG_017003,0.5327052533514005
SG_017005,0.6048068780037011
SG_017006,0.4856328702798816
SG_017016,0.5073042334663668
SG_017018,0.47335839198800433
SG_017021,0.40045609594051884
SG_017026,0.4258969536798288
SG_017028,0.5180379595633987
SG_017040,0.47912061615695617
SG_017043,0.4485596958341085
SG_017044,0.5804457923609175
SG_017046,0.5909322248646405
SG_017048,0.4572290513041649
SG_017049,0.5038978738033767
SG_017050,0.3148880848440241
SG_017055,0.5468066386618567
SG_017056,0.4161097740514106
SG_017062,0.43131064753141635
SG_017067,0.6150604947503818
SG_017070,0.4538037256013026
SG_017071,0.5604575485686375
SG_017076,0.49536288736532186
SG_017077,0.5435789778508353
SG_017079,0.432159385716887
SG_017080,0.45210501230831407
SG_017085,0.5033530496706564
SG_017098,0.5398109703324179
SG_017103,0.4859112896466653
SG_017110,0.6063727412797656
SG_017111,0.5437219325087936
SG_017114,0.3746388129017709
SG_017116,0.5381624871611141
SG_017123,0.44103063174804885
SG_017124,0.5121479012702007
SG_017126,0.5464416873904505
SG_017127,0.43345635793143183
SG_017130,0.48058638312658924
SG_017139,0.46351169118040564
SG_017144,0.4817813943888476
SG_017145,0.5982013418349398
SG_017146,0.5369783701279967
SG_017154,0.5378003005421075
SG_017158,0.42224551995329235
SG_017170,0.5236071798631754
SG_017171,0.5403594825816993
SG_017172,0.35172971573512296
SG_017182,0.38207550722881517
SG_017187,0.437046532723551
SG_017190,0.5235079356589118
SG_017192,0.42622593470786274
SG_017193,0.5736616320707811
SG_017195,0.5030135099551788
SG_017202,0.47871253884361137
SG_017206,0.5062946365508264
SG_017208,0.5305646507322178
SG_017213,0.5216145222421859
SG_017218,0.47029113650618787
SG_017220,0.45342669877497865
SG_017223,0.5112931239114747
SG_017224,0.5852867366682462
SG_017225,0.5353891167840653
SG_017227,0.44566734220427195
SG_017228,0.521902176233674
SG_017230,0.5724070995191403
SG_017232,0.4992651149106133
SG_017235,0.5378285306324703
SG_017239,0.5312391276638911
SG_017241,0.5907981249873457
SG_017245,0.3943698443514528
SG_017250,0.5495287324781345
SG_017254,0.49372017711674854
SG_017255,0.42297065507193604
SG_017266,0.47019049491061093
SG_017269,0.4342368013908296
SG_017272,0.4302126787567123
SG_017276,0.5333922947787172
SG_017279,0.5212078369311491
SG_017281,0.38399231963792907
SG_017287,0.5954082515259349
SG_017288,0.43129437520257574
SG_017292,0.34500065624035575
SG_017294,0.509379949399056
SG_017296,0.4951267169164691
SG_017303,0.5386626886005326
SG_017304,0.4188117625198193
SG_017309,0.5732616840700402
SG_017311,0.40690180962804745
SG_017316,0.3721255510562095
SG_017317,0.6077719665330661
SG_017318,0.5463125120319202
SG_017323,0.5056774321320386
SG_017328,0.4667579215009388
SG_017338,0.4737757716274737
SG_017339,0.6028738023179333
SG_017347,0.5269956535193121
SG_017348,0.40874694714341087
SG_017349,0.37569164319141524
SG_017350,0.34569239040718747
SG_017354,0.44292487362489386
SG_017358,0.5907721661523704
SG_017360,0.339093000544555
SG_017361,0.46296749565045636
SG_017364,0.5764553241307255
SG_017368,0.44286018946626343
SG_017373,0.5070710516387915
SG_017376,0.5084757988241367
SG_017383,0.44630317268904723
SG_017385,0.42442560395433926
SG_017391,0.5000742303173346
SG_017399,0.589506235852726
SG_017402,0.31181390828365263
SG_017405,0.47010711616232315
SG_017406,0.5415869988206226
SG_017416,0.45925474299248137
SG_017419,0.41611363112884603
SG_017421,0.4968051433134251
SG_017423,0.5269370292788633
SG_017425,0.5252768301072813
SG_017428,0.45511547445612777
SG_017431,0.36095919847726426
SG_017432,0.5309125110725815
SG_017438,0.5514439880488675
SG_017439,0.41502304039605464
SG_017445,0.45578359902885807
SG_017448,0.44357847552254703
SG_017452,0.5273016650393405
SG_017454,0.503070471216075
SG_017457,0.46613499607941716
SG_017458,0.575044216778569
SG_017464,0.4630485488949292
SG_017465,0.30965876816684246
SG_017466,0.5274474543291063
SG_017467,0.5096827937576995
SG_017475,0.4695193112323179
SG_017479,0.5358694556657606
SG_017480,0.3719261963610221
SG_017481,0.577635590889174
SG_017482,0.4485565151084712
SG_017484,0.44015209551370177
SG_017486,0.5072949378900277
SG_017501,0.5471965613391432
SG_017504,0.49011926655007687
SG_017507,0.5263606252583624
SG_017509,0.47292949371610465
SG_017513,0.41686255625424845
SG_017514,0.5774270473715095
SG_017516,0.47523735009472917
SG_017518,0.41712471608072943
SG_017521,0.5007502234779914
SG_017526,0.4868063171263673
SG_017529,0.46739324821739353
SG_017532,0.5336965789635201
SG_017535,0.45951572916939504
SG_017537,0.5533461252261045
SG_017538,0.41746398208650126
SG_017542,0.4781660626063418
SG_017545,0.6194547389829768
SG_017549,0.5147340235572635
SG_017557,0.43671890399813745
SG_017559,0.4848841566932555
SG_017560,0.46048912931129116
SG_017562,0.4971806522462413
SG_017563,0.5440156522702747
SG_017565,0.4403938144685584
SG_017572,0.42564347517465073
SG_017575,0.5337580945993066
SG_017577,0.510523140910411
SG_017578,0.5268054600598979
SG_017579,0.49223914616009884
SG_017580,0.4095797475718193
SG_017581,0.4811897209790696
SG_017589,0.5078309580062504
SG_017590,0.44496133714965824
SG_017594,0.4917871197895672
SG_017597,0.4669037259219703
SG_017604,0.5261159183827345
SG_017605,0.5089146927923874
SG_017606,0.509198125393939
SG_017607,0.5626991103107154
SG_017611,0.5308731875794224
SG_017615,0.38303392926659824
SG_017616,0.39562988519392744
SG_017617,0.5355376579519929
SG_017621,0.5103292261795902
SG_017622,0.49498600070977505
SG_017629,0.46654075387214344
SG_017630,0.3944459958537661
SG_017634,0.5353428549999348
SG_017639,0.5190150832122077
SG_017642,0.48426453905907424
SG_017646,0.5934722568733009
SG_017657,0.5969599165658113
SG_017658,0.5608827637885674
SG_017667,0.46723808615675383
SG_017673,0.5017189352513473
SG_017674,0.5276540392249196
SG_017677,0.5080097750467504
SG_017679,0.42626763881580126
SG_017683,0.42124313149296305
SG_017687,0.4379396836828531
SG_017689,0.5325691057825358
SG_017691,0.5404844155936813
SG_017693,0.5241795371571834
SG_017696,0.5150623520035925
SG_017697,0.4838116083110242
SG_017702,0.37750366478559894
SG_017703,0.4847810275982737
SG_017709,0.45400862730430824
SG_017714,0.5178378274206041
SG_017715,0.5788811667552983
SG_017718,0.4926044669917869
SG_017719,0.5043066664454319
SG_017728,0.5835237204677883
SG_017729,0.4710615858666952
SG_017739,0.5047465598193893
SG_017743,0.47587401694629355
SG_017745,0.349949092280567
SG_017746,0.3850499660085961
SG_017749,0.5107846068241402
SG_017750,0.5103356094116192
SG_017754,0.47456952656753526
SG_017757,0.5096957851466428
SG_017760,0.5671421926985738
SG_017774,0.503682489458587
SG_017775,0.36698644840414074
SG_017776,0.4862294736515616
SG_017777,0.4748019624327785
SG_017778,0.525633681567858
SG_017781,0.4364170808346681
SG_017782,0.5425048214420986
SG_017789,0.6337247157904579
SG_017795,0.4506786603722361
SG_017798,0.6131264009769888
SG_017811,0.5224031690943312
SG_017817,0.43733277892837796
SG_017819,0.5229504902353408
SG_017822,0.5138817358779553
SG_017827,0.4574325678592427
SG_017830,0.580477847850498
SG_017832,0.4842091740031981
SG_017834,0.47484121427629045
SG_017838,0.4879546069172974
SG_017840,0.573868591157003
SG_017847,0.47988715206791704
SG_017851,0.540735257314641
SG_017855,0.5514950578596121
SG_017862,0.33128705543589493
SG_017865,0.46337987851220863
SG_017866,0.5357062610976185
SG_017867,0.40475999889124137
SG_017878,0.46617126798927727
SG_017879,0.5232172231444575
SG_017880,0.4061407448019598
SG_017881,0.43549484834999874
SG_017882,0.48079935760596926
SG_017886,0.4290759682840928
SG_017888,0.4814204966311992
SG_017889,0.5132141984302175
SG_017895,0.5248943857950277
SG_017900,0.519321150757903
SG_017902,0.5377844191382328
SG_017907,0.5466411366954026
SG_017909,0.48088728258705604
SG_017910,0.4239381929393228
SG_017913,0.48528255260388675
SG_017914,0.5105222148399668
SG_017917,0.591411979330552
SG_017918,0.5535033146625571
SG_017919,0.4319030507968915
SG_017920,0.42692941958949093
SG_017936,0.5476654410460767
SG_017938,0.4881305812789994
SG_017945,0.5316165863995193
SG_017947,0.49470758957735406
SG_017949,0.3476719316501133
SG_017956,0.597013088645113
SG_017958,0.46795109234724713
SG_017960,0.5033522402948737
SG_017965,0.4134041025909256
SG_017971,0.5457643363417983
SG_017973,0.5684285114341149
SG_017978,0.5167938261691339
SG_017981,0.41362932454352935
SG_017985,0.5453564678725467
SG_017987,0.6254373754911032
SG_017991,0.5146174338762225
SG_017992,0.5756979661595208
SG_018002,0.4640623736292738
SG_018003,0.5337668666189386
SG_018005,0.4321770404325198
SG_018014,0.4884471709168556
SG_018015,0.47002364928105567
SG_018016,0.4672593560804054
SG_018017,0.5528214998578941
SG_018024,0.3979549369308737
SG_018028,0.48617903568927795
SG_018032,0.4793268614114913
SG_018033,0.5221560499835871
SG_018037,0.5126903709355864
SG_018040,0.5052031904048031
SG_018042,0.32867605552539936
SG_018046,0.40309797276016207
SG_018050,0.5415217904880353
SG_018055,0.5377491023427863
SG_018056,0.5220239116239067
SG_018061,0.4624700304653796
SG_018063,0.5138870975339576
SG_018064,0.49903094455888575
SG_018067,0.5346178781312556
SG_018072,0.5341844799357559
SG_018073,0.5143099342898002
SG_018074,0.5197248226635094
SG_018076,0.5310008387716124
SG_018080,0.5297664374269908
SG_018084,0.5925393727404568
SG_018088,0.5448692366705954
SG_018090,0.47846040734477785
SG_018092,0.556787591900498
SG_018094,0.4797327508745694
SG_018096,0.5156530047470046
SG_018100,0.5669903128103722
SG_018109,0.5371562462469712
SG_018111,0.395817520575364
SG_018120,0.4896810238559864
SG_018124,0.5906265571561481
SG_018125,0.554525451459305
SG_018130,0.41545496722120207
SG_018132,0.497228679506027
SG_018134,0.48026485227956345
SG_018140,0.4891072202154304
SG_018144,0.3889949272220334
SG_018146,0.5646791308198261
SG_018150,0.4944181486321092
SG_018154,0.5708093631054828
SG_018155,0.48811933933990115
SG_018160,0.3861164942550473
SG_018165,0.4052406530545808
SG_018166,0.41735316368310216
SG_018170,0.5117537156124174
SG_018174,0.5727620194310574
SG_018175,0.5572632569478387
SG_018178,0.47409240139138
SG_018181,0.5064625229433206
SG_018186,0.4332051775020683
SG_018188,0.49726431474948607
SG_018195,0.5112676596806651
SG_018198,0.4939311221561312
SG_018201,0.43486917311940826
SG_018206,0.5076892626942535
SG_018208,0.4370412753272428
SG_018214,0.5947523007855625
SG_018215,0.5764862948907786
SG_018216,0.5638628807139358
SG_018221,0.5902941229356652
SG_018224,0.44709324459108735
SG_018228,0.5405516635683856
SG_018229,0.41608061312253786
SG_018238,0.3771029314904854
SG_018241,0.544932911214093
SG_018246,0.48254927334531567
SG_018247,0.475269642907758
SG_018252,0.5176733999406087
SG_018253,0.3423670677775782
SG_018259,0.6143729748391246
SG_018261,0.3995618613681787
SG_018263,0.5969088398627002
SG_018266,0.5066814614904286
SG_018269,0.48118591247907344
SG_018270,0.5277201061117103
SG_018276,0.4652475641249318
SG_018278,0.4329153376331396
SG_018281,0.4880590354189367
SG_018282,0.43703348350776516
SG_018284,0.5349583544641597
SG_018286,0.5248514815098294
SG_018287,0.524484104903262
SG_018294,0.5256012563896655
SG_018297,0.3989960416203998
SG_018303,0.5530296184514574
SG_018305,0.5348030596008745
SG_018307,0.41228328326864605
SG_018312,0.5558110309927159
SG_018316,0.5020147242669948
SG_018321,0.49621128853880886
SG_018322,0.7969458847661481
SG_018325,0.4837021475384962
SG_018327,0.3596573078524166
SG_018330,0.46111302582404934
SG_018334,0.489157658104192
SG_018336,0.5312655306834667
SG_018338,0.5592168257945354
SG_018341,0.48598319621107816
SG_018342,0.4638459401118453
SG_018347,0.4790734303945156
SG_018348,0.5299984291244036
SG_018351,0.4784858136078607
SG_018360,0.5684142876077136
SG_018361,0.5346202547210351
SG_018364,0.5278588278560791
SG_018366,0.44793971137354227
SG_018368,0.5164807794047157
SG_018372,0.5723165608311807
SG_018379,0.48033064024425737
SG_018381,0.4767704609559606
SG_018386,0.40733495948247506
SG_018387,0.613906759414247
SG_018388,0.5808625910142146
SG_018394,0.5056073026138184
SG_018407,0.39378320313177095
SG_018410,0.46732535582209134
SG_018411,0.45470849566503846
SG_018417,0.5492088515083664
SG_018418,0.43241941310355464
SG_018420,0.5089305408024053
SG_018422,0.47145752588466994
SG_018424,0.5775920940354141
SG_018426,0.5206180138302292
SG_018427,0.5887206681505942
SG_018430,0.5345013205470466
SG_018433,0.46340613831535327
SG_018434,0.48293467739221657
SG_018436,0.5576877465275772
SG_018441,0.495266678150031
SG_018442,0.46308383113086393
SG_018445,0.42376095847444495
SG_018448,0.5616618059653667
SG_018452,0.3811657002656899
SG_018455,0.5855004295257241
SG_018458,0.549736458780234
SG_018462,0.4692186899804488
SG_018468,0.5154446047725295
SG_018469,0.5219137155950079
SG_018470,0.4968615317857708
SG_018471,0.48990924149806053
SG_018472,0.5683646396362588
SG_018474,0.4360835854718592
SG_018476,0.584772368269485
SG_018481,0.5381732438985685
SG_018485,0.47185299596609254
SG_018487,0.5388350272267114
SG_018490,0.33964545828720577
SG_018491,0.46369636881304876
SG_018493,0.5532639152993493
SG_018494,0.48840047316213864
SG_018497,0.49886885711160567
SG_018501,0.5650862352089379
SG_018503,0.2701823439915731
SG_018505,0.4535230344105194
SG_018506,0.5402472590130682
SG_018510,0.4368109410721539
SG_018511,0.5000536861656311
SG_018514,0.5128109697042135
SG_018519,0.540794020616345
SG_018520,0.4571575617350955
SG_018524,0.5022539305593364
SG_018525,0.4340540014185119
SG_018526,0.5363158847035528
SG_018529,0.5630999619529524
SG_018531,0.5366033471203661
SG_018534,0.47823818346620756
SG_018536,0.36128906493586127
SG_018537,0.4711586878403581
SG_018543,0.5328390982601742
SG_018544,0.45745310115568183
SG_018547,0.40072570488019404
SG_018548,0.42151895965277786
SG_018549,0.5555134264620931
SG_018553,0.4674898176602225
SG_018555,0.5027570551689081
SG_018558,0.5175861257958382
SG_018566,0.5064355362772791
SG_018568,0.5154872882294343
SG_018569,0.3956711567758251
SG_018573,0.5285203150386671
SG_018576,0.4589654479450838
SG_018579,0.376768673243019
SG_018587,0.508809265059537
SG_018591,0.5024614089947947
SG_018594,0.5664741207956219
SG_018601,0.5580044145994351
SG_018603,0.5581377674568399
SG_018608,0.49852598284946176
SG_018611,0.5672517052139343
SG_018612,0.5588327945799954
SG_018615,0.44985772094203946
SG_018617,0.5778481183525038
SG_018621,0.4287312001866332
SG_018623,0.5597748023370286
SG_018624,0.591590843128112
SG_018631,0.3846070674854888
SG_018636,0.49985414156446706
SG_018637,0.43679660866281755
SG_018639,0.5346387522866769
SG_018644,0.44929828646788034
SG_018645,0.49851940837163206
SG_018647,0.4854961399501222
SG_018650,0.6153964836927533
SG_018651,0.46706536871932763
SG_018662,0.4476694920083632
SG_018663,0.4892603094999906
SG_018664,0.516181591655217
SG_018665,0.5316172660130765
SG_018670,0.5396714148316725
SG_018676,0.3911923543266132
SG_018677,0.43667503887323245
SG_018678,0.5072065635699744
SG_018680,0.5055430182416076
SG_018685,0.4697466557968495
SG_018686,0.46726560977312137
SG_018687,0.5201771997421945
SG_018688,0.4172310014807936
SG_018689,0.5174084330417293
SG_018693,0.5118564089086578
SG_018694,0.5520329169106121
SG_018697,0.5086049992211201
SG_018703,0.45221509021360945
SG_018705,0.5075439561238487
SG_018709,0.3963082077818195
SG_018710,0.6047092079815748
SG_018711,0.5178931831726167
SG_018717,0.55012575596865
SG_018721,0.47670896384371736
SG_018722,0.5026278367654236
SG_018731,0.5016146279389223
SG_018733,0.5915290530297286
SG_018738,0.42187294717050344
SG_018744,0.49102884983547923
SG_018745,0.5269147052807003
SG_018748,0.4252866096974101
SG_018756,0.5977467551979094
SG_018758,0.43831099581271477
SG_018761,0.46725582988175807
SG_018765,0.39913295306355817
SG_018766,0.5844732823122997
SG_018767,0.4507638244030027
SG_018768,0.48797247313272213
SG_018770,0.4288139027658484
SG_018779,0.412568239095261
SG_018787,0.49537932137964685
SG_018788,0.5450148835498912
SG_018789,0.4493134820284498
SG_018791,0.47323477579965034
SG_018792,0.5935245504194775
SG_018793,0.46820769232777015
SG_018798,0.5527790566852497
SG_018799,0.49946622068035484
SG_018800,0.5255835855627241
SG_018803,0.4607997068485736
SG_018806,0.5611590083823913
SG_018809,0.40953112947660264
SG_018811,0.522726558718274
SG_018817,0.44389309279009925
SG_018818,0.42625209303422845
SG_018821,0.3814146360863415
SG_018822,0.5304036180744637
SG_018823,0.48222119602322866
SG_018826,0.5831356299793191
SG_018831,0.3828097851081876
SG_018834,0.4598126165075817
SG_018837,0.5092022151723674
SG_018838,0.6146105661678533
SG_018842,0.42553625456698885
SG_018843,0.4965450759047657
SG_018847,0.4661389394243631
SG_018850,0.5524195921384046
SG_018852,0.5831477571468527
SG_018853,0.3616561416538474
SG_018859,0.587198480781283
SG_018861,0.6061748818580035
SG_018875,0.422875193151539
SG_018883,0.4965668738203128
SG_018885,0.38806340629440905
SG_018889,0.45981652307773246
SG_018890,0.39902731296034055
SG_018894,0.5425809529825721
SG_018895,0.5068398205261284
SG_018899,0.5774497429179347
SG_018901,0.49718822704024773
SG_018902,0.48962586501115896
SG_018904,0.5459607823548407
SG_018905,0.5925327341834108
SG_018906,0.4836404484611493
SG_018907,0.5825415428016245
SG_018908,0.5560131020407016
SG_018915,0.49052719225797303
SG_018918,0.4276847415254656
SG_018920,0.5161579358939618
SG_018924,0.46426048299275174
SG_018928,0.5863435493639073
SG_018940,0.5837164070612031
SG_018941,0.5075833147129156
SG_018942,0.4892428362746688
SG_018965,0.5682309193281815
SG_018966,0.5423040507883435
SG_018968,0.44585788421412403
SG_018970,0.49621735367487474
SG_018972,0.5034003762667058
SG_018978,0.6201166058858284
SG_018981,0.38019819959618484
SG_018984,0.34042488079431843
SG_018990,0.5268294594949867
SG_019006,0.4709592193519022
SG_019012,0.5636364064256876
SG_019014,0.4619690048026864
SG_019015,0.6105932302302158
SG_019016,0.5784284989119818
SG_019018,0.5613424032640495
SG_019019,0.5416465613826881
SG_019023,0.5655433923664513
SG_019028,0.4750068834007646
SG_019030,0.5221988859919258
SG_019036,0.5382399725626511
SG_019038,0.5597679501834837
SG_019039,0.5388679738004888
SG_019041,0.7344233441239258
SG_019042,0.5333532473004874
SG_019044,0.6215684963819158
SG_019051,0.465572564191889
SG_019053,0.5114184525033973
SG_019054,0.5058916497582491
SG_019058,0.5353662942165653
SG_019069,0.4723397184450349
SG_019071,0.4635818862632707
SG_019082,0.36734663309166743
SG_019083,0.5368292721130324
SG_019084,0.4355239758353297
SG_019087,0.4387067186069597
SG_019092,0.39357839287055874
SG_019098,0.483705305562607
SG_019102,0.5737139922969666
SG_019105,0.617453576270869
SG_019106,0.5386635642713092
SG_019109,0.4581861364000187
SG_019115,0.5648617847653434
SG_019117,0.5912384952562862
SG_019119,0.4408866036571691
SG_019120,0.48848898290434994
SG_019131,0.4701020405181295
SG_019142,0.501410540323417
SG_019146,0.5072273042842078
SG_019147,0.5471119969032805
SG_019149,0.37927395814673004
SG_019150,0.493242172890733
SG_019162,0.48951215214398547
SG_019167,0.569131238451598
SG_019169,0.49021734487848645
SG_019171,0.3287529743907225
SG_019176,0.47814115953567593
SG_019184,0.5125400662914514
SG_019187,0.49006027416104936
SG_019190,0.4092445674965979
SG_019197,0.38076861167892845
SG_019198,0.45957467737072905
SG_019201,0.40081962837450036
SG_019203,0.509042200920506
SG_019204,0.567058288505616
SG_019208,0.5719218857539978
SG_019209,0.29466154830651725
SG_019211,0.4723413285318799
SG_019212,0.4594423045273459
SG_019217,0.49524006945633925
SG_019221,0.42322682706820364
SG_019222,0.4834956770972323
SG_019223,0.5013395003259927
SG_019225,0.4154275136273858
SG_019237,0.5326983586938333
SG_019244,0.48683249177003257
SG_019245,0.6203556990194384
SG_019246,0.5066640204751086
SG_019247,0.4466125858630921
SG_019248,0.46497991969458985
SG_019249,0.47909677153104696
SG_019251,0.4482588098559806
SG_019253,0.53647655243656
SG_019254,0.4546676797523062
SG_019255,0.5337799104911088
SG_019259,0.3841978723237938
SG_019265,0.5734187241099289
SG_019266,0.4944203342253016
SG_019267,0.5026849332148572
SG_019270,0.41097562556604583
SG_019271,0.4781702719896783
SG_019272,0.5661030256888713
SG_019273,0.41611520463665813
SG_019274,0.46992416089964717
SG_019275,0.43659702547776974
SG_019276,0.3430781450053478
SG_019282,0.48922733828805476
SG_019286,0.4823692483687263
SG_019289,0.5265664691488326
SG_019295,0.5478967134924114
SG_019296,0.5713966893116472
SG_019298,0.32972375433025014
SG_019300,0.4612671226802114
SG_019302,0.5111136727388493
SG_019311,0.5076570431352622
SG_019314,0.5791300951842754
SG_019315,0.41860510063466677
SG_019316,0.5225949030225212
SG_019321,0.3918843208219285
SG_019325,0.5426424329422762
SG_019326,0.579173695807482
SG_019328,0.5586365255529122
SG_019330,0.463040223329893
SG_019333,0.45944691848822566
SG_019336,0.5248092908572826
SG_019339,0.5053438204963178
SG_019346,0.4280283748512821
SG_019352,0.4639408659252822
SG_019358,0.5880640736285889
SG_019362,0.6802840608612515
SG_019368,0.474640310643352
SG_019371,0.4581558644881412
SG_019373,0.6222304149198198
SG_019374,0.4518956435479809
SG_019375,0.5713437127390334
SG_019376,0.5058522667250006
SG_019386,0.523359286247441
SG_019388,0.48596896269242507
SG_019394,0.52204373352955
SG_019398,0.4895214444159656
SG_019408,0.4026469045675455
SG_019411,0.3590241245757386
SG_019419,0.5780532202126736
SG_019421,0.4967345702536498
SG_019425,0.4999379692750447
SG_019427,0.5275279064544921
SG_019428,0.5467970898925162
SG_019431,0.4613934803404434
SG_019432,0.5240729741469333
SG_019433,0.5293544410914385
SG_019436,0.508869520803159
SG_019437,0.6429806464845225
SG_019440,0.41559209433757693
SG_019442,0.5565254258185204
SG_019446,0.5191049722460634
SG_019447,0.4399248575735208
SG_019449,0.37925977030939173
SG_019452,0.3227109070594874
SG_019455,0.4924927832873311
SG_019456,0.44442992723231234
SG_019458,0.4791412347112961
SG_019466,0.5092408570537507
SG_019468,0.5735268341955124
SG_019470,0.42664297535928425
SG_019471,0.5600116719048106
SG_019473,0.42409670848110825
SG_019478,0.5288974654118684
SG_019485,0.5777410829078296
SG_019488,0.3183549931638395
SG_019489,0.48552237788837743
SG_019491,0.5290527230001607
SG_019496,0.5181896039014113
SG_019498,0.5371708947858113
SG_019510,0.5266527920434108
SG_019516,0.4793339891657649
SG_019519,0.5259894159907446
SG_019523,0.5112033658987394
SG_019527,0.5161378593860034
SG_019530,0.4298148923702818
SG_019532,0.38964253189883563
SG_019534,0.3439424043664763
SG_019540,0.5148292812064732
SG_019541,0.5179320914630857
SG_019543,0.4909454093794369
SG_019553,0.47113013170596346
SG_019558,0.4629481498385811
SG_019562,0.471482481295025
SG_019563,0.5234802693691053
SG_019564,0.5532294929087872
SG_019567,0.557223396684182
SG_019570,0.5726195293639003
SG_019577,0.4606546351455875
SG_019583,0.5483880684402362
SG_019585,0.4864829587484862
SG_019587,0.5116441202518508
SG_019588,0.45133425656159376
SG_019591,0.40317872121999726
SG_019593,0.5192830265853573
SG_019598,0.45822563241443615
SG_019599,0.5148682535033398
SG_019602,0.5254897294197097
SG_019609,0.6124014911651173
SG_019620,0.5866569260363622
SG_019621,0.43549485338621924
SG_019624,0.4714632858421288
SG_019625,0.59624026061447
SG_019627,0.4264157132681892
SG_019635,0.4304513400452732
SG_019638,0.44788373136150217
SG_019639,0.4360312895511737
SG_019642,0.5419312762707849
SG_019645,0.49068325577812055
SG_019647,0.590272719740182
SG_019648,0.4097347367836587
SG_019650,0.42893186813663653
SG_019652,0.4668410469472427
SG_019654,0.5475231515241715
SG_019657,0.470723923464196
SG_019660,0.42383593018224797
SG_019661,0.4720167754647902
SG_019662,0.5499817447587685
SG_019665,0.5134014865947967
SG_019666,0.474751600090449
SG_019667,0.5021377051145022
SG_019676,0.4822420573075364
SG_019679,0.5293006813598066
SG_019680,0.6348859268382864
SG_019683,0.5836093625243256
SG_019689,0.4522994788922354
SG_019690,0.5558833593375426
SG_019691,0.4860805180260855
SG_019695,0.42758374357049556
SG_019698,0.47332158579039885
SG_019710,0.445752933511901
SG_019711,0.5111563179397688
SG_019716,0.4323157846907061
SG_019724,0.4506515533799459
SG_019727,0.5627754679505012
SG_019728,0.5656664070802233
SG_019729,0.46333678186902105
SG_019733,0.5835075250148617
SG_019738,0.49150478170032963
SG_019740,0.4725107512583645
SG_019746,0.5039288505070023
SG_019747,0.4781150088947504
SG_019750,0.45708919049307273
SG_019755,0.5250419406473634
SG_019756,0.5048364888851046
SG_019761,0.5186668291364062
SG_019764,0.515739085527796
SG_019766,0.4820531876394772
SG_019767,0.4373878522039248
SG_019769,0.5345513256441055
SG_019779,0.2746958715030001
SG_019782,0.3903841803231808
SG_019783,0.4746607180197631
SG_019784,0.4563153319341049
SG_019791,0.49341810167749606
SG_019792,0.44471902452843853
SG_019793,0.6349542918758301
SG_019797,0.42413914977510936
SG_019800,0.48668933247353585
SG_019801,0.5068429207585112
SG_019802,0.47226840558832295
SG_019804,0.4283248832287182
SG_019807,0.5252591594371783
SG_019809,0.6214555972092078
SG_019811,0.45701597722584236
SG_019812,0.3988821245180797
SG_019819,0.4028072417425385
SG_019828,0.5499107361414018
SG_019830,0.42770102574813396
SG_019832,0.5762897877897895
SG_019835,0.5524673554159404
SG_019838,0.4320534094448578
SG_019839,0.5617783978538066
SG_019842,0.5368141183998134
SG_019846,0.5407302629156351
SG_019849,0.4197757220172153
SG_019851,0.5962367930057749
SG_019852,0.5510602346462818
SG_019853,0.5283550496464486
SG_019854,0.5169233055687734
SG_019857,0.50762772876319
SG_019858,0.5891759340422057
SG_019859,0.5786655999124023
SG_019864,0.5079680495897724
SG_019865,0.45405410054221496
SG_019868,0.5894277812761186
SG_019869,0.5190765381125496
SG_019873,0.5031265105692798
SG_019878,0.45645726549111304
SG_019883,0.5165461797802269
SG_019887,0.42417894571319
SG_019888,0.3958698402023548
SG_019895,0.46364687660491116
SG_019900,0.4606371501003203
SG_019903,0.4308753823077757
SG_019906,0.5957388818743885
SG_019909,0.573210313678965
SG_019910,0.4467980147436399
SG_019913,0.5798315055991543
SG_019914,0.503635319123835
SG_019921,0.46837550064962324
SG_019923,0.4862989663762309
SG_019928,0.5995575261299015
SG_019930,0.5456580398293076
SG_019933,0.4670721355042446
SG_019939,0.42733997828196524
SG_019941,0.5053122178066285
SG_019944,0.47314408174271566
SG_019945,0.5725550601603703
SG_019947,0.4359598314360887
SG_019949,0.5736795285151669
SG_019950,0.6275986562432031
SG_019954,0.551643124529535
SG_019955,0.4486423239240311
SG_019960,0.508663851843656
SG_019961,0.6050900611643966
SG_019966,0.5014154346869628
SG_019968,0.4921578986700618
SG_019970,0.5998516269653767
SG_019973,0.4348591618556883
SG_019974,0.6074861702761264
SG_019976,0.525240096141715
SG_019978,0.4918093828284286
SG_019980,0.43710591704371854
SG_019981,0.47320482218279486
SG_019983,0.5052412400170594
SG_019984,0.5358049269309515
SG_019985,0.5548254824535953
SG_019989,0.4656151105963445
SG_019994,0.4594667658534438
SG_019998,0.4203593877550746
SG_019999,0.6457471309885532
SG_020000,0.38804714253072375
